coll_num	title	label	kind	download_url
1	Rimworld: Mech Hive	In-game mod-manager list	file	https://drive.google.com/uc?export=download&id=1ZowXt2BYFfIQtfbtuWeie4fAmDYxjnbz
2	Rimworld: Warlock	In-game mod-manager list	file	https://drive.google.com/uc?export=download&id=1HTnCdw5O9IA1Fua-uMrqdu80ufOg-ki8
2	Rimworld: Warlock	Configs	file	https://drive.google.com/uc?export=download&id=1Mhp1dUIxroZovmT_y2T7gB9US5VjF-sO
3	Rimworld: Gravtasm — Character-driven Gravship Stories	In-game mod-manager list	file	https://drive.google.com/uc?export=download&id=1Jum6kr0t2yHWhN-iOB6XjhAb3oryvu_e
3	Rimworld: Gravtasm — Character-driven Gravship Stories	Configs	file	https://drive.google.com/uc?export=download&id=1WuILur24lAqmLJRnDkpE68P0uOTj55hu
4	Rimworld: Backrooms	In-game mod-manager list	file	https://drive.google.com/uc?export=download&id=1fHtvFF5GTgLo6XX_wWrgb2g78-7hBtI-
4	Rimworld: Backrooms	Configs	file	https://drive.google.com/uc?export=download&id=1lRoQ5dcxt5S4QqL5P5_OTsU_jEyrPPOF
5	Rimworld: Steampunk 2.0 — Elder Scrolls Dwemer	In-game mod-manager list	file	https://drive.google.com/uc?export=download&id=1vfps4dt_FW28OOV4muLxobTwsYq5BNIA
5	Rimworld: Steampunk 2.0 — Elder Scrolls Dwemer	Configs	file	https://drive.google.com/uc?export=download&id=1Pjsrww58EdUCWsBaoYIbseqIR6iI9Mbk
6	Rimworld: League of Villains	In-game mod-manager list	file	https://drive.google.com/uc?export=download&id=1Yj7MP_WXq_q4I2D5eEZ6tWLYnfmz6Ejg
6	Rimworld: League of Villains	Configs	file	https://drive.google.com/uc?export=download&id=10UktH3-zZI1lEf_qNh06LHvnUb4PD1mz
7	Rimworld: Degeneration	In-game mod-manager list	file	https://drive.google.com/uc?export=download&id=1uN0u2vfjndemGMd-pwtJKy510THF-2sV
7	Rimworld: Degeneration	Configs	file	https://drive.google.com/uc?export=download&id=1Vw38Zj-qIzC4-hkHNZqkhZuDG0mxe9v_
9	Rimworld: Lone Wanderer	In-game mod-manager list	file	https://drive.google.com/uc?export=download&id=1TDM2X0pTiOXpfy9CQEHTM-_0pILAlEkM
9	Rimworld: Lone Wanderer	Configs	file	https://drive.google.com/uc?export=download&id=1Gz6uTPD8_nPgpCBxdiDvHjOED-9j8lbq
10	Rimworld: Nature’s Wrath	In-game mod-manager list	file	https://drive.google.com/uc?export=download&id=1H2eKXqsDl_KiVtBIZBcK6S-wMtPH6zaB
10	Rimworld: Nature’s Wrath	Configs	file	https://drive.google.com/uc?export=download&id=13PqJGJbY15qtQKPbTMzsidSm4qXeUcuq
11	Rimworld: 1.6 Adventure Fantasy	In-game mod-manager list	file	https://drive.google.com/uc?export=download&id=1MRjjTv65yoFr_UaNaqF_pZJewvAb4g-w
11	Rimworld: 1.6 Adventure Fantasy	Configs	file	https://drive.google.com/uc?export=download&id=1Lt6OGb1Ztv0hU2vfW9OQJBQvYEXk2RO-
12	Rimworld: Mafia City	In-game mod-manager list	file	https://drive.google.com/uc?export=download&id=1YK1TGcHEK-YUsyigJRJ5UbjYAUry1rOv
12	Rimworld: Mafia City	Configs	file	https://drive.google.com/uc?export=download&id=1cTfnQgC3j_uMBSik1HFdtSRTeuB0QmKf
13	Deep Space Rim: Odyssey Kitchen Sink Pack	Configs	file	https://drive.google.com/uc?export=download&id=1LL0sHZlLvOBkU770q_oTazFXe5y-JT4K
14	Rimworld: Extreme Warfare	Configs	file	https://drive.google.com/uc?export=download&id=1NWezNwbRyvvLlx9ueKQ90HhhCqlSO7lj
15	Rimworld: Golden Gods	Configs	file	https://drive.google.com/uc?export=download&id=1vNltccbv-oGj-I98XSYQ6k9oNZc-sEE6
16	Rimworld: Imposter	Configs	file	https://drive.google.com/uc?export=download&id=1hdr6er6uTo6q1zUti1nUIKG4VqzefjX0
17	Rimworld: Catharsis II	RimPy load order	file	https://drive.google.com/uc?export=download&id=1nCU0zHEHf3GvYwK1719gLjH2CLX8vqWI
17	Rimworld: Catharsis II	Configs	file	https://drive.google.com/uc?export=download&id=1NlNgHFfqtZK1uiKslp8Ydzg1IDGyIRo-
18	Rimworld: Generations 2	Configs	file	https://drive.google.com/uc?export=download&id=1L1QCHL1zrJQxoBPT4KAPaj3sEFJ2216Y
19	Rimworld: Grey Goo!	RimPy load order	file	https://drive.google.com/uc?export=download&id=1VZ2oSjYYrSHhKDkvIVdP6JGDElVhjdvw
19	Rimworld: Grey Goo!	Configs	file	https://drive.google.com/uc?export=download&id=1S8IEYiQhg4TdTb-YB5aWzD63iW2o9Q0z
20	Rimworld: Thirst	Configs	file	https://drive.google.com/uc?export=download&id=1kQIRhB_bRErP4CteEc2KyX68lZXgMnQx
21	Rimworld: Evolution	RimPy load order	file	https://drive.google.com/uc?export=download&id=160tgddpZlkbfdlpI3HfIShYiCyCxNAMh
21	Rimworld: Evolution	Base-game load order	file	https://drive.google.com/uc?export=download&id=12H6t_eywsxUEe6LozstCXKQJRVkl4wlZ
21	Rimworld: Evolution	Configs	file	https://drive.google.com/uc?export=download&id=17gI0ZOoSYEx2vPllCQOUtU1w4NOrI0az
22	Rimworld: Mystery Co.	RimPy load order	file	https://drive.google.com/uc?export=download&id=1VReGPIhXKCSFhfxV2GnnmU9iKRHV-3Pk
22	Rimworld: Mystery Co.	Base-game load order	file	https://drive.google.com/uc?export=download&id=1YxeR7RRX1ptgS4uekWbc_06IHc0FIkw2
22	Rimworld: Mystery Co.	Configs	file	https://drive.google.com/uc?export=download&id=1vgxw4GiQf-ZFSAKnUHIkRNn1VLvfYcdl
23	Rimworld: Twilight	RimPy load order	file	https://drive.google.com/uc?export=download&id=1sU-T2i5eQTx836oJO-Dtt26s7gqeTtiu
23	Rimworld: Twilight	Base-game load order	file	https://drive.google.com/uc?export=download&id=1jaulbrtiQ-ZiBuXvRkTz_m5ZEEGcNR-S
23	Rimworld: Twilight	Configs	file	https://drive.google.com/uc?export=download&id=14M5dIN-ddxUkXlCFcnvCI5OhIHg3jAvb
24	Rimworld: Bounty Hunter	RimPy load order	file	https://drive.google.com/uc?export=download&id=1TwlvE5APoyAYZOOwhOx3xPeTNVa0O4n0
24	Rimworld: Bounty Hunter	Base-game load order	file	https://drive.google.com/uc?export=download&id=1eeRjSDQhsgYxa7rPW5-HWOFexzWERl1O
24	Rimworld: Bounty Hunter	Configs	file	https://drive.google.com/uc?export=download&id=1XbPZdhxA_uKPwJB5fBuR4jzkVQKPEN7z
25	Rimworld: Institute	Configs	file	https://drive.google.com/uc?export=download&id=1ogdzjLDgUQrO103-Im4uy4gc_i9gaiWX
26	1.6 Foundation Pack	RimPy load order	file	https://drive.google.com/uc?export=download&id=1pEfAbjfb-nI9ekHjc5HsZ01LC6723XMg
26	1.6 Foundation Pack	Base-game load order	file	https://drive.google.com/uc?export=download&id=1_uNNUER3nOXsHiIc7IP0zYRbnPTteRQF
27	Rimworld: Gymbro	RimPy load order	file	https://drive.google.com/uc?export=download&id=1T1SNcE7ujKefTKpRgPStMA2iObEqWg13
27	Rimworld: Gymbro	Base-game load order	file	https://drive.google.com/uc?export=download&id=1yWgfkYa6g_CuFotJzhmepPM7r7_r_FmF
27	Rimworld: Gymbro	Configs	file	https://drive.google.com/uc?export=download&id=1EKJmoAdRSdvLXP5mScJMJ6ANdw1siK0m
28	Rimworld: Wizard Tales — Magic vs. Tech	Configs	file	https://drive.google.com/uc?export=download&id=1GG3d99UCT8zUYDwkMhKiJeOeqpTi-pd0
29	Bare Essentials Pack	RimPy load order	file	https://drive.google.com/uc?export=download&id=1Y_sbpKI3bGEfFocxKWzVyIxk2d6lWR4Y
29	Bare Essentials Pack	Base-game load order	file	https://drive.google.com/uc?export=download&id=1QIKa0iRtvmWfy-uTuBjEvl4ZDDGhlFyK
30	Rimworld: Pirate Wars	Configs	file	https://drive.google.com/uc?export=download&id=1ogc7pmvjI5a_HOCmVLWVm0F1iDhUMV-Z
31	Rimworld: War on Christmas	RimPy load order	file	https://drive.google.com/uc?export=download&id=1UcEF9mtimwDAZuoOFDV7-LSiLwf_1KDd
31	Rimworld: War on Christmas	Base-game load order	file	https://drive.google.com/uc?export=download&id=1bfjp4TCJ_jRTPE3XyX7Y_2-0rgnGZkIB
31	Rimworld: War on Christmas	Configs	file	https://drive.google.com/uc?export=download&id=1Ob4pmQY1F_faqpYYLzCBfd8uzDN4URov
31	Rimworld: War on Christmas	Xenotypes	file	https://drive.google.com/uc?export=download&id=1-t3olczyWj1U_nmFT-EAO9PrbmsZ_J3M
