biome,defName,label,mod,band,bodySize,commonality,belong,standout,defence,status,reason,promoted
Desert,GR_Squirralope,squirralope,Vanilla Genetics Expanded,tiny,0.20000000298023224,1.0,0.9611,0.0389,0.405,dormant,wildlife,0
Desert,GR_Chickenlope,chickenlope,Vanilla Genetics Expanded,tiny,0.18000000715255737,1.0,0.9075,0.0925,0.405,dormant,wildlife,0
Desert,GR_Needlechicken,needlechicken,Vanilla Genetics Expanded,tiny,0.25,1.0,0.8987,0.1013,0.456,dormant,wildlife,0
Desert,GR_Catalope,catalope,Vanilla Genetics Expanded,tiny,0.2549999952316284,1.0,0.8823,0.1177,0.556,dormant,wildlife,0
Desert,BMT_Stoneback,stoneback,Biomes! Caverns,small,0.4000000059604645,0.7,0.9697,0.0303,0.56,dormant,wildlife,0
Desert,GR_Turkeyman,turkeyman,Vanilla Genetics Expanded,small,0.6000000238418579,0.7,0.9574,0.0426,0.565,dormant,wildlife,0
Desert,SWPotF_RaceDef_ysalamir,ysalamir,Star Wars KotOR Resources and Materials,small,0.4000000059604645,0.7,0.9247,0.0753,0.56,dormant,wildlife,0
Desert,GR_Boomachicken,boomachicken,Vanilla Genetics Expanded,small,0.75,0.7,0.9159,0.0841,0.419,dormant,wildlife,0
Desert,BMT_Jellypot,jellypot,Biomes! Caverns,small,0.6499999761581421,0.7,0.9022,0.0978,0.676,dormant,wildlife,0
Desert,AA_BumbledroneQueen,bumbledrone queen,Alpha Animals,small,0.7900000214576721,0.7,0.9021,0.0979,0.42,dormant,wildlife,0
Desert,BMT_ColonyPustuleHornet,pustule hornet,Biomes! Polluted Lands,small,0.3199999928474426,0.7,0.8937,0.1063,0.608,dormant,wildlife,0
Desert,BMT_PustuleHornet,pustule hornet,Biomes! Polluted Lands,small,0.3199999928474426,0.7,0.8937,0.1063,0.608,dormant,wildlife,0
Desert,BMT_Diggerpede,diggerpede,Biomes! Caverns,med,1.5,0.4,0.9856,0.0144,0.687,dormant,wildlife,0
Desert,VQEA_Splicetoot,splicetoot,Vanilla Quests Expanded - Ancients,med,0.800000011920929,0.4,0.9678,0.0322,0.52,dormant,wildlife,0
Desert,GR_Boomcat,boomcat,Vanilla Genetics Expanded,med,1.5,0.4,0.9371,0.0629,0.438,dormant,wildlife,0
Desert,GR_Boombeetle,boombeetle,Vanilla Genetics Expanded,med,1.5,0.4,0.9323,0.0677,0.738,dormant,wildlife,0
Desert,GR_Boomwolf,boomwolf,Vanilla Genetics Expanded,med,1.5,0.4,0.9292,0.0708,0.588,dormant,wildlife,0
Desert,GR_Wolfbeaver,wolfbeaver,Vanilla Genetics Expanded,med,0.8500000238418579,0.4,0.9262,0.0738,0.421,dormant,wildlife,0
Desert,GR_Boomsquirrel,boomsquirrel,Vanilla Genetics Expanded,med,1.2999999523162842,0.4,0.9218,0.0782,0.432,dormant,wildlife,0
Desert,GR_Boomsnake,boomsnake,Vanilla Genetics Expanded,med,1.5,0.4,0.9004,0.0996,0.438,dormant,wildlife,0
Desert,BMT_CactusCrab,cactus crab,Biomes! Caverns,large,2.4000000953674316,0.18,0.9505,0.0495,0.718,dormant,wildlife,0
Desert,GR_Boomhorse,boomhorse,Vanilla Genetics Expanded,large,2,0.18,0.9221,0.0779,0.45,dormant,wildlife,0
Desert,GR_Boomffalo,boomffalo,Vanilla Genetics Expanded,large,2.25,0.18,0.9203,0.0797,0.456,dormant,wildlife,0
Desert,GR_Manwolf,manwolf,Vanilla Genetics Expanded,large,2,0.18,0.9167,0.0833,0.6,dormant,wildlife,0
Desert,GR_Boomabear,boomabear,Vanilla Genetics Expanded,large,2.5,0.18,0.9163,0.0837,0.463,dormant,wildlife,0
Desert,Andrewsarchus,andrewsarchus,Megafauna,huge,5,0.07,0.9313,0.0687,0.65,dormant,wildlife,0
Desert,Josephoartigasia,josephoartigasia,Megafauna,huge,4,0.07,0.9047,0.0953,0.5,dormant,wildlife,0
Desert,JRWBrachiosaurus,Brachiosaurus,Jurassic Rimworld - Dinosaurs Only (Continued),huge,5.75,0.07,0.9036,0.0964,0.5,dormant,wildlife,0
Desert,AA_SummitCrab,summit crab,Alpha Animals,SUPER,15,0.012,0.8839,0.1161,0.8,dormant,wildlife,0
ExtremeDesert,BMT_GoetoTadpole,goeto tadpole,Biomes! Caverns,tiny,0.10000000149011612,1.0,0.8979,0.1021,0.403,dormant,wildlife,0
ExtremeDesert,Tooke,tooke,Star Wars Animal Collection (Continued),tiny,0.10000000149011612,1.0,0.9434,0.0566,0.603,ours,wildlife,0
ExtremeDesert,HermitCrab,hermit crab,Odyssey,tiny,0.20000000298023224,1.0,0.8144,0.1856,0.688,dormant,wildlife,0
ExtremeDesert,VFEI2_Boomtick,boomtick,Vanilla Factions Expanded - Insectoids 2,tiny,0.18000000715255737,1.0,0.8124,0.1876,0.905,dormant,wildlife,0
ExtremeDesert,BMT_PustuleHornetSpawned,pustule hornet,Biomes! Polluted Lands,small,0.3199999928474426,0.7,0.8582,0.1418,0.608,dormant,wildlife,0
ExtremeDesert,BMT_Glowtail,glowtail,Biomes! Polluted Lands,small,0.3199999928474426,0.7,0.8573,0.1427,0.548,dormant,wildlife,0
ExtremeDesert,Scavrat,Scavrats,Star Wars Animal Collection (Continued),small,0.5,0.7,0.951,0.049,0.613,ours,wildlife,0
ExtremeDesert,BMT_BloodropMoth,bloodrop moth,Biomes! Caverns,small,0.7699999809265137,0.7,0.9357,0.0643,0.569,ours,wildlife,0
ExtremeDesert,Iriaz,iriaz,Star Wars Animal Collection (Continued),small,0.699999988079071,0.7,0.9309,0.0691,0.417,ours,wildlife,0
ExtremeDesert,VFEI2_Megathrips,megathrips,Vanilla Factions Expanded - Insectoids 2,small,0.3499999940395355,0.7,0.8303,0.1697,0.742,dormant,wildlife,0
ExtremeDesert,BiomesIslands_Flamingo,rose flamingo,Biomes! Core,small,0.699999988079071,0.7,0.8293,0.1707,0.567,dormant,wildlife,0
ExtremeDesert,BMT_FungalWeevil,fungal weevil,Biomes! Caverns,small,0.5,0.7,0.9255,0.0745,0.613,ours,wildlife,0
ExtremeDesert,VFEI2_Macrofly,macrofly,Vanilla Factions Expanded - Insectoids 2,med,0.800000011920929,0.4,0.8756,0.1244,0.67,dormant,wildlife,0
ExtremeDesert,BMT_ColonyPustuleHornetQueen,pustule queen,Biomes! Polluted Lands,med,1,0.4,0.865,0.135,0.625,dormant,wildlife,0
ExtremeDesert,BMT_PustuleHornetQueen,pustule queen,Biomes! Polluted Lands,med,1,0.4,0.865,0.135,0.625,dormant,wildlife,0
ExtremeDesert,VFEI2_Megawasp,megawasp,Vanilla Factions Expanded - Insectoids 2,med,1.350000023841858,0.4,0.8391,0.1609,0.704,dormant,wildlife,0
ExtremeDesert,Tiger,tiger,Odyssey,med,1.399999976158142,0.4,0.8224,0.1776,0.585,dormant,wildlife,0
ExtremeDesert,Cannok,cannok,Star Wars Animal Collection (Continued),med,0.8500000238418579,0.4,0.9158,0.0842,0.581,ours,wildlife,0
ExtremeDesert,GR_Manscarab,manscarab,Vanilla Genetics Expanded,med,1,0.4,0.8136,0.1864,0.758,dormant,wildlife,0
ExtremeDesert,VFEI2_Fuelmite,fuelmite,Vanilla Factions Expanded - Insectoids 2,med,1.350000023841858,0.4,0.8135,0.1865,0.934,dormant,wildlife,0
ExtremeDesert,GR_ParagonHumanoid,humanoid paragon,Vanilla Genetics Expanded,large,2.299999952316284,0.18,0.947,0.053,0.457,dormant,wildlife,0
ExtremeDesert,VAEWaste_Megatardi,megatardi,Vanilla Animals Expanded — Waste Animals,large,2,0.18,0.8578,0.1422,0.583,dormant,wildlife,0
ExtremeDesert,VFEI2_Acidspitter,acidspitter,Vanilla Factions Expanded - Insectoids 2,large,1.7999999523162842,0.18,0.8557,0.1443,0.742,dormant,wildlife,0
ExtremeDesert,GR_Manffalo,manffalo,Vanilla Genetics Expanded,large,2.4000000953674316,0.18,0.8453,0.1547,0.46,dormant,wildlife,0
ExtremeDesert,GR_ParagonInsectoid,insectoid paragon,Vanilla Genetics Expanded,large,2.5,0.18,0.8272,0.1728,0.829,dormant,wildlife,0
ExtremeDesert,GR_Lizardochs,lizardochs,Vanilla Genetics Expanded,huge,3,0.07,0.8838,0.1162,0.475,dormant,wildlife,0
ExtremeDesert,Falumpaset,falumpaset,Star Wars Animal Collection (Continued),huge,3,0.07,0.9629,0.0371,0.625,ours,wildlife,0
ExtremeDesert,KwazelMaw,kwazel maw,Star Wars Animal Collection (Continued),huge,4,0.07,0.9597,0.0403,0.733,ours,wildlife,0
ExtremeDesert,WarWyrm,war wyrm,Star Wars Animal Collection (Continued),SUPER,15,0.012,0.8299,0.1701,1.0,foreign,wildlife,0
AB_RockyCrags,BMT_Megakrill,megakrill,Biomes! Polluted Lands,tiny,0.20000000298023224,1.0,0.7995,0.2005,0.455,dormant,wildlife,0
AB_RockyCrags,BMT_Megaroach,megaroach,Biomes! Polluted Lands,tiny,0.20000000298023224,1.0,0.7429,0.2571,0.605,dormant,wildlife,0
AB_RockyCrags,GR_Chickenffalo,chickenffalo,Vanilla Genetics Expanded,tiny,0.20000000298023224,1.0,0.6063,0.3937,0.405,dormant,wildlife,0
AB_RockyCrags,AA_Skyeel,arcturan sky eel,Alpha Animals,tiny,0.25,1.0,0.5161,0.4839,0.473,dormant,wildlife,0
AB_RockyCrags,BMT_Megaphorid,megaphorid,Biomes! Polluted Lands,small,0.6000000238418579,0.7,0.8282,0.1718,0.615,dormant,wildlife,0
AB_RockyCrags,BMT_FamineLocust,famine locust,Biomes! Polluted Lands,small,0.3199999928474426,0.7,0.8,0.2,0.608,dormant,wildlife,0
AB_RockyCrags,AA_MegaLouse,megalouse,Alpha Animals,small,0.5,0.7,0.8809,0.1191,0.713,ours,wildlife,0
AB_RockyCrags,GR_ParagonRat,rodent paragon,Vanilla Genetics Expanded,small,0.30000001192092896,0.7,0.7621,0.2379,0.558,dormant,wildlife,0
AB_RockyCrags,Alphabeaver,alphabeaver,Core,small,0.44999998807907104,0.7,0.7038,0.2962,0.411,dormant,wildlife,0
AB_RockyCrags,AM_Dryad_Tumorous,tumorous dryad,Alpha Memes,small,0.6669999957084656,0.7,0.6591,0.3409,0.467,dormant,wildlife,0
AB_RockyCrags,BMT_FreezerFrog,freezer frog,Biomes! Caverns,small,0.75,0.7,0.6591,0.3409,0.569,dormant,wildlife,0
AB_RockyCrags,WasteRat,waste rat,Biotech,small,0.30000001192092896,0.7,0.6162,0.3838,0.558,dormant,wildlife,0
AB_RockyCrags,BMT_Screecher,screecher,Biomes! Polluted Lands,med,1,0.4,0.933,0.067,0.565,dormant,wildlife,0
AB_RockyCrags,AA_BlackSpider,blackspider,Alpha Animals,med,1.5,0.4,0.8815,0.1185,0.746,dormant,wildlife,0
AB_RockyCrags,BMT_FenridStoat,fenrid stoat,Biomes! Polluted Lands,med,1.399999976158142,0.4,0.8649,0.1351,0.575,dormant,wildlife,0
AB_RockyCrags,BMT_DarkAxolotl,dark axolotl,Biomes! Caverns,med,1,0.4,0.8102,0.1898,0.575,dormant,wildlife,0
AB_RockyCrags,GR_ParagonWolf,canine paragon,Vanilla Genetics Expanded,med,1,0.4,0.8072,0.1928,0.575,dormant,wildlife,0
AB_RockyCrags,GR_Muffalopede,muffalopede,Vanilla Genetics Expanded,med,1.5,0.4,0.7591,0.2409,0.588,dormant,wildlife,0
AB_RockyCrags,AA_Thermadon,thermadon,Alpha Animals,med,1.5,0.4,0.8586,0.1414,0.746,ours,wildlife,0
AB_RockyCrags,Visceral,visceral,Horrors (Continued),med,1.2000000476837158,0.4,0.8431,0.1569,0.672,foreign,wildlife,0
AB_RockyCrags,BMT_BarbedPangolin,barbed pangolin,Biomes! Polluted Lands,large,2,0.18,0.9568,0.0432,0.582,dormant,wildlife,0
AB_RockyCrags,GiantAnt_Race,giant ant,They! (Giant Ants),large,2,0.18,0.8239,0.1761,0.683,dormant,wildlife,0
AB_RockyCrags,AA_NightMule,nightmule,Alpha Animals,large,2.799999952316284,0.18,0.8906,0.1094,0.47,ours,wildlife,0
AB_RockyCrags,DA_ImperialRedhound,imperial redhound,Dark Ages : Beasts and Monsters,large,2.1500000953674316,0.18,0.7841,0.2159,0.604,dormant,wildlife,0
AB_RockyCrags,Muskox,muskox,Odyssey,large,2.5,0.18,0.7366,0.2634,0.463,dormant,wildlife,0
AB_RockyCrags,VFEI2_BlackQueen,black insectoid queen,Alpha Animals,huge,4,0.07,0.8932,0.1068,0.95,dormant,wildlife,0
AB_RockyCrags,VFEI2_BlackEmpress,black empress,Alpha Animals,huge,4,0.07,0.8672,0.1328,0.958,dormant,wildlife,0
AB_RockyCrags,MA_PlastemmothAlpha,Plastemmoth alpha,Mythic Ages: Megafauna Bestiary,huge,4.599999904632568,0.07,0.7959,0.2041,0.725,dormant,wildlife,0
AB_RockyCrags,AA_Behemoth,Behemoth,Alpha Animals,SUPER,8,0.012,0.82,0.18,0.867,dormant,wildlife,0
AB_MycoticJungle,AA_PhoenixOwlcat,phoenix owlcat,Alpha Animals,tiny,0.20000000298023224,1.0,0.8911,0.1089,0.555,dormant,wildlife,0
AB_MycoticJungle,TYR_Mouse,mouse,Little Critters,tiny,0.20000000298023224,1.0,0.8834,0.1166,0.555,dormant,wildlife,0
AB_MycoticJungle,GR_Rabbitchicken,rabbitchicken,Vanilla Genetics Expanded,tiny,0.10000000149011612,1.0,0.864,0.136,0.403,dormant,wildlife,0
AB_MycoticJungle,GR_Catchicken,catchicken,Vanilla Genetics Expanded,tiny,0.2549999952316284,1.0,0.8231,0.1769,0.556,dormant,wildlife,0
AB_MycoticJungle,AA_FissionMouseSecond,"fission mouse, second generation",Alpha Animals,small,0.5,0.7,0.9732,0.0268,0.413,dormant,wildlife,0
AB_MycoticJungle,AA_FissionMouseThird,"fission mouse, third generation",Alpha Animals,small,0.5,0.7,0.9732,0.0268,0.413,dormant,wildlife,0
AB_MycoticJungle,VAEWaste_Toxafox,toxafox,Vanilla Animals Expanded — Waste Animals,small,0.550000011920929,0.7,0.9511,0.0489,0.564,dormant,wildlife,0
AB_MycoticJungle,BMT_MutagenicNorphea,mutagenic norphea,Biomes! Polluted Lands,small,0.3199999928474426,0.7,0.9154,0.0846,0.458,dormant,wildlife,0
AB_MycoticJungle,AM_UnshackledDryad,unshackled dryad,Alpha Memes,small,0.6669999957084656,0.7,0.9138,0.0862,0.617,dormant,wildlife,0
AB_MycoticJungle,BMT_CarrionVulture,carrion vulture,Biomes! Polluted Lands,small,0.3199999928474426,0.7,0.8916,0.1084,0.548,dormant,wildlife,0
AB_MycoticJungle,Porcupine,porcupine,Odyssey,small,0.3499999940395355,0.7,0.8818,0.1182,0.409,dormant,wildlife,0
AB_MycoticJungle,GR_Chickenwolf,chickenwolf,Vanilla Genetics Expanded,small,0.30000001192092896,0.7,0.8756,0.1244,0.408,dormant,wildlife,0
AB_MycoticJungle,BMT_WasteHound,waste hound,Biomes! Polluted Lands,med,0.8600000143051147,0.4,0.948,0.052,0.562,dormant,wildlife,0
AB_MycoticJungle,GR_Wolfalope,wolfalope,Vanilla Genetics Expanded,med,0.8500000238418579,0.4,0.9232,0.0768,0.571,dormant,wildlife,0
AB_MycoticJungle,VAEWaste_Wastedeer,wastedeer,Vanilla Animals Expanded — Waste Animals,med,1.2000000476837158,0.4,0.921,0.079,0.43,dormant,wildlife,0
AB_MycoticJungle,VAEWaste_Wasteboar,wasteboar,Vanilla Animals Expanded — Waste Animals,med,1.2999999523162842,0.4,0.9052,0.0948,0.582,dormant,wildlife,0
AB_MycoticJungle,BMT_Snowstalker,snowstalker,Biomes! Caverns,med,1,0.4,0.8952,0.1048,0.575,dormant,wildlife,0
AB_MycoticJungle,BMT_Swarmcaller,swarmcaller,Biomes! Polluted Lands,med,1,0.4,0.8866,0.1134,0.625,dormant,wildlife,0
AB_MycoticJungle,PoisonDeer,deer,Advanced Biomes (Continued),med,0.8999999761581421,0.4,0.881,0.119,0.472,dormant,wildlife,0
AB_MycoticJungle,Ibex,ibex,Core,med,1,0.4,0.9779,0.0221,0.425,ours,wildlife,0
AB_MycoticJungle,Smilodon,smilodon,Megafauna,large,2.5,0.18,0.9643,0.0357,0.613,dormant,wildlife,0
AB_MycoticJungle,AA_Genix,genix,Alpha Animals,large,2,0.18,0.9017,0.0983,0.6,dormant,wildlife,0
AB_MycoticJungle,BMT_BeardedYak,bearded yak,Biomes! Caverns,large,2.0999999046325684,0.18,0.8968,0.1032,0.452,dormant,wildlife,0
AB_MycoticJungle,Grazer,grazer,Star Wars Animal Collection (Continued),large,2.75,0.18,0.885,0.115,0.489,dormant,wildlife,0
AB_MycoticJungle,GR_ParagonMuffalo,muffalo paragon,Vanilla Genetics Expanded,large,2.5,0.18,0.8802,0.1198,0.463,dormant,wildlife,0
AB_MycoticJungle,ShortfacedBear,Short-faced bear,Megafauna,huge,4.5,0.07,0.9253,0.0747,0.65,dormant,wildlife,0
AB_MycoticJungle,HiveQueen,hive queen,Odyssey,huge,4.5,0.07,0.8945,0.1055,0.782,dormant,wildlife,0
AB_MycoticJungle,GR_Thrumbalope,thrumbalope,Vanilla Genetics Expanded,huge,4,0.07,0.8876,0.1124,0.633,dormant,wildlife,0
AB_MycoticJungle,AA_Gallatross,gallatross,Alpha Animals,SUPER,6,0.012,0.8791,0.1209,0.5,dormant,wildlife,0
Wasteland,Bullfrog,bullfrog,Odyssey,tiny,0.20000000298023224,1.0,0.9598,0.0402,0.505,foreign,wildlife,0
Wasteland,BMT_SandLeaper,sand leaper,Biomes! Caverns,tiny,0.20000000298023224,1.0,0.8588,0.1412,0.455,dormant,wildlife,0
Wasteland,Sparrow,sparrow,Odyssey,tiny,0.11999999731779099,1.0,0.8443,0.1557,0.403,dormant,wildlife,0
Wasteland,Cobra,cobra,Core,tiny,0.25,1.0,0.8379,0.1621,0.556,dormant,wildlife,0
Wasteland,Tortoise,tortoise,Core,small,0.5,0.7,0.9398,0.0602,0.704,dormant,wildlife,0
Wasteland,GR_Beetlefleet,beetlefleet,Vanilla Genetics Expanded,small,0.30000001192092896,0.7,0.938,0.062,0.558,dormant,wildlife,0
Wasteland,GR_Doedicoon,doedicoon,Vanilla Genetics Expanded,small,0.30000001192092896,0.7,0.9352,0.0648,0.691,dormant,wildlife,0
Wasteland,YorkshireTerrier,yorkshire terrier,Core,small,0.3199999928474426,0.7,0.9204,0.0796,0.558,dormant,wildlife,0
Wasteland,BMT_CrestedDragon,crested dragon,Biomes! Caverns,small,0.699999988079071,0.7,0.9153,0.0847,0.567,dormant,wildlife,0
Wasteland,GR_ParagonIguana,reptile paragon,Vanilla Genetics Expanded,small,0.4000000059604645,0.7,0.8958,0.1042,0.56,dormant,wildlife,0
Wasteland,Gazelle,gazelle,Core,small,0.699999988079071,0.7,0.8923,0.1077,0.417,dormant,wildlife,0
Wasteland,GR_Chickenlizard,chickenlizard,Vanilla Genetics Expanded,small,0.30000001192092896,0.7,0.8836,0.1164,0.408,dormant,wildlife,0
Wasteland,VAEWaste_Toxiguana,toxiguana,Vanilla Animals Expanded — Waste Animals,med,1.399999976158142,0.4,0.9457,0.0543,0.585,dormant,wildlife,0
Wasteland,JRWYurlunggur,yurlunggur,Jurassic Rimworld - Dinosaurs Only (Continued),med,1.5,0.4,0.9327,0.0673,0.588,dormant,wildlife,0
Wasteland,GR_WoolyWolf,wooly Wolf,Vanilla Genetics Expanded,med,1.5,0.4,0.932,0.068,0.588,dormant,wildlife,0
Wasteland,GR_Spidercat,spidercat,Vanilla Genetics Expanded,med,0.8500000238418579,0.4,0.9306,0.0694,0.705,dormant,wildlife,0
Wasteland,AlligatorMan,alligator man,Beasts of the Rim (Continued),med,1,0.4,0.9216,0.0784,0.575,dormant,wildlife,0
Wasteland,GR_Wolfscarab,wolfscarab,Vanilla Genetics Expanded,med,0.8500000238418579,0.4,0.9201,0.0799,0.755,dormant,wildlife,0
Wasteland,GR_Snakecat,snakecat,Vanilla Genetics Expanded,med,1.5,0.4,0.9053,0.0947,0.588,dormant,wildlife,0
Wasteland,GR_Lizardman,lizardman,Vanilla Genetics Expanded,med,1.5,0.4,0.8996,0.1004,0.588,dormant,wildlife,0
Wasteland,GR_Thrumbocat,thrumbocat,Vanilla Genetics Expanded,large,2,0.18,0.9307,0.0693,0.75,dormant,wildlife,0
Wasteland,GR_Spiderhorse,spiderhorse,Vanilla Genetics Expanded,large,2.4000000953674316,0.18,0.9193,0.0807,0.827,dormant,wildlife,0
Wasteland,Walrus,walrus,Odyssey,large,2,0.18,0.9186,0.0814,0.6,dormant,wildlife,0
Wasteland,Moose,moose,Odyssey,large,2.5,0.18,0.9126,0.0874,0.463,dormant,wildlife,0
Wasteland,VAEWaste_Toxscorpion,toxscorpion,Vanilla Animals Expanded — Waste Animals,large,2.5,0.18,0.9124,0.0876,0.829,dormant,wildlife,0
Wasteland,Daeodon,daeodon,Megafauna,huge,3,0.07,0.9557,0.0443,0.625,dormant,wildlife,0
Wasteland,JRWStegosaurus,Stegosaurus,Jurassic Rimworld - Dinosaurs Only (Continued),huge,5,0.07,0.9495,0.0505,0.5,dormant,wildlife,0
Wasteland,WoollyMammoth,woolly mammoth,Megafauna,huge,5,0.07,0.9406,0.0594,0.5,dormant,wildlife,0
Wasteland,Gigantophis,gigantophis,Megafauna,SUPER,11,0.012,0.8849,0.1151,0.65,dormant,wildlife,0
HorrorWastes,GR_Spidersnake,spidersnake,Vanilla Genetics Expanded,tiny,0.25,1.0,0.7936,0.2064,0.69,dormant,wildlife,0
HorrorWastes,Neebray,neebray,Star Wars Animal Collection (Continued),tiny,0.20000000298023224,1.0,0.8075,0.1925,0.605,ours,wildlife,0
HorrorWastes,GraniteSlug,granite slug,Star Wars Animal Collection (Continued),tiny,0.20000000298023224,1.0,0.7987,0.2013,0.605,ours,wildlife,0
HorrorWastes,IronScruff_Jellybird,jellybird,Primordial Geysers,tiny,0.20000000298023224,1.0,0.5124,0.4876,0.555,dormant,wildlife,0
HorrorWastes,AA_DevilSheep,devil sheep,Alpha Animals,small,0.5,0.7,0.8045,0.1955,0.413,dormant,wildlife,0
HorrorWastes,Mynock,mynock,Star Wars Animal Collection (Continued),small,0.5,0.7,0.8616,0.1384,0.613,ours,wildlife,0
HorrorWastes,AA_AuroraSylph,Aurora sylph,Alpha Animals,small,0.5,0.7,0.8513,0.1487,0.413,ours,wildlife,0
HorrorWastes,AA_GreenGoo,green goo,Alpha Animals,small,0.5,0.7,0.8299,0.1701,0.413,ours,wildlife,0
HorrorWastes,AA_BedBug,bedbug,Alpha Animals,small,0.5,0.7,0.7251,0.2749,0.646,ours,wildlife,0
HorrorWastes,IronScruff_Flatworm,flatworm hound,Primordial Geysers,small,0.75,0.7,0.528,0.472,0.569,dormant,wildlife,0
HorrorWastes,AA_RedGoo,red goo,Alpha Animals,small,0.5,0.7,0.5913,0.4087,0.413,ours,wildlife,0
HorrorWastes,AA_Frostmite,frostmite,Alpha Animals,small,0.5,0.7,0.5397,0.4603,0.613,ours,wildlife,0
HorrorWastes,AA_FungalHusk,fungal husk,Alpha Animals,med,1,0.4,0.9248,0.0752,0.575,dormant,wildlife,0
HorrorWastes,Metalhorror,metalhorror,Anomaly,med,1,0.4,0.6991,0.3009,0.392,dormant,anomaly,0
HorrorWastes,GR_Muffalorat,muffalorat,Vanilla Genetics Expanded,med,1,0.4,0.7843,0.2157,0.425,dormant,wildlife,0
HorrorWastes,GR_Wolfsnake,wolfsnake,Vanilla Genetics Expanded,med,1,0.4,0.7749,0.2251,0.575,dormant,wildlife,0
HorrorWastes,VQE_IceCrawler,ice crawler,Vanilla Quests Expanded - Cryptoforge,med,0.800000011920929,0.4,0.68,0.32,0.68,dormant,wildlife,0
HorrorWastes,VQE_Megamidge,megamidge,Vanilla Quests Expanded - Cryptoforge,med,1.2000000476837158,0.4,0.6681,0.3319,0.705,dormant,wildlife,0
HorrorWastes,Krykna,krykna,Star Wars Animal Collection (Continued),med,0.800000011920929,0.4,0.7455,0.2545,0.703,ours,wildlife,0
HorrorWastes,IronScruff_Hydrazoa,hydrazoa,Primordial Geysers,med,1,0.4,0.6342,0.3658,0.575,dormant,wildlife,0
HorrorWastes,Palaeeudyptes,palaeeudyptes,Megafauna,large,2.799999952316284,0.18,0.8668,0.1332,0.62,dormant,wildlife,0
HorrorWastes,GR_Crocorse,crocorse,Vanilla Genetics Expanded,large,2.75,0.18,0.8303,0.1697,0.469,dormant,wildlife,0
HorrorWastes,GR_ParagonBear,ursine paragon,Vanilla Genetics Expanded,large,2.950000047683716,0.18,0.8132,0.1868,0.624,dormant,wildlife,0
HorrorWastes,GR_Muffalocat,muffalocat,Vanilla Genetics Expanded,large,1.850000023841858,0.18,0.808,0.192,0.446,dormant,wildlife,0
HorrorWastes,AA_FrostLynx,frost lynx,Alpha Animals,large,2,0.18,0.7712,0.2288,0.6,dormant,wildlife,0
HorrorWastes,GR_Elasmobearium,elasmobearium,Vanilla Genetics Expanded,huge,4,0.07,0.8284,0.1716,0.65,dormant,wildlife,0
HorrorWastes,BMT_HungeringHydra,hungering hydra,Biomes! Caverns,huge,5.5,0.07,0.8233,0.1767,0.817,dormant,wildlife,0
HorrorWastes,GR_Thrumbolizard,thrumbolizard,Vanilla Genetics Expanded,huge,3.5,0.07,0.8163,0.1837,0.654,dormant,wildlife,0
HorrorWastes,AA_EngorgedTentacularAberration,engorged tentacular aberration,Alpha Animals,SUPER,6,0.012,0.7309,0.2691,0.65,dormant,wildlife,0
AridShrubland,GR_Fleshling,fleshling,Vanilla Genetics Expanded,tiny,0.20000000298023224,1.0,0.8505,0.1495,0.405,dormant,wildlife,0
AridShrubland,PrairieDog,prairie dog,Odyssey,tiny,0.20000000298023224,1.0,0.8206,0.1794,0.405,dormant,wildlife,0
AridShrubland,GR_Catman,catman,Vanilla Genetics Expanded,tiny,0.2549999952316284,1.0,0.8069,0.1931,0.556,dormant,wildlife,0
AridShrubland,Leaftail,leaf-tail,Star Wars Animal Collection (Continued),tiny,0.20000000298023224,1.0,0.9041,0.0959,0.555,ours,wildlife,0
AridShrubland,SeaTurtle,sea turtle,Odyssey,small,0.5,0.7,0.9181,0.0819,0.704,dormant,wildlife,0
AridShrubland,BMT_ImperialToad,imperial toad,Biomes! Caverns,small,0.30000001192092896,0.7,0.8852,0.1148,0.558,dormant,wildlife,0
AridShrubland,Fox_Fennec,fennec fox,Core,small,0.550000011920929,0.7,0.9831,0.0169,0.564,ours,wildlife,0
AridShrubland,GR_Mansquirrel,mansquirrel,Vanilla Genetics Expanded,small,0.30000001192092896,0.7,0.84,0.16,0.408,dormant,wildlife,0
AridShrubland,Urusai,urusai,Star Wars Animal Collection (Continued),small,0.75,0.7,0.921,0.079,0.619,ours,wildlife,0
AridShrubland,BMT_FungalFerret,fungal ferret,Biomes! Caverns,small,0.5,0.7,0.9097,0.0903,0.562,ours,wildlife,0
AridShrubland,MonitorLizard,monitor lizard,Odyssey,small,0.6000000238418579,0.7,0.8074,0.1926,0.605,dormant,wildlife,0
AridShrubland,Ollopom,ollopom,Star Wars Animal Collection (Continued),small,0.6000000238418579,0.7,0.9041,0.0959,0.415,foreign,wildlife,0
AridShrubland,JRWCyclosphaeroma,Cyclosphaeroma,Jurassic Rimworld - Dinosaurs Only (Continued),med,1.5,0.4,0.8968,0.1032,0.588,dormant,wildlife,0
AridShrubland,BMT_SandPillar,sandpillar,Biomes! Caverns,med,0.800000011920929,0.4,0.8957,0.1043,0.42,dormant,wildlife,0
AridShrubland,GR_Bearchicken,bearchicken,Vanilla Genetics Expanded,med,0.8100000023841858,0.4,0.8684,0.1316,0.42,dormant,wildlife,0
AridShrubland,GR_Booman,booman,Vanilla Genetics Expanded,med,1.25,0.4,0.8586,0.1414,0.431,dormant,wildlife,0
AridShrubland,GR_Mancat,mancat,Vanilla Genetics Expanded,med,1.5,0.4,0.85,0.15,0.588,dormant,wildlife,0
AridShrubland,BMT_TruffleMole,truffle mole,Biomes! Caverns,med,0.8999999761581421,0.4,0.9462,0.0538,0.572,ours,wildlife,0
AridShrubland,GR_Bearalope,bearalope,Vanilla Genetics Expanded,med,1.5,0.4,0.846,0.154,0.588,dormant,wildlife,0
AridShrubland,Megavole,megavole,Odyssey,med,0.800000011920929,0.4,0.9424,0.0576,0.57,foreign,wildlife,0
AridShrubland,Castoroides,castoroides,Megafauna,large,1.75,0.18,0.9164,0.0836,0.444,dormant,wildlife,0
AridShrubland,MA_Direhorse,direhorse,Mythic Ages: Megafauna Bestiary,large,2.200000047683716,0.18,0.8985,0.1015,0.455,dormant,wildlife,0
AridShrubland,GR_Cathorse,cathorse,Vanilla Genetics Expanded,large,2,0.18,0.8706,0.1294,0.6,dormant,wildlife,0
AridShrubland,MA_Harpeagle,harpeagle,Mythic Ages: Megafauna Bestiary,large,2.5,0.18,0.8692,0.1308,0.613,dormant,wildlife,0
AridShrubland,BMT_Sacapillar,sacapillar,Biomes! Polluted Lands,large,2.4000000953674316,0.18,0.8606,0.1394,0.51,dormant,wildlife,0
AridShrubland,JRWTorosaurus,Torosaurus,Jurassic Rimworld - Dinosaurs Only (Continued),huge,5,0.07,0.9168,0.0832,0.5,dormant,wildlife,0
AridShrubland,Quinkana,quinkana,Megafauna,huge,3.5,0.07,0.8895,0.1105,0.637,dormant,wildlife,0
AridShrubland,Diprotodon,diprotodon,Megafauna,huge,4.199999809265137,0.07,0.8758,0.1242,0.5,dormant,wildlife,0
AridShrubland,Titanoboa,titanoboa,Megafauna,SUPER,12,0.012,0.8241,0.1759,0.65,dormant,wildlife,0
PoisonForest,BMT_BrownBat,brown bat,Biomes! Caverns,tiny,0.25,1.0,0.8793,0.1207,0.556,dormant,wildlife,0
PoisonForest,PoisonButterfly,butterfly,Advanced Biomes (Continued),tiny,0.20000000298023224,1.0,0.9496,0.0504,0.605,ours,wildlife,0
PoisonForest,VFEI2_BlackSwarmling,black swarmlings,Alpha Animals,tiny,0.20000000298023224,1.0,0.8403,0.1597,0.605,dormant,wildlife,0
PoisonForest,SW_Electrictick,Electrictick,Insectoids 2 - Isopoda geneline,tiny,0.25,1.0,0.8345,0.1655,0.906,dormant,wildlife,0
PoisonForest,BMT_BloodletterPetrel,bloodletter petrel,Biomes! Polluted Lands,small,0.3199999928474426,0.7,0.8712,0.1288,0.548,dormant,wildlife,0
PoisonForest,DA_ForestOwlcat,forest owlcat,Dark Ages : Beasts and Monsters,small,0.3799999952316284,0.7,0.8497,0.1503,0.559,dormant,wildlife,0
PoisonForest,GR_Catwolf,catwolf,Vanilla Genetics Expanded,small,0.4000000059604645,0.7,0.8369,0.1631,0.56,dormant,wildlife,0
PoisonForest,GR_Catrabbit,catrabbit,Vanilla Genetics Expanded,small,0.30000001192092896,0.7,0.8331,0.1669,0.558,dormant,wildlife,0
PoisonForest,AA_BlackScarab,black scarab,Alpha Animals,small,0.30000001192092896,0.7,0.8284,0.1716,0.791,dormant,wildlife,0
PoisonForest,Otter,otter,Odyssey,small,0.4000000059604645,0.7,0.8206,0.1794,0.56,dormant,wildlife,0
PoisonForest,BMT_ToxSheep,tox-wool sheep,Biomes! Polluted Lands,small,0.75,0.7,0.8065,0.1935,0.409,dormant,wildlife,0
PoisonForest,GR_Chickenbear,chickenbear,Vanilla Genetics Expanded,small,0.30000001192092896,0.7,0.7832,0.2168,0.408,dormant,wildlife,0
PoisonForest,BMT_CaveLemming,cave lemming,Biomes! Caverns,med,1,0.4,0.8655,0.1345,0.425,dormant,wildlife,0
PoisonForest,BMT_Maligoat,maligoat,Biomes! Polluted Lands,med,1,0.4,0.8598,0.1402,0.415,dormant,wildlife,0
PoisonForest,GR_Molebear,molebear,Vanilla Genetics Expanded,med,1,0.4,0.8315,0.1685,0.575,dormant,wildlife,0
PoisonForest,GR_Wolfbear,wolfbear,Vanilla Genetics Expanded,med,1,0.4,0.8314,0.1686,0.575,dormant,wildlife,0
PoisonForest,GR_Beaverwolf,beaverwolf,Vanilla Genetics Expanded,med,0.8999999761581421,0.4,0.831,0.169,0.572,dormant,wildlife,0
PoisonForest,BMT_MucklurkerCatfish,mucklurker catfish,Biomes! Polluted Lands,med,0.8500000238418579,0.4,0.8237,0.1763,0.561,dormant,wildlife,0
PoisonForest,GR_Wolffalo,wolffalo,Vanilla Genetics Expanded,med,1.5,0.4,0.823,0.177,0.438,dormant,wildlife,0
PoisonForest,AA_BlackSpelopede,black spelopede,Alpha Animals,med,1,0.4,0.8225,0.1775,0.725,dormant,wildlife,0
PoisonForest,MA_Raptorkhan,raptorkhan,Mythic Ages: Megafauna Bestiary,large,2.0999999046325684,0.18,0.9877,0.0123,0.602,ours,wildlife,0
PoisonForest,GR_Rabbitcat,rabbitcat,Vanilla Genetics Expanded,large,2.5,0.18,0.8588,0.1412,0.613,dormant,wildlife,0
PoisonForest,MA_Simbakub,Simbakub,Mythic Ages: Megafauna Bestiary,large,1.7000000476837158,0.18,0.8507,0.1493,0.676,dormant,wildlife,0
PoisonForest,BMT_Molebear,Molebear,Biomes! Caverns,large,2.1500000953674316,0.18,0.8461,0.1539,0.604,dormant,wildlife,0
PoisonForest,SW_Grenadierworm,Grenadierworm,Insectoids 2 - Isopoda geneline,large,2.5,0.18,0.8323,0.1677,0.963,dormant,wildlife,0
PoisonForest,BMT_MaceDrake,mace drake,Biomes! Caverns,huge,3.5,0.07,0.8829,0.1171,0.704,dormant,wildlife,0
PoisonForest,RG_WoollyStegosaurus,woolly stegosaurus,ReGrowth 2,huge,4,0.07,0.8783,0.1217,0.557,dormant,wildlife,0
PoisonForest,Aurochs,aurochs,Megafauna,huge,3,0.07,0.8534,0.1466,0.475,dormant,wildlife,0
PoisonForest,Purussaurus,purussaurus,Megafauna,SUPER,10,0.012,0.8725,0.1275,0.65,dormant,wildlife,0
AB_PropaneLakes,IronScruff_Jellybird,jellybird,Primordial Geysers,tiny,0.20000000298023224,1.0,0.8309,0.1691,0.555,dormant,wildlife,0
AB_PropaneLakes,AA_Skyeel,arcturan sky eel,Alpha Animals,tiny,0.25,1.0,0.545,0.455,0.473,dormant,wildlife,0
AB_PropaneLakes,GR_Spidersnake,spidersnake,Vanilla Genetics Expanded,tiny,0.25,1.0,0.2623,0.7377,0.69,dormant,wildlife,0
AB_PropaneLakes,BMT_Megaroach,megaroach,Biomes! Polluted Lands,tiny,0.20000000298023224,1.0,0.3378,0.6622,0.605,dormant,wildlife,0
AB_PropaneLakes,DA_ArcticOwlcat,arctic owlcat,Dark Ages : Beasts and Monsters,small,0.3799999952316284,0.7,0.7057,0.2943,0.559,dormant,wildlife,0
AB_PropaneLakes,AA_CrystalMit,crystalmit,Alpha Animals,small,0.5,0.7,0.2667,0.7333,0.621,ours,wildlife,0
AB_PropaneLakes,AA_PebbleMit,pebblemit,Alpha Animals,small,0.5,0.7,0.2804,0.7196,0.554,ours,wildlife,0
AB_PropaneLakes,IronScruff_Flatworm,flatworm hound,Primordial Geysers,small,0.75,0.7,0.8108,0.1892,0.569,dormant,wildlife,0
AB_PropaneLakes,AA_Frostmite,frostmite,Alpha Animals,small,0.5,0.7,0.8222,0.1778,0.613,ours,wildlife,0
AB_PropaneLakes,AA_BedBug,bedbug,Alpha Animals,small,0.5,0.7,0.1065,0.8935,0.646,ours,wildlife,0
AB_PropaneLakes,BMT_ColonyPustuleHornet,pustule hornet,Biomes! Polluted Lands,small,0.3199999928474426,0.7,0.4761,0.5239,0.608,dormant,wildlife,0
AB_PropaneLakes,BMT_PustuleHornet,pustule hornet,Biomes! Polluted Lands,small,0.3199999928474426,0.7,0.4761,0.5239,0.608,dormant,wildlife,0
AB_PropaneLakes,AA_Frostling,frostling,Alpha Animals,med,1.5,0.4,0.7481,0.2519,0.621,ours,wildlife,0
AB_PropaneLakes,AA_FrostAve,frost ave,Alpha Animals,med,1.2999999523162842,0.4,0.7241,0.2759,0.432,foreign,wildlife,0
AB_PropaneLakes,BMT_SilverSheep,silver sheep,Biomes! Caverns,med,0.8500000238418579,0.4,0.5645,0.4355,0.421,dormant,wildlife,0
AB_PropaneLakes,AA_Darkbeast,darkbeast,Alpha Animals,med,1.5,0.4,0.0245,0.9755,0.488,ours,wildlife,0
AB_PropaneLakes,GR_Bearffalo,bearffalo,Vanilla Genetics Expanded,med,1.5,0.4,0.2558,0.7442,0.438,dormant,wildlife,0
AB_PropaneLakes,AA_WindBeast,windbeast,Alpha Animals,med,1.5,0.4,0.1778,0.8222,0.488,ours,wildlife,0
AB_PropaneLakes,Rabbuck,rabbuck,Beasts of the Rim (Continued),med,0.8999999761581421,0.4,0.3465,0.6535,0.422,foreign,wildlife,0
AB_PropaneLakes,AA_GiantCrownedSilkie,giant crowned silkie,Alpha Animals,med,1.100000023841858,0.4,0.3285,0.6715,0.428,ours,wildlife,0
AB_PropaneLakes,GR_Muffalochicken,muffalochicken,Vanilla Genetics Expanded,large,1.7999999523162842,0.18,0.8467,0.1533,0.445,dormant,wildlife,0
AB_PropaneLakes,GR_Chickenlodon,chickenlodon,Vanilla Genetics Expanded,large,2,0.18,0.8039,0.1961,0.6,dormant,wildlife,0
AB_PropaneLakes,IronScruff_Tardigrade,giant tardigrade,Primordial Geysers,large,2.4000000953674316,0.18,0.7843,0.2157,0.46,dormant,wildlife,0
AB_PropaneLakes,MA_Manehound,manehound,Mythic Ages: Megafauna Bestiary,large,2.1500000953674316,0.18,0.7305,0.2695,0.692,dormant,wildlife,0
AB_PropaneLakes,AA_ArcticLion,arctic lion,Alpha Animals,large,2,0.18,0.8102,0.1898,0.6,ours,wildlife,0
AB_PropaneLakes,BMT_HoarfrostMastodon,hoarfrost mastodon,Biomes! Caverns,huge,3.5,0.07,0.7801,0.2199,0.488,dormant,wildlife,0
AB_PropaneLakes,GR_ParagonThrumbo,colossal paragon,Vanilla Genetics Expanded,huge,4.5,0.07,0.7707,0.2293,0.767,dormant,wildlife,0
AB_PropaneLakes,BMT_Thrumbungus,thrumbungus,Biomes! Caverns,huge,4,0.07,0.7471,0.2529,0.867,dormant,wildlife,0
AB_PropaneLakes,GR_Paraceramuffalo,paraceramuffalo,Vanilla Genetics Expanded,SUPER,16,0.012,0.8298,0.1702,0.5,dormant,wildlife,0
ZBiome_Badlands,DA_SilverMole,silver mole,Dark Ages : Beasts and Monsters,tiny,0.20000000298023224,1.0,0.8672,0.1328,0.405,dormant,wildlife,0
ZBiome_Badlands,Scurrier,scurrier,Star Wars Animal Collection (Continued),tiny,0.20000000298023224,1.0,0.9426,0.0574,0.555,ours,wildlife,0
ZBiome_Badlands,TYR_MousePoison,poison mouse,Little Critters,tiny,0.20000000298023224,1.0,0.9342,0.0658,0.555,ours,wildlife,0
ZBiome_Badlands,TYR_KangarooRat,kangaroo rat,Little Critters,tiny,0.20000000298023224,1.0,0.807,0.193,0.405,dormant,wildlife,0
ZBiome_Badlands,GR_ParagonChicken,avian paragon,Vanilla Genetics Expanded,small,0.5,0.7,0.9135,0.0865,0.413,dormant,wildlife,0
ZBiome_Badlands,Locust,locust,Odyssey,small,0.6000000238418579,0.7,0.8813,0.1187,0.615,dormant,wildlife,0
ZBiome_Badlands,AA_Bumbledrone,bumbledrone,Alpha Animals,small,0.7900000214576721,0.7,0.9696,0.0304,0.42,ours,wildlife,0
ZBiome_Badlands,Sheep,sheep,Core,small,0.75,0.7,0.8691,0.1309,0.419,dormant,wildlife,0
ZBiome_Badlands,AA_BumbledroneHierophant,bumbledrone hierophant,Alpha Animals,small,0.7900000214576721,0.7,0.9657,0.0343,0.42,ours,wildlife,0
ZBiome_Badlands,Badger,badger,Odyssey,small,0.6000000238418579,0.7,0.8656,0.1344,0.565,dormant,wildlife,0
ZBiome_Badlands,BMT_ChemSnail,chem snail,Biomes! Caverns,small,0.4000000059604645,0.7,0.9655,0.0345,0.41,ours,wildlife,0
ZBiome_Badlands,LabradorRetriever,labrador retriever,Core,small,0.75,0.7,0.8638,0.1362,0.569,dormant,wildlife,0
ZBiome_Badlands,GR_Molehorse,molehorse,Vanilla Genetics Expanded,med,1,0.4,0.9315,0.0685,0.425,dormant,wildlife,0
ZBiome_Badlands,GR_Bearmole,bearmole,Vanilla Genetics Expanded,med,0.800000011920929,0.4,0.9277,0.0723,0.57,dormant,wildlife,0
ZBiome_Badlands,Gornt,gornt,Star Wars Animal Collection (Continued),med,0.8500000238418579,0.4,0.9034,0.0966,0.571,dormant,wildlife,0
ZBiome_Badlands,GR_Thrumborat,thrumborat,Vanilla Genetics Expanded,med,1.5,0.4,0.8929,0.1071,0.554,dormant,wildlife,0
ZBiome_Badlands,Alpaca,alpaca,Core,med,1,0.4,0.9876,0.0124,0.425,ours,wildlife,0
ZBiome_Badlands,Eopie,eopie,Star Wars Animal Collection (Continued),med,1.399999976158142,0.4,0.9662,0.0338,0.455,ours,wildlife,0
ZBiome_Badlands,BMT_GlarralPenguin,glarral penguin,Biomes! Caverns,med,1,0.4,0.8567,0.1433,0.425,dormant,wildlife,0
ZBiome_Badlands,Cat_Scimitar,scimitar cat,Odyssey,med,1.2999999523162842,0.4,0.8531,0.1469,0.582,dormant,wildlife,0
ZBiome_Badlands,RG_Hemolope,hemolope,ReGrowth 2,large,2,0.18,0.9361,0.0639,0.45,dormant,wildlife,0
ZBiome_Badlands,VQEA_Spliceling,spliceling,Vanilla Quests Expanded - Ancients,large,2,0.18,0.9095,0.0905,0.55,dormant,wildlife,0
ZBiome_Badlands,Dinopithecus,dinopithecus,Megafauna,large,2.5,0.18,0.9068,0.0932,0.613,dormant,wildlife,0
ZBiome_Badlands,GR_Thrumwolf,thrumwolf,Vanilla Genetics Expanded,large,2.200000047683716,0.18,0.8777,0.1223,0.755,dormant,wildlife,0
ZBiome_Badlands,GR_Muffalobear,muffalobear,Vanilla Genetics Expanded,large,2.5,0.18,0.8529,0.1471,0.463,dormant,wildlife,0
ZBiome_Badlands,MA_Capryak,Capryak,Mythic Ages: Megafauna Bestiary,huge,3,0.07,0.9205,0.0795,0.518,dormant,wildlife,0
ZBiome_Badlands,VQEA_Splicefiend,splicefiend,Vanilla Quests Expanded - Ancients,huge,4,0.07,0.9153,0.0847,0.6,dormant,wildlife,0
ZBiome_Badlands,VQEA_Splicehulk,splicehulk,Vanilla Quests Expanded - Ancients,huge,3,0.07,0.9068,0.0932,0.575,dormant,wildlife,0
ZBiome_Badlands,GR_Thrumffalo,thrumffalo,Vanilla Genetics Expanded,SUPER,8.399999618530273,0.012,0.8519,0.1481,0.767,dormant,wildlife,0
AB_FeraliskInfestedJungle,BMT_Polluwog,polluwog,Biomes! Polluted Lands,tiny,0.10000000149011612,1.0,0.7591,0.2409,0.393,dormant,wildlife,0
AB_FeraliskInfestedJungle,VFEI2_Swarmling,swarmlings,Vanilla Factions Expanded - Insectoids 2,tiny,0.20000000298023224,1.0,0.7259,0.2741,0.605,dormant,wildlife,0
AB_FeraliskInfestedJungle,GRimCobra,Colorful cobra,GRiNDTerra Biomes,tiny,0.25,1.0,0.8141,0.1859,0.556,foreign,wildlife,0
AB_FeraliskInfestedJungle,BMT_GlowBat,bioluminescent bat,Biomes! Caverns,tiny,0.25,1.0,0.7348,0.2652,0.406,ours,wildlife,0
AB_FeraliskInfestedJungle,WompRat,womp rat,Star Wars Animal Collection (Continued),small,0.75,0.7,0.9616,0.0384,0.569,ours,wildlife,0
AB_FeraliskInfestedJungle,BMT_SmogMoth,smog moth,Biomes! Polluted Lands,small,0.7699999809265137,0.7,0.8507,0.1493,0.559,dormant,wildlife,0
AB_FeraliskInfestedJungle,VAEWaste_Hydra,hydra,Vanilla Animals Expanded — Waste Animals,small,0.3499999940395355,0.7,0.8291,0.1709,0.559,dormant,wildlife,0
AB_FeraliskInfestedJungle,Shyrack,shyrack,Star Wars Animal Collection (Continued),small,0.75,0.7,0.9289,0.0711,0.639,ours,wildlife,0
AB_FeraliskInfestedJungle,Capybara,capybara,Core,small,0.75,0.7,0.9197,0.0803,0.419,ours,wildlife,0
AB_FeraliskInfestedJungle,BMT_Creature_Mantrap,mantrap,Biomes! Polluted Lands,small,0.7699999809265137,0.7,0.7993,0.2007,0.559,dormant,wildlife,0
AB_FeraliskInfestedJungle,Emu,emu,Core,small,0.6000000238418579,0.7,0.7937,0.2063,0.415,dormant,wildlife,0
AB_FeraliskInfestedJungle,AM_Dryad_Corruptor,corruptor dryad,Alpha Memes,small,0.6669999957084656,0.7,0.788,0.212,0.467,dormant,wildlife,0
AB_FeraliskInfestedJungle,AA_Animalisk,animalisk,Alpha Animals,med,1,0.4,0.95,0.05,0.675,dormant,wildlife,0
AB_FeraliskInfestedJungle,Kybuck,kybuck,Star Wars Animal Collection (Continued),med,1,0.4,0.9575,0.0425,0.425,ours,wildlife,0
AB_FeraliskInfestedJungle,BMT_MutatingTumorfishFry,mutating tumorfish fry,Biomes! Polluted Lands,med,0.800000011920929,0.4,0.8418,0.1582,0.61,dormant,wildlife,0
AB_FeraliskInfestedJungle,LavaSnail,lava snail,Odyssey,med,0.8999999761581421,0.4,0.9363,0.0637,0.664,ours,wildlife,0
AB_FeraliskInfestedJungle,AA_Plasmorph,plasmorph,Alpha Animals,med,1,0.4,0.9047,0.0953,0.742,ours,wildlife,0
AB_FeraliskInfestedJungle,AA_Erin,erin,Alpha Animals,med,1,0.4,0.9043,0.0957,0.575,ours,wildlife,0
AB_FeraliskInfestedJungle,Massiff,massiff,Star Wars Animal Collection (Continued),med,0.8500000238418579,0.4,0.8927,0.1073,0.611,ours,wildlife,0
AB_FeraliskInfestedJungle,AA_Junglelisk,junglelisk,Alpha Animals,med,1,0.4,0.8919,0.1081,0.825,ours,wildlife,0
AB_FeraliskInfestedJungle,DA_Pilgrim,pilgrim,Dark Ages : Beasts and Monsters,large,2.4000000953674316,0.18,0.9737,0.0263,0.46,ours,wildlife,0
AB_FeraliskInfestedJungle,MA_Sporemole,Sporemole,Mythic Ages: Megafauna Bestiary,large,1.7999999523162842,0.18,0.9355,0.0645,0.665,foreign,wildlife,0
AB_FeraliskInfestedJungle,BMT_MutatingTumorfishAdult,mutating tumorfish,Biomes! Polluted Lands,large,1.7999999523162842,0.18,0.8289,0.1711,0.585,dormant,wildlife,0
AB_FeraliskInfestedJungle,MA_Narkospider,narkospider,Mythic Ages: Megafauna Bestiary,large,1.899999976158142,0.18,0.8279,0.1721,0.726,dormant,wildlife,0
AB_FeraliskInfestedJungle,MA_SimbakubAlpha,Simbakub Alpha,Mythic Ages: Megafauna Bestiary,large,2.200000047683716,0.18,0.8084,0.1916,0.715,dormant,wildlife,0
AB_FeraliskInfestedJungle,MA_Furpotamus,furpotamus,Mythic Ages: Megafauna Bestiary,huge,3.5999999046325684,0.07,0.918,0.082,0.548,dormant,wildlife,0
AB_FeraliskInfestedJungle,GR_Thrumbospider,thrumbospider,Vanilla Genetics Expanded,huge,4.5,0.07,0.902,0.098,0.817,dormant,wildlife,0
AB_FeraliskInfestedJungle,GR_Bearscarab,bearscarab,Vanilla Genetics Expanded,huge,3,0.07,0.8892,0.1108,0.842,dormant,wildlife,0
AB_FeraliskInfestedJungle,Ronto,ronto,Star Wars Animal Collection (Continued),SUPER,6,0.012,0.8056,0.1944,0.717,ours,wildlife,0
BMT_FungalForest,BMT_Varmot,varmot,Biomes! Polluted Lands,tiny,0.20000000298023224,1.0,0.7682,0.2318,0.395,dormant,wildlife,0
BMT_FungalForest,BMT_Batbird,batbird,Biomes! Caverns,tiny,0.25,1.0,0.6386,0.3614,0.556,dormant,wildlife,0
BMT_FungalForest,AA_InfectedAerofleet,infected aerofleet,Alpha Animals,tiny,0.20000000298023224,1.0,0.7382,0.2618,0.405,ours,wildlife,0
BMT_FungalForest,AA_DuskRat,dusk rat,Alpha Animals,tiny,0.15000000596046448,1.0,0.6981,0.3019,0.554,ours,wildlife,0
BMT_FungalForest,GR_Catbear,catbear,Vanilla Genetics Expanded,small,0.4000000059604645,0.7,0.8526,0.1474,0.56,dormant,wildlife,0
BMT_FungalForest,BMT_FleeceSpider,fleece spider,Biomes! Caverns,small,0.3199999928474426,0.7,0.8456,0.1544,0.608,dormant,wildlife,0
BMT_FungalForest,Borcatu,Borcatu,Star Wars Animal Collection (Continued),small,0.4000000059604645,0.7,0.9279,0.0721,0.58,ours,wildlife,0
BMT_FungalForest,BMT_Mole,mole,Biomes! Caverns,small,0.4000000059604645,0.7,0.7968,0.2032,0.56,dormant,wildlife,0
BMT_FungalForest,Wolverine,wolverine,Odyssey,small,0.699999988079071,0.7,0.8941,0.1059,0.567,ours,wildlife,0
BMT_FungalForest,AA_Skiphound,skiphound,Alpha Animals,small,0.7900000214576721,0.7,0.8775,0.1225,0.57,ours,wildlife,0
BMT_FungalForest,Mink,mink,Odyssey,small,0.3499999940395355,0.7,0.7628,0.2372,0.559,dormant,wildlife,0
BMT_FungalForest,AM_Dryad_Ocular,ocular dryad,Alpha Memes,small,0.6669999957084656,0.7,0.7398,0.2602,0.467,dormant,wildlife,0
BMT_FungalForest,SeaLion,sea lion,Odyssey,med,1.2000000476837158,0.4,0.9302,0.0698,0.58,dormant,wildlife,0
BMT_FungalForest,GR_Bearwolf,bearwolf,Vanilla Genetics Expanded,med,1,0.4,0.8743,0.1257,0.575,dormant,wildlife,0
BMT_FungalForest,Caribou,caribou,Core,med,1,0.4,0.9291,0.0709,0.425,foreign,wildlife,0
BMT_FungalForest,AA_OcularNightling,ocular nightling,Alpha Animals,med,1.2000000476837158,0.4,0.7714,0.2286,0.58,dormant,wildlife,0
BMT_FungalForest,MA_Gnaut,gnaut,Mythic Ages: Megafauna Bestiary,med,1.5,0.4,0.8668,0.1332,0.438,foreign,wildlife,0
BMT_FungalForest,Cougar,cougar,Core,med,1,0.4,0.8573,0.1427,0.575,ours,wildlife,0
BMT_FungalForest,DA_DwarvenMuffton,dwarven muffton,Dark Ages : Beasts and Monsters,med,1.2999999523162842,0.4,0.8473,0.1527,0.482,foreign,wildlife,0
BMT_FungalForest,AA_GreyCoatedMouflon,Grey-Coated Mouflon,Alpha Animals,med,0.800000011920929,0.4,0.8434,0.1566,0.42,ours,wildlife,0
BMT_FungalForest,GR_Ratffalo,ratffalo,Vanilla Genetics Expanded,large,1.75,0.18,0.9669,0.0331,0.644,dormant,wildlife,0
BMT_FungalForest,VAEWaste_Wasteffalo,wasteffalo,Vanilla Animals Expanded — Waste Animals,large,2.4000000953674316,0.18,0.8895,0.1105,0.46,dormant,wildlife,0
BMT_FungalForest,Maalraas,maalraas,Star Wars Animal Collection (Continued),large,2,0.18,0.9884,0.0116,0.822,ours,wildlife,0
BMT_FungalForest,GR_Bearcat,bearcat,Vanilla Genetics Expanded,large,1.75,0.18,0.8633,0.1367,0.594,dormant,wildlife,0
BMT_FungalForest,GR_BearBug,bear bug,Vanilla Genetics Expanded,large,2,0.18,0.8199,0.1801,0.683,dormant,wildlife,0
BMT_FungalForest,MA_Dunbear,dunbear,Mythic Ages: Megafauna Bestiary,huge,4,0.07,0.9534,0.0466,0.717,dormant,wildlife,0
BMT_FungalForest,MA_Duskhorn,duskhorn,Mythic Ages: Megafauna Bestiary,huge,3,0.07,0.927,0.073,0.485,dormant,wildlife,0
BMT_FungalForest,Enhydriodon,enhydriodon,Megafauna,huge,3,0.07,0.9055,0.0945,0.625,dormant,wildlife,0
BMT_FungalForest,AA_AnimaColossus,anima colossus,Alpha Animals,SUPER,6,0.012,0.9051,0.0949,0.5,ours,wildlife,0
SeaIce,AA_Locusts,locusts,Alpha Animals,tiny,0.009999999776482582,1.0,0.9093,0.0907,0.4,dormant,wildlife,0
SeaIce,RG_Rabbit,rabbit,ReGrowth 2,tiny,0.20000000298023224,1.0,0.8626,0.1374,0.405,dormant,wildlife,0
SeaIce,GuineaPig,guinea pig,Core,tiny,0.20000000298023224,1.0,0.9213,0.0787,0.405,ours,wildlife,0
SeaIce,Porg,porg,Star Wars Animal Collection (Continued),tiny,0.18000000715255737,1.0,0.8888,0.1112,0.555,ours,wildlife,0
SeaIce,GR_Wolfchicken,wolfchicken,Vanilla Genetics Expanded,small,0.6499999761581421,0.7,0.9246,0.0754,0.416,dormant,wildlife,0
SeaIce,Goose,goose,Core,small,0.6000000238418579,0.7,0.919,0.081,0.415,dormant,wildlife,0
SeaIce,Penguin,penguin,Beasts of the Rim (Continued),small,0.699999988079071,0.7,0.9178,0.0822,0.567,dormant,wildlife,0
SeaIce,Chicken,chicken,Core,small,0.30000001192092896,0.7,0.916,0.084,0.408,dormant,wildlife,0
SeaIce,GR_Catffalo,catffalo,Vanilla Genetics Expanded,small,0.4000000059604645,0.7,0.8492,0.1508,0.41,dormant,wildlife,0
SeaIce,GR_Dogman,dogman,Vanilla Genetics Expanded,small,0.75,0.7,0.8403,0.1597,0.569,dormant,wildlife,0
SeaIce,Cat,cat,Core,small,0.3199999928474426,0.7,0.8241,0.1759,0.558,dormant,wildlife,0
SeaIce,Bardelot,bardelot,Beasts of the Rim (Continued),small,0.550000011920929,0.7,0.9222,0.0778,0.564,foreign,wildlife,0
SeaIce,BMT_Rimebeak,rimebeak,Biomes! Caverns,med,1.399999976158142,0.4,0.9308,0.0692,0.585,dormant,wildlife,0
SeaIce,VFEI2_Venomite,venomite,Vanilla Factions Expanded - Insectoids 2,med,1.2000000476837158,0.4,0.927,0.073,0.69,dormant,wildlife,0
SeaIce,Ostrich,ostrich,Core,med,1,0.4,0.9173,0.0827,0.425,dormant,wildlife,0
SeaIce,GR_Chickenhorse,chickenhorse,Vanilla Genetics Expanded,med,1,0.4,0.9142,0.0858,0.425,dormant,wildlife,0
SeaIce,ERN_Chocobo,chocobo,Erin's Final Fantasy Animals,med,1,0.4,0.8991,0.1009,0.425,dormant,wildlife,0
SeaIce,VFEI2_Hellbeetle,hellbeetle,Vanilla Factions Expanded - Insectoids 2,med,1.2000000476837158,0.4,0.8977,0.1023,0.93,dormant,wildlife,0
SeaIce,VFEI2_RoyalSpelopede,royal spelopede,Vanilla Factions Expanded - Insectoids 2,med,1.2000000476837158,0.4,0.8929,0.1071,0.705,dormant,wildlife,0
SeaIce,Seal,seal,Odyssey,med,0.800000011920929,0.4,0.8898,0.1102,0.57,dormant,wildlife,0
SeaIce,Cow,cow,Core,large,2.4000000953674316,0.18,0.9068,0.0932,0.46,dormant,wildlife,0
SeaIce,VFEI2_RoyalMegaspider,royal megaspider,Vanilla Factions Expanded - Insectoids 2,large,1.7999999523162842,0.18,0.9051,0.0949,0.802,dormant,wildlife,0
SeaIce,VFEI2_Tankroach,tankroach,Vanilla Factions Expanded - Insectoids 2,large,1.7999999523162842,0.18,0.8985,0.1015,0.945,dormant,wildlife,0
SeaIce,RG_Neutrolope,neutrolope,ReGrowth 2,large,2,0.18,0.8932,0.1068,0.45,dormant,wildlife,0
SeaIce,VFEI2_Megapede,megapede,Vanilla Factions Expanded - Insectoids 2,large,1.7999999523162842,0.18,0.8827,0.1173,0.802,dormant,wildlife,0
SeaIce,GR_Thrumboman,thrumboman,Vanilla Genetics Expanded,huge,4,0.07,0.9624,0.0376,0.633,dormant,wildlife,0
SeaIce,GR_Thrumdraeodon,thrumdraeodon,Vanilla Genetics Expanded,huge,4.5,0.07,0.9394,0.0606,0.917,dormant,wildlife,0
SeaIce,VFEI2_Empress,empress,Vanilla Factions Expanded - Insectoids 2,huge,4,0.07,0.9281,0.0719,0.862,dormant,wildlife,0
SeaIce,GR_Thrumbear,thrumbear,Vanilla Genetics Expanded,SUPER,6,0.012,0.9172,0.0828,0.717,dormant,wildlife,0
AB_MechanoidIntrusion,TYR_HotfootRat,hotfoot rat,Little Critters,tiny,0.20000000298023224,1.0,0.8781,0.1219,0.405,ours,wildlife,0
AB_MechanoidIntrusion,AA_AcanthamoebaGiganteaSmall,"acanthamoeba gigantea, small",Alpha Animals,tiny,0.20000000298023224,1.0,0.7114,0.2886,0.405,ours,wildlife,0
AB_MechanoidIntrusion,Kreetle,kreetle,Star Wars Animal Collection (Continued),tiny,0.20000000298023224,1.0,0.5809,0.4191,0.605,ours,wildlife,0
AB_MechanoidIntrusion,AA_Needleroll,needleroll,Alpha Animals,tiny,0.15000000596046448,1.0,0.572,0.428,0.429,ours,wildlife,0
AB_MechanoidIntrusion,Tach,tach,Star Wars Animal Collection (Continued),small,0.5,0.7,0.9771,0.0229,0.413,ours,wildlife,0
AB_MechanoidIntrusion,BMT_Pillbug,pillbug,Biomes! Caverns,small,0.4000000059604645,0.7,0.8385,0.1615,0.71,ours,wildlife,0
AB_MechanoidIntrusion,Gorg,gorg,Star Wars Animal Collection (Continued),small,0.30000001192092896,0.7,0.7889,0.2111,0.558,ours,wildlife,0
AB_MechanoidIntrusion,Sketto,sketto,Star Wars Animal Collection (Continued),small,0.4000000059604645,0.7,0.7852,0.2148,0.56,ours,wildlife,0
AB_MechanoidIntrusion,LongtailGorg,longtail gorg,Star Wars Animal Collection (Continued),small,0.6000000238418579,0.7,0.7314,0.2686,0.565,ours,wildlife,0
AB_MechanoidIntrusion,AA_Needlepost,needlepost,Alpha Animals,small,0.7900000214576721,0.7,0.706,0.294,0.47,ours,wildlife,0
AB_MechanoidIntrusion,AA_Cactipine,cactipine,Alpha Animals,small,0.5,0.7,0.6323,0.3677,0.562,ours,wildlife,0
AB_MechanoidIntrusion,Worrt,worrt,Star Wars Animal Collection (Continued),small,0.6000000238418579,0.7,0.6247,0.3753,0.585,ours,wildlife,0
AB_MechanoidIntrusion,SW_Electricfish,Electricfish,Insectoids 2 - Isopoda geneline,med,1,0.4,0.8968,0.1032,0.925,dormant,wildlife,0
AB_MechanoidIntrusion,SW_Electricgryllotalpa,Electricgryllotalpa,Insectoids 2 - Isopoda geneline,med,1.5,0.4,0.8648,0.1352,0.938,dormant,wildlife,0
AB_MechanoidIntrusion,BMT_Basilisk,basilisk,Biomes! Caverns,med,1.5,0.4,0.7993,0.2007,0.588,dormant,wildlife,0
AB_MechanoidIntrusion,AA_ChemfuelMyrmidon,chemfuel myrmidon,Alpha Animals,med,1.5,0.4,0.8817,0.1183,0.887,ours,wildlife,0
AB_MechanoidIntrusion,BMT_Woollybat,woolly bat,Biomes! Caverns,med,1.2000000476837158,0.4,0.8815,0.1185,0.43,ours,wildlife,0
AB_MechanoidIntrusion,RG_Rimclaw,rimclaw,ReGrowth 2,med,1,0.4,0.8656,0.1344,0.767,ours,wildlife,0
AB_MechanoidIntrusion,BMT_MetalloSnail,metallosnail,Biomes! Caverns,med,0.8500000238418579,0.4,0.8279,0.1721,0.696,foreign,wildlife,0
AB_MechanoidIntrusion,AA_AcanthamoebaGiganteaHuge,"acanthamoeba gigantea, huge",Alpha Animals,med,1.5,0.4,0.7114,0.2886,0.438,dormant,wildlife,0
AB_MechanoidIntrusion,AA_Cinderlisk,cinderlisk,Alpha Animals,large,2.5,0.18,0.9916,0.0084,0.863,ours,wildlife,0
AB_MechanoidIntrusion,AA_Slurrypede,slurrypede,Alpha Animals,large,2,0.18,0.9673,0.0327,0.833,ours,wildlife,0
AB_MechanoidIntrusion,VAEWaste_Toxlion,toxlion,Vanilla Animals Expanded — Waste Animals,large,1.649999976158142,0.18,0.8521,0.1479,0.591,dormant,wildlife,0
AB_MechanoidIntrusion,BMT_SmolderstingScorpion,smoldersting scorpion,Biomes! Caverns,large,2,0.18,0.9373,0.0627,0.603,foreign,wildlife,0
AB_MechanoidIntrusion,AA_SandProwler,sand prowler,Alpha Animals,large,2,0.18,0.9255,0.0745,0.6,ours,wildlife,0
AB_MechanoidIntrusion,BMT_BunkerBug,bunker bug,Biomes! Polluted Lands,huge,4,0.07,0.9678,0.0322,0.917,dormant,wildlife,0
AB_MechanoidIntrusion,IridonianReek,iridonian reek,Star Wars Animal Collection (Continued),huge,3,0.07,0.9885,0.0115,0.522,ours,wildlife,0
AB_MechanoidIntrusion,SW_Emperorisopod,Emperorisopod,Insectoids 2 - Isopoda geneline,huge,5,0.07,0.8836,0.1164,1.0,dormant,wildlife,0
AB_MechanoidIntrusion,GreaterKraytDragon,greater krayt dragon,Star Wars Animal Collection (Continued),SUPER,15,0.012,0.7716,0.2284,0.95,ours,wildlife,0
ZBiome_Grasslands,Gizka,gizka,Star Wars Animal Collection (Continued),tiny,0.18000000715255737,1.0,0.6644,0.3356,0.555,ours,wildlife,0
ZBiome_Grasslands,Megascarab,megascarab,Core,tiny,0.20000000298023224,1.0,0.621,0.379,0.755,ours,wildlife,0
ZBiome_Grasslands,BMT_SonarRabbit,sonar rabbit,Biomes! Caverns,tiny,0.20000000298023224,1.0,0.6142,0.3858,0.405,ours,wildlife,0
ZBiome_Grasslands,HermitCrab,hermit crab,Odyssey,tiny,0.20000000298023224,1.0,0.9308,0.0692,0.688,dormant,wildlife,0
ZBiome_Grasslands,ShiroTrap,shiro-trap,Star Wars Animal Collection (Continued),small,0.75,0.7,0.9527,0.0473,0.735,ours,wildlife,0
ZBiome_Grasslands,AA_Eyeling,ikee,Alpha Animals,small,0.4000000059604645,0.7,0.8788,0.1212,0.56,ours,wildlife,0
ZBiome_Grasslands,Macaw,macaw,Odyssey,small,0.3499999940395355,0.7,0.7757,0.2243,0.409,dormant,wildlife,0
ZBiome_Grasslands,Iguana,iguana,Core,small,0.4000000059604645,0.7,0.8617,0.1383,0.56,ours,wildlife,0
ZBiome_Grasslands,BMT_GastroToad,gastro toad,Biomes! Polluted Lands,small,0.30000001192092896,0.7,0.7609,0.2391,0.548,dormant,wildlife,0
ZBiome_Grasslands,BMT_TaintedTurtle,tainted turtle,Biomes! Polluted Lands,small,0.5,0.7,0.7472,0.2528,0.619,dormant,wildlife,0
ZBiome_Grasslands,DA_Phrak,phrak,Dark Ages : Beasts and Monsters,small,0.30000001192092896,0.7,0.8392,0.1608,0.608,foreign,wildlife,0
ZBiome_Grasslands,Cassowary,cassowary,Core,small,0.6000000238418579,0.7,0.7375,0.2625,0.415,dormant,wildlife,0
ZBiome_Grasslands,Grank,Grank,Star Wars Animal Collection (Continued),med,0.8500000238418579,0.4,0.9041,0.0959,0.621,ours,wildlife,0
ZBiome_Grasslands,BMT_CaveCricket,cave cricket,Biomes! Caverns,med,0.800000011920929,0.4,0.879,0.121,0.687,ours,wildlife,0
ZBiome_Grasslands,AA_DesertAve,desert ave,Alpha Animals,med,1,0.4,0.8709,0.1291,0.425,ours,wildlife,0
ZBiome_Grasslands,Alligator,alligator,Odyssey,med,1.5,0.4,0.7666,0.2334,0.588,dormant,wildlife,0
ZBiome_Grasslands,Strill,strill,Star Wars Animal Collection (Continued),med,1,0.4,0.8658,0.1342,0.615,ours,wildlife,0
ZBiome_Grasslands,AA_BloodShrimp,blood shrimp,Alpha Animals,med,1,0.4,0.8641,0.1359,0.658,ours,wildlife,0
ZBiome_Grasslands,ColossusToad,colossus toad,Odyssey,med,0.800000011920929,0.4,0.8602,0.1398,0.52,foreign,wildlife,0
ZBiome_Grasslands,AA_Razorjack,razorjack,Alpha Animals,med,1,0.4,0.8476,0.1524,0.575,ours,wildlife,0
ZBiome_Grasslands,BMT_Maguana,maguana,Biomes! Caverns,large,2.0999999046325684,0.18,0.963,0.037,0.452,foreign,wildlife,0
ZBiome_Grasslands,Insectomorph,insectomorph,Star Wars Animal Collection (Continued),large,2,0.18,0.9489,0.0511,0.69,ours,wildlife,0
ZBiome_Grasslands,AA_Barbslinger,barbslinger,Alpha Animals,large,2.5,0.18,0.9347,0.0653,0.796,ours,wildlife,0
ZBiome_Grasslands,Boarwolf,Boar-wolf,Star Wars Animal Collection (Continued),large,2,0.18,0.9286,0.0714,0.6,ours,wildlife,0
ZBiome_Grasslands,Fanback,fanback,Star Wars Animal Collection (Continued),large,2,0.18,0.9274,0.0726,0.65,ours,wildlife,0
ZBiome_Grasslands,GR_Mantistanis,mantistanis,Vanilla Genetics Expanded,huge,3,0.07,0.83,0.17,0.808,dormant,wildlife,0
ZBiome_Grasslands,GR_Muffalokomodo,muffalokomodo,Vanilla Genetics Expanded,huge,3.5,0.07,0.8148,0.1852,0.488,dormant,wildlife,0
ZBiome_Grasslands,GR_Bearodile,bearodile,Vanilla Genetics Expanded,huge,3.5,0.07,0.8131,0.1869,0.637,dormant,wildlife,0
ZBiome_Grasslands,KraytDragon,krayt dragon,Star Wars Animal Collection (Continued),SUPER,12,0.012,0.8149,0.1851,0.95,ours,wildlife,0
ZBiome_DesertOasis,Scuttlebug,Space Worm,Space Worms (Continued),tiny,0.20000000298023224,1.0,0.8679,0.1321,0.688,dormant,wildlife,0
ZBiome_DesertOasis,GR_Chickenrabbit,chickenrabbit,Vanilla Genetics Expanded,tiny,0.15000000596046448,1.0,0.8203,0.1797,0.404,dormant,wildlife,0
ZBiome_DesertOasis,RG_KiwiBird,kiwi,ReGrowth 2,tiny,0.15000000596046448,1.0,0.7748,0.2252,0.404,dormant,wildlife,0
ZBiome_DesertOasis,Bluebird,bluebird,Odyssey,tiny,0.15000000596046448,1.0,0.7485,0.2515,0.404,dormant,wildlife,0
ZBiome_DesertOasis,Turkey,turkey,Core,small,0.6000000238418579,0.7,0.95,0.05,0.415,ours,wildlife,0
ZBiome_DesertOasis,Rikknit,rikknit,Star Wars Animal Collection (Continued),small,0.30000001192092896,0.7,0.9347,0.0653,0.584,foreign,wildlife,0
ZBiome_DesertOasis,Duck,duck,Core,small,0.30000001192092896,0.7,0.9312,0.0688,0.408,foreign,wildlife,0
ZBiome_DesertOasis,GR_Manbear,manbear,Vanilla Genetics Expanded,small,0.3499999940395355,0.7,0.7924,0.2076,0.559,dormant,wildlife,0
ZBiome_DesertOasis,AA_AngelMoth,angel moth,Alpha Animals,small,0.75,0.7,0.8908,0.1092,0.419,ours,wildlife,0
ZBiome_DesertOasis,DA_IroncasketBeetle,ironcasket beetle,Dark Ages : Beasts and Monsters,small,0.5,0.7,0.7903,0.2097,0.766,dormant,wildlife,0
ZBiome_DesertOasis,Armadillo,armadillo,Beasts of the Rim (Continued),small,0.550000011920929,0.7,0.7677,0.2323,0.564,dormant,wildlife,0
ZBiome_DesertOasis,AA_ShockGoat,shock goat,Alpha Animals,small,0.6499999761581421,0.7,0.8585,0.1415,0.416,ours,wildlife,0
ZBiome_DesertOasis,MandrillMan,mandrill man,Beasts of the Rim (Continued),med,1,0.4,0.9126,0.0874,0.575,dormant,wildlife,0
ZBiome_DesertOasis,Toxalope,toxalope,Biotech,med,1.399999976158142,0.4,0.8796,0.1204,0.435,dormant,wildlife,0
ZBiome_DesertOasis,JRWQantassaurus,Qantassaurus,Jurassic Rimworld - Dinosaurs Only (Continued),med,1.5,0.4,0.9453,0.0547,0.438,ours,wildlife,0
ZBiome_DesertOasis,GR_Muffaloman,muffaloman,Vanilla Genetics Expanded,med,1.5,0.4,0.8444,0.1556,0.438,dormant,wildlife,0
ZBiome_DesertOasis,JRWParksosaurus,Parksosaurus,Jurassic Rimworld - Dinosaurs Only (Continued),med,1.5,0.4,0.8256,0.1744,0.438,dormant,wildlife,0
ZBiome_DesertOasis,Mandrill,mandrill,Beasts of the Rim (Continued),med,1,0.4,0.8227,0.1773,0.575,dormant,wildlife,0
ZBiome_DesertOasis,CanCell,can-cell,Star Wars Animal Collection (Continued),med,1.4500000476837158,0.4,0.9127,0.0873,0.616,ours,wildlife,0
ZBiome_DesertOasis,JRWHynerpeton,Hynerpeton,Jurassic Rimworld - Dinosaurs Only (Continued),med,1.5,0.4,0.8945,0.1055,0.588,foreign,wildlife,0
ZBiome_DesertOasis,JRWAgilisaurus,Agilisaurus,Jurassic Rimworld - Dinosaurs Only (Continued),large,2.5,0.18,0.944,0.056,0.463,dormant,wildlife,0
ZBiome_DesertOasis,JRWDrinker,Drinker,Jurassic Rimworld - Dinosaurs Only (Continued),large,2.5,0.18,0.8598,0.1402,0.463,dormant,wildlife,0
ZBiome_DesertOasis,JRWBagaceratops,Bagaceratops,Jurassic Rimworld - Dinosaurs Only (Continued),large,2,0.18,0.9483,0.0517,0.45,ours,wildlife,0
ZBiome_DesertOasis,MutantCow,cow,Advanced Biomes (Continued),large,2,0.18,0.8468,0.1532,0.45,dormant,wildlife,0
ZBiome_DesertOasis,AA_IronhuskBeetle,ironhusk beetle,Alpha Animals,large,2.5,0.18,0.8439,0.1561,0.713,dormant,wildlife,0
ZBiome_DesertOasis,JRWPachyrhinosaurus,Pachyrhinosaurus,Jurassic Rimworld - Dinosaurs Only (Continued),huge,5,0.07,0.9685,0.0315,0.5,dormant,wildlife,0
ZBiome_DesertOasis,JRWTriceratops,Triceratops,Jurassic Rimworld - Dinosaurs Only (Continued),huge,5,0.07,0.944,0.056,0.5,dormant,wildlife,0
ZBiome_DesertOasis,JRWCamptosaurus,Camptosaurus,Jurassic Rimworld - Dinosaurs Only (Continued),huge,5,0.07,0.9424,0.0576,0.5,dormant,wildlife,0
ZBiome_DesertOasis,AA_Atispec,atispec,Alpha Animals,SUPER,7,0.012,0.8196,0.1804,0.725,dormant,wildlife,0
BMT_CrystalCaverns,Neebray,neebray,Star Wars Animal Collection (Continued),tiny,0.20000000298023224,1.0,0.5308,0.4692,0.605,ours,wildlife,0
BMT_CrystalCaverns,GraniteSlug,granite slug,Star Wars Animal Collection (Continued),tiny,0.20000000298023224,1.0,0.5003,0.4997,0.605,ours,wildlife,0
BMT_CrystalCaverns,AA_Skyeel,arcturan sky eel,Alpha Animals,tiny,0.25,1.0,0.7196,0.2804,0.473,dormant,wildlife,0
BMT_CrystalCaverns,IronScruff_Jellybird,jellybird,Primordial Geysers,tiny,0.20000000298023224,1.0,0.5935,0.4065,0.555,dormant,wildlife,0
BMT_CrystalCaverns,BMT_FreezerFrog,freezer frog,Biomes! Caverns,small,0.75,0.7,0.8528,0.1472,0.569,dormant,wildlife,0
BMT_CrystalCaverns,AA_MegaLouse,megalouse,Alpha Animals,small,0.5,0.7,0.8056,0.1944,0.713,ours,wildlife,0
BMT_CrystalCaverns,GR_ParagonIguana,reptile paragon,Vanilla Genetics Expanded,small,0.4000000059604645,0.7,0.5592,0.4408,0.56,dormant,wildlife,0
BMT_CrystalCaverns,AA_AuroraSylph,Aurora sylph,Alpha Animals,small,0.5,0.7,0.6566,0.3434,0.413,ours,wildlife,0
BMT_CrystalCaverns,GR_Chickenlizard,chickenlizard,Vanilla Genetics Expanded,small,0.30000001192092896,0.7,0.5311,0.4689,0.408,dormant,wildlife,0
BMT_CrystalCaverns,AA_PebbleMit,pebblemit,Alpha Animals,small,0.5,0.7,0.6101,0.3899,0.554,ours,wildlife,0
BMT_CrystalCaverns,AA_DevilSheep,devil sheep,Alpha Animals,small,0.5,0.7,0.509,0.491,0.413,dormant,wildlife,0
BMT_CrystalCaverns,Mynock,mynock,Star Wars Animal Collection (Continued),small,0.5,0.7,0.5732,0.4268,0.613,ours,wildlife,0
BMT_CrystalCaverns,GR_Muffalorat,muffalorat,Vanilla Genetics Expanded,med,1,0.4,0.8486,0.1514,0.425,dormant,wildlife,0
BMT_CrystalCaverns,Krykna,krykna,Star Wars Animal Collection (Continued),med,0.800000011920929,0.4,0.9461,0.0539,0.703,ours,wildlife,0
BMT_CrystalCaverns,VQE_IceCrawler,ice crawler,Vanilla Quests Expanded - Cryptoforge,med,0.800000011920929,0.4,0.8066,0.1934,0.68,dormant,wildlife,0
BMT_CrystalCaverns,VQE_Megamidge,megamidge,Vanilla Quests Expanded - Cryptoforge,med,1.2000000476837158,0.4,0.7804,0.2196,0.705,dormant,wildlife,0
BMT_CrystalCaverns,IronScruff_Hydrazoa,hydrazoa,Primordial Geysers,med,1,0.4,0.771,0.229,0.575,dormant,wildlife,0
BMT_CrystalCaverns,GR_WoolyWolf,wooly Wolf,Vanilla Genetics Expanded,med,1.5,0.4,0.6534,0.3466,0.588,dormant,wildlife,0
BMT_CrystalCaverns,AA_FungalHusk,fungal husk,Alpha Animals,med,1,0.4,0.6521,0.3479,0.575,dormant,wildlife,0
BMT_CrystalCaverns,GR_Boomsnake,boomsnake,Vanilla Genetics Expanded,med,1.5,0.4,0.6312,0.3688,0.438,dormant,wildlife,0
BMT_CrystalCaverns,GR_Muffalowolf,muffalowolf,Vanilla Genetics Expanded,large,2,0.18,0.9445,0.0555,0.45,dormant,wildlife,0
BMT_CrystalCaverns,AA_Ravager,ravager,Alpha Animals,large,2.5,0.18,0.8552,0.1448,0.796,ours,wildlife,0
BMT_CrystalCaverns,BMT_FrostweaverSpider,frostweaver,Biomes! Caverns,large,2.4000000953674316,0.18,0.742,0.258,0.735,dormant,wildlife,0
BMT_CrystalCaverns,AA_Radyak,radyak,Alpha Animals,large,2.5,0.18,0.7522,0.2478,0.463,ours,wildlife,0
BMT_CrystalCaverns,Jakobeast,jakobeast,Star Wars Animal Collection (Continued),large,2.5999999046325684,0.18,0.6959,0.3041,0.465,ours,wildlife,0
BMT_CrystalCaverns,MA_Plastemmoth,Plastemmoth,Mythic Ages: Megafauna Bestiary,huge,3.700000047683716,0.07,0.8846,0.1154,0.668,dormant,wildlife,0
BMT_CrystalCaverns,GR_Muffalohorse,muffalohorse,Vanilla Genetics Expanded,huge,3.4000000953674316,0.07,0.8175,0.1825,0.485,dormant,wildlife,0
BMT_CrystalCaverns,AlphaThrumbo,alpha thrumbo,Odyssey,huge,5,0.07,0.7398,0.2602,0.783,dormant,wildlife,0
BMT_CrystalCaverns,AA_GallatrossMoribund,moribund gallatross,Alpha Animals,SUPER,6,0.012,0.7981,0.2019,0.5,foreign,wildlife,0
AB_GelatinousSuperorganism,Crow,crow,Odyssey,tiny,0.15000000596046448,1.0,0.7329,0.2671,0.554,dormant,wildlife,0
AB_GelatinousSuperorganism,Quail,quail,Odyssey,tiny,0.25,1.0,0.7518,0.2482,0.406,ours,wildlife,0
AB_GelatinousSuperorganism,AA_SmallButterfly,small butterflies,Alpha Animals,tiny,0.009999999776482582,1.0,0.6432,0.3568,0.55,dormant,wildlife,0
AB_GelatinousSuperorganism,AA_LuciferBug,luciferbug,Alpha Animals,tiny,0.15000000596046448,1.0,0.6908,0.3092,0.654,ours,wildlife,0
AB_GelatinousSuperorganism,AA_CrescendoAnole,crescendo anole,Alpha Animals,small,0.30000001192092896,0.7,0.9129,0.0871,0.558,ours,wildlife,0
AB_GelatinousSuperorganism,Fingerspike,fingerspike,Anomaly,small,0.6000000238418579,0.7,0.6322,0.3678,0.165,dormant,anomaly,0
AB_GelatinousSuperorganism,BMT_MossyFennec,mossy fennec,Biomes! Caverns,small,0.6000000238418579,0.7,0.853,0.147,0.565,ours,wildlife,0
AB_GelatinousSuperorganism,JRWCompsognathus,Compsognathus,Jurassic Rimworld - Dinosaurs Only (Continued),small,0.5,0.7,0.745,0.255,0.562,dormant,wildlife,0
AB_GelatinousSuperorganism,AA_FireWasp,fire wasp,Alpha Animals,small,0.7900000214576721,0.7,0.759,0.241,0.736,ours,wildlife,0
AB_GelatinousSuperorganism,Terrorworm,terrorworm,Horrors (Continued),small,0.6000000238418579,0.7,0.7535,0.2465,0.657,foreign,wildlife,0
AB_GelatinousSuperorganism,AA_PedigreedRaptor,pedigreed raptor,Alpha Animals,small,0.75,0.7,0.7499,0.2501,0.569,ours,wildlife,0
AB_GelatinousSuperorganism,AA_Murkling,murkling,Alpha Animals,small,0.3499999940395355,0.7,0.7484,0.2516,0.409,ours,wildlife,0
AB_GelatinousSuperorganism,Sightstealer,sightstealer,Anomaly,med,0.800000011920929,0.4,0.7931,0.2069,0.17,dormant,anomaly,0
AB_GelatinousSuperorganism,Noctol,noctol,Anomaly,med,1,0.4,0.725,0.275,0.252,dormant,anomaly,0
AB_GelatinousSuperorganism,Revenant,revenant,Anomaly,med,1,0.4,0.7185,0.2815,0.225,dormant,anomaly,0
AB_GelatinousSuperorganism,Toughspike,toughspike,Anomaly,med,1,0.4,0.7176,0.2824,0.235,dormant,anomaly,0
AB_GelatinousSuperorganism,JRWZephyrosaurus,Zephyrosaurus,Jurassic Rimworld - Dinosaurs Only (Continued),med,1.5,0.4,0.8634,0.1366,0.438,dormant,wildlife,0
AB_GelatinousSuperorganism,JRWCoelophysis,Coelophysis,Jurassic Rimworld - Dinosaurs Only (Continued),med,1.5,0.4,0.8527,0.1473,0.588,dormant,wildlife,0
AB_GelatinousSuperorganism,JRWHypsilophodon,Hypsilophodon,Jurassic Rimworld - Dinosaurs Only (Continued),med,1.5,0.4,0.8345,0.1655,0.438,dormant,wildlife,0
AB_GelatinousSuperorganism,JRWHalszkaraptor,Halszkaraptor,Jurassic Rimworld - Dinosaurs Only (Continued),med,1.5,0.4,0.8256,0.1744,0.588,dormant,wildlife,0
AB_GelatinousSuperorganism,Chimera,chimera,Anomaly,large,2.1500000953674316,0.18,0.7686,0.2314,0.204,dormant,anomaly,0
AB_GelatinousSuperorganism,JRWKileskus,Kileskus,Jurassic Rimworld - Dinosaurs Only (Continued),large,2,0.18,0.9072,0.0928,0.6,dormant,wildlife,0
AB_GelatinousSuperorganism,JRWRhamphorhynchus,Rhamphorhynchus,Jurassic Rimworld - Dinosaurs Only (Continued),large,2.5,0.18,0.8132,0.1868,0.613,dormant,wildlife,0
AB_GelatinousSuperorganism,AA_ChameleonYak,chameleon yak,Alpha Animals,large,2.5,0.18,0.8814,0.1186,0.463,ours,wildlife,0
AB_GelatinousSuperorganism,JRWUdanoceratops,Udanoceratops,Jurassic Rimworld - Dinosaurs Only (Continued),large,2,0.18,0.7666,0.2334,0.45,dormant,wildlife,0
AB_GelatinousSuperorganism,JRWEstemmenosuchus,Estemmenosuchus,Jurassic Rimworld - Dinosaurs Only (Continued),huge,5,0.07,0.9688,0.0312,0.65,dormant,wildlife,0
AB_GelatinousSuperorganism,JRWDimetrodon,Dimetrodon,Jurassic Rimworld - Dinosaurs Only (Continued),huge,3.5,0.07,0.9322,0.0678,0.637,dormant,wildlife,0
AB_GelatinousSuperorganism,JRWOuranosaurus,Ouranosaurus,Jurassic Rimworld - Dinosaurs Only (Continued),huge,5,0.07,0.9208,0.0792,0.5,dormant,wildlife,0
AB_GelatinousSuperorganism,Harvester,harvester,Horrors (Continued),SUPER,13.199999809265137,0.012,0.6794,0.3206,0.858,dormant,wildlife,0
Scarlands,Cobra,cobra,Core,tiny,0.25,1.0,0.9515,0.0485,0.556,dormant,wildlife,0
Scarlands,VFEI2_BlackSwarmling,black swarmlings,Alpha Animals,tiny,0.20000000298023224,1.0,0.8151,0.1849,0.605,dormant,wildlife,0
Scarlands,SW_Electrictick,Electrictick,Insectoids 2 - Isopoda geneline,tiny,0.25,1.0,0.7658,0.2342,0.906,dormant,wildlife,0
Scarlands,Scurrier,scurrier,Star Wars Animal Collection (Continued),tiny,0.20000000298023224,1.0,0.8563,0.1437,0.555,ours,wildlife,0
Scarlands,Nuna,nuna,Star Wars Animal Collection (Continued),small,0.6000000238418579,0.7,0.803,0.197,0.415,ours,wildlife,0
Scarlands,Yobshrimp,yobshrimp,Star Wars Animal Collection (Continued),small,0.4000000059604645,0.7,0.7925,0.2075,0.593,foreign,wildlife,0
Scarlands,DA_BlackScribe,black scribe,Dark Ages : Beasts and Monsters,small,0.5,0.7,0.7423,0.2577,0.738,ours,wildlife,0
Scarlands,StoneCrab,stone crab,Odyssey,small,0.30000001192092896,0.7,0.5988,0.4012,0.691,dormant,wildlife,0
Scarlands,Vulptex,vulptex,Star Wars Animal Collection (Continued),small,0.550000011920929,0.7,0.6614,0.3386,0.584,ours,wildlife,0
Scarlands,FrilledGorg,frilled gorg,Star Wars Animal Collection (Continued),small,0.4000000059604645,0.7,0.6372,0.3628,0.56,ours,wildlife,0
Scarlands,Woolamander,woolamander,Star Wars Animal Collection (Continued),small,0.75,0.7,0.6236,0.3764,0.419,ours,wildlife,0
Scarlands,Stintaril,stintaril,Star Wars Animal Collection (Continued),small,0.5,0.7,0.6119,0.3881,0.613,foreign,wildlife,0
Scarlands,Trispike,trispike,Anomaly,med,1,0.4,0.7579,0.2421,0.175,dormant,anomaly,0
Scarlands,GR_Chickenspider,chickenspider,Vanilla Genetics Expanded,med,1.100000023841858,0.4,0.8386,0.1614,0.711,dormant,wildlife,0
Scarlands,Runyip,runyip,Star Wars Animal Collection (Continued),med,1.5,0.4,0.9085,0.0915,0.457,ours,wildlife,0
Scarlands,BMT_MutatingTumorfishSpawn,mutating tumorfish spawn,Biomes! Polluted Lands,med,0.800000011920929,0.4,0.8002,0.1998,0.41,dormant,wildlife,0
Scarlands,JRWWonambi,wonambi,Jurassic Rimworld - Dinosaurs Only (Continued),med,1.5,0.4,0.7992,0.2008,0.588,dormant,wildlife,0
Scarlands,Anooba,anooba,Star Wars Animal Collection (Continued),med,0.949999988079071,0.4,0.8839,0.1161,0.574,ours,wildlife,0
Scarlands,BMT_AaroxisDendoria,aaroxis dendoria,Biomes! Caverns,med,1,0.4,0.8482,0.1518,0.425,ours,wildlife,0
Scarlands,AA_RayHound,ray-hound,Alpha Animals,med,1.5,0.4,0.8416,0.1584,0.638,ours,wildlife,0
Scarlands,BMT_BiliousVarog,bilious varog,Biomes! Polluted Lands,large,2.4000000953674316,0.18,0.8236,0.1764,0.767,dormant,wildlife,0
Scarlands,Veermok,veermok,Star Wars Animal Collection (Continued),large,2,0.18,0.8971,0.1029,0.6,ours,wildlife,0
Scarlands,Gorehulk,gorehulk,Anomaly,large,2,0.18,0.6113,0.3887,0.25,dormant,anomaly,0
Scarlands,BI_Queen,queen,Better Infestations (Continued),large,1.7999999523162842,0.18,0.7445,0.2555,0.745,dormant,wildlife,0
Scarlands,BMT_FoundryBeetle,foundry beetle,Biomes! Caverns,large,2.4000000953674316,0.18,0.8442,0.1558,0.66,foreign,wildlife,0
Scarlands,Devourer,devourer,Anomaly,huge,4,0.07,0.9477,0.0523,0.517,dormant,anomaly,0
Scarlands,Dreadmeld,dreadmeld,Anomaly,huge,5,0.07,0.8503,0.1497,0.28,dormant,anomaly,0
Scarlands,Bulbfreak,bulbfreak,Anomaly,huge,3.5,0.07,0.8352,0.1648,0.238,dormant,anomaly,0
Scarlands,JungleRancor,Jungle Rancor,Star Wars Animal Collection (Continued),SUPER,15,0.012,0.841,0.159,1.0,foreign,wildlife,0
AB_MiasmicMangrove,BMT_SandLeaper,sand leaper,Biomes! Caverns,tiny,0.20000000298023224,1.0,0.795,0.205,0.455,dormant,wildlife,0
AB_MiasmicMangrove,BMT_BrownBat,brown bat,Biomes! Caverns,tiny,0.25,1.0,0.7745,0.2255,0.556,dormant,wildlife,0
AB_MiasmicMangrove,GRimCobra,Colorful cobra,GRiNDTerra Biomes,tiny,0.25,1.0,0.8337,0.1663,0.556,foreign,wildlife,0
AB_MiasmicMangrove,BMT_Polluwog,polluwog,Biomes! Polluted Lands,tiny,0.10000000149011612,1.0,0.7277,0.2723,0.393,dormant,wildlife,0
AB_MiasmicMangrove,Monkey,monkey,Core,small,0.3499999940395355,0.7,0.7841,0.2159,0.559,ours,wildlife,0
AB_MiasmicMangrove,BMT_GlowSlug,glowslug,Biomes! Caverns,small,0.4000000059604645,0.7,0.716,0.284,0.48,ours,wildlife,0
AB_MiasmicMangrove,AM_Dryad_Unstable,unstable dryad,Alpha Memes,small,0.6499999761581421,0.7,0.5943,0.4057,0.466,dormant,wildlife,0
AB_MiasmicMangrove,Shiro,shiro,Star Wars Animal Collection (Continued),small,0.5,0.7,0.6859,0.3141,0.729,ours,wildlife,0
AB_MiasmicMangrove,Clodhopper,clodhopper,Star Wars Animal Collection (Continued),small,0.5,0.7,0.6577,0.3423,0.572,ours,wildlife,0
AB_MiasmicMangrove,AM_Dryad_Spitter,spitter dryad,Alpha Memes,small,0.6499999761581421,0.7,0.5552,0.4448,0.583,dormant,wildlife,0
AB_MiasmicMangrove,KowakianMonkeyLizard,kowakian monkey-lizard,Star Wars Animal Collection (Continued),small,0.3499999940395355,0.7,0.6506,0.3494,0.559,ours,wildlife,0
AB_MiasmicMangrove,GRimStoneCrab,Colorful stone crab,GRiNDTerra Biomes,small,0.30000001192092896,0.7,0.649,0.351,0.691,foreign,wildlife,0
AB_MiasmicMangrove,AA_Feralisk,feralisk,Alpha Animals,med,1,0.4,0.9181,0.0819,0.825,ours,wildlife,0
AB_MiasmicMangrove,BMT_TripleSnapper,triple snapper,Biomes! Polluted Lands,med,1.399999976158142,0.4,0.7492,0.2508,0.717,dormant,wildlife,0
AB_MiasmicMangrove,BMT_LandOctopus,terrestrial octopus,Biomes! Core,med,0.800000011920929,0.4,0.7207,0.2793,0.57,dormant,wildlife,0
AB_MiasmicMangrove,Klorslug,k'lor'slug,Star Wars Animal Collection (Continued),med,1.5,0.4,0.7848,0.2152,0.737,ours,wildlife,0
AB_MiasmicMangrove,AA_Thunderbeast,thunderbeast,Alpha Animals,med,1.5,0.4,0.7744,0.2256,0.488,ours,wildlife,0
AB_MiasmicMangrove,DA_Karabal,karabal,Dark Ages : Beasts and Monsters,med,1.399999976158142,0.4,0.7637,0.2363,0.585,ours,wildlife,0
AB_MiasmicMangrove,Panda,panda,Odyssey,med,1.5,0.4,0.6395,0.3605,0.438,dormant,wildlife,0
AB_MiasmicMangrove,AA_CrystallineCaracal,crystalline caracal,Alpha Animals,med,0.800000011920929,0.4,0.6371,0.3629,0.57,dormant,wildlife,0
AB_MiasmicMangrove,Bison,bison,Core,large,2.4000000953674316,0.18,0.8753,0.1247,0.46,ours,wildlife,0
AB_MiasmicMangrove,AG_OcularSlinger,ocular slinger,Alpha Genes,large,2.5,0.18,0.7466,0.2534,0.796,dormant,wildlife,0
AB_MiasmicMangrove,AA_RoughPlatedMonitor,rough-plated monitor,Alpha Animals,large,2,0.18,0.8281,0.1719,0.75,ours,wildlife,0
AB_MiasmicMangrove,AA_Mantrap,mantrap,Alpha Animals,large,2,0.18,0.8279,0.1721,0.65,ours,wildlife,0
AB_MiasmicMangrove,BMT_GiantSnail,giant snail,Biomes! Caverns,large,2.5999999046325684,0.18,0.8272,0.1728,0.573,ours,wildlife,0
AB_MiasmicMangrove,Zakkeg,zakkeg,Star Wars Animal Collection (Continued),huge,5,0.07,0.9046,0.0954,1.0,ours,wildlife,0
AB_MiasmicMangrove,KellDragon,kell dragon,Star Wars Animal Collection (Continued),huge,4,0.07,0.8637,0.1363,0.858,ours,wildlife,0
AB_MiasmicMangrove,Dewback,dewback,Star Wars Animal Collection (Continued),huge,3,0.07,0.8604,0.1396,0.625,ours,wildlife,0
AB_MiasmicMangrove,Rancor,Rancor,Star Wars Animal Collection (Continued),SUPER,6,0.012,0.7024,0.2976,1.0,ours,wildlife,0
AB_TarPits,PoisonRat,poison rat,Advanced Biomes (Continued),tiny,0.15000000596046448,1.0,0.9293,0.0707,0.604,ours,wildlife,0
AB_TarPits,Rat,brown rat,Core,tiny,0.20000000298023224,1.0,0.9293,0.0707,0.555,ours,wildlife,0
AB_TarPits,Hare,hare,Core,tiny,0.20000000298023224,1.0,0.9145,0.0855,0.405,ours,wildlife,0
AB_TarPits,Snowhare,snowhare,Core,tiny,0.20000000298023224,1.0,0.9145,0.0855,0.405,ours,wildlife,0
AB_TarPits,Blarth,blarth,Star Wars Animal Collection (Continued),small,0.3199999928474426,0.7,0.9581,0.0419,0.558,foreign,wildlife,0
AB_TarPits,GR_Chickencat,chickencat,Vanilla Genetics Expanded,small,0.30000001192092896,0.7,0.8538,0.1462,0.408,dormant,wildlife,0
AB_TarPits,Voorpak,voorpak,Star Wars Animal Collection (Continued),small,0.3499999940395355,0.7,0.9492,0.0508,0.559,ours,wildlife,0
AB_TarPits,Swan,swan,Odyssey,small,0.6000000238418579,0.7,0.8467,0.1533,0.415,dormant,wildlife,0
AB_TarPits,GR_AnimusHare,animus hare,Vanilla Genetics Expanded,small,0.3499999940395355,0.7,0.8434,0.1566,0.409,dormant,wildlife,0
AB_TarPits,Lothcat,loth-cat,Star Wars Animal Collection (Continued),small,0.3499999940395355,0.7,0.9397,0.0603,0.559,ours,wildlife,0
AB_TarPits,Goat,goat,Core,small,0.75,0.7,0.8978,0.1022,0.419,foreign,wildlife,0
AB_TarPits,AA_FissionMouse,fission mouse,Alpha Animals,small,0.5,0.7,0.897,0.103,0.413,ours,wildlife,0
AB_TarPits,BogHound,bog hound,Odyssey,med,0.8500000238418579,0.4,0.8792,0.1208,0.621,dormant,wildlife,0
AB_TarPits,Husky,husky,Core,med,0.8600000143051147,0.4,0.8739,0.1261,0.572,dormant,wildlife,0
AB_TarPits,GR_Moleman,moleman,Vanilla Genetics Expanded,med,1.5,0.4,0.8481,0.1519,0.588,dormant,wildlife,0
AB_TarPits,VFEI2_RoyalMegascarab,royal megascarab,Vanilla Factions Expanded - Insectoids 2,med,0.800000011920929,0.4,0.8381,0.1619,0.77,dormant,wildlife,0
AB_TarPits,AA_AcanthamoebaGiganteaLarge,"acanthamoeba gigantea, large",Alpha Animals,med,0.800000011920929,0.4,0.8369,0.1631,0.42,dormant,wildlife,0
AB_TarPits,Wolf_Arctic,arctic wolf,Core,med,0.8500000238418579,0.4,0.9297,0.0703,0.571,ours,wildlife,0
AB_TarPits,Tauntaun,tauntaun,Star Wars Animal Collection (Continued),med,1,0.4,0.9243,0.0757,0.575,foreign,wildlife,0
AB_TarPits,GR_Bearman,bearman,Vanilla Genetics Expanded,med,1.25,0.4,0.8242,0.1758,0.581,dormant,wildlife,0
AB_TarPits,GR_ParagonFeline,feline paragon,Vanilla Genetics Expanded,large,1.7999999523162842,0.18,0.8581,0.1419,0.595,dormant,wildlife,0
AB_TarPits,Nerf,nerf,Star Wars Animal Collection (Continued),large,2,0.18,0.9399,0.0601,0.45,ours,wildlife,0
AB_TarPits,VFEI2_Gigalocust,gigalocust,Vanilla Factions Expanded - Insectoids 2,large,2.200000047683716,0.18,0.8386,0.1614,0.862,dormant,wildlife,0
AB_TarPits,BMT_BovineBeetle,bovine beetle,Biomes! Caverns,large,2.450000047683716,0.18,0.9346,0.0654,0.536,ours,wildlife,0
AB_TarPits,Boomalope,boomalope,Core,large,2,0.18,0.9146,0.0854,0.45,ours,wildlife,0
AB_TarPits,Procoptodon,procoptodon,Megafauna,huge,3,0.07,0.9359,0.0641,0.475,dormant,wildlife,0
AB_TarPits,VFEI2_Gigamite,gigamite,Vanilla Factions Expanded - Insectoids 2,huge,4,0.07,0.8968,0.1032,0.812,dormant,wildlife,0
AB_TarPits,Deinotherium,deinotherium,Megafauna,huge,5.5,0.07,0.8936,0.1064,0.5,dormant,wildlife,0
AB_TarPits,Sivatherium,sivatherium ,Megafauna,SUPER,8,0.012,0.9623,0.0377,0.5,ours,wildlife,0
AB_PyroclasticConflagration,DA_SilverMole,silver mole,Dark Ages : Beasts and Monsters,tiny,0.20000000298023224,1.0,0.7068,0.2932,0.405,dormant,wildlife,0
AB_PyroclasticConflagration,TYR_HotfootRat,hotfoot rat,Little Critters,tiny,0.20000000298023224,1.0,0.7524,0.2476,0.405,ours,wildlife,0
AB_PyroclasticConflagration,VFEI2_Swarmling,swarmlings,Vanilla Factions Expanded - Insectoids 2,tiny,0.20000000298023224,1.0,0.5943,0.4057,0.605,dormant,wildlife,0
AB_PyroclasticConflagration,VFEI2_Boomtick,boomtick,Vanilla Factions Expanded - Insectoids 2,tiny,0.18000000715255737,1.0,0.5173,0.4827,0.905,dormant,wildlife,0
AB_PyroclasticConflagration,BMT_Megaphorid,megaphorid,Biomes! Polluted Lands,small,0.6000000238418579,0.7,0.9762,0.0238,0.615,dormant,wildlife,0
AB_PyroclasticConflagration,BMT_Creature_Mantrap,mantrap,Biomes! Polluted Lands,small,0.7699999809265137,0.7,0.9383,0.0617,0.559,dormant,wildlife,0
AB_PyroclasticConflagration,BMT_SmogMoth,smog moth,Biomes! Polluted Lands,small,0.7699999809265137,0.7,0.905,0.095,0.559,dormant,wildlife,0
AB_PyroclasticConflagration,AA_BlackScarab,black scarab,Alpha Animals,small,0.30000001192092896,0.7,0.9046,0.0954,0.791,dormant,wildlife,0
AB_PyroclasticConflagration,BMT_FamineLocust,famine locust,Biomes! Polluted Lands,small,0.3199999928474426,0.7,0.8758,0.1242,0.608,dormant,wildlife,0
AB_PyroclasticConflagration,Chinchilla,chinchilla,Core,small,0.3499999940395355,0.7,0.4214,0.5786,0.409,ours,wildlife,0
AB_PyroclasticConflagration,MonitorLizard,monitor lizard,Odyssey,small,0.6000000238418579,0.7,0.8657,0.1343,0.605,dormant,wildlife,0
AB_PyroclasticConflagration,BMT_Gembug,gembug,Biomes! Caverns,small,0.33500000834465027,0.7,0.2692,0.7308,0.558,ours,wildlife,0
AB_PyroclasticConflagration,BMT_ShatterjawBeetle,shatterjaw beetle,Biomes! Caverns,med,1,0.4,0.8204,0.1796,0.625,ours,wildlife,0
AB_PyroclasticConflagration,Spelopede,spelopede,Core,med,0.800000011920929,0.4,0.744,0.256,0.68,ours,wildlife,0
AB_PyroclasticConflagration,GRimLavaSnail,Colorful lava snail,GRiNDTerra Biomes,med,0.8999999761581421,0.4,0.6112,0.3888,0.664,foreign,wildlife,0
AB_PyroclasticConflagration,Kinrath,kinrath,Star Wars Animal Collection (Continued),med,1.2000000476837158,0.4,0.6084,0.3916,0.705,ours,wildlife,0
AB_PyroclasticConflagration,VFEI2_Durapod,durapod,Vanilla Factions Expanded - Insectoids 2,med,0.800000011920929,0.4,0.5076,0.4924,0.92,dormant,wildlife,0
AB_PyroclasticConflagration,Megaspider,megaspider,Core,med,1.2000000476837158,0.4,0.5899,0.4101,0.705,ours,wildlife,0
AB_PyroclasticConflagration,BMT_MutatingTumorfishFry,mutating tumorfish fry,Biomes! Polluted Lands,med,0.800000011920929,0.4,0.9883,0.0117,0.61,dormant,wildlife,0
AB_PyroclasticConflagration,JRWDinilysia,dinilysia,Jurassic Rimworld - Dinosaurs Only (Continued),med,1.5,0.4,0.4249,0.5751,0.588,dormant,wildlife,0
AB_PyroclasticConflagration,LavaFlea,lava flea,Star Wars Animal Collection (Continued),large,2.4000000953674316,0.18,0.8884,0.1116,0.75,ours,wildlife,0
AB_PyroclasticConflagration,MastiffPhalone,mastiff phalone,Star Wars Animal Collection (Continued),large,2,0.18,0.8203,0.1797,0.6,ours,wildlife,0
AB_PyroclasticConflagration,AA_Metallovore,metallovore,Alpha Animals,large,2,0.18,0.8138,0.1862,0.45,ours,wildlife,0
AB_PyroclasticConflagration,AA_SandSquid,sand squid,Alpha Animals,large,2,0.18,0.7561,0.2439,0.683,ours,wildlife,0
AB_PyroclasticConflagration,MarshHaunt,marsh haunt,Star Wars Animal Collection (Continued),large,2.5,0.18,0.7319,0.2681,0.688,ours,wildlife,0
AB_PyroclasticConflagration,Mudhorn,mudhorn,Star Wars Animal Collection (Continued),huge,4,0.07,0.9522,0.0478,0.73,ours,wildlife,0
AB_PyroclasticConflagration,Roggwart,roggwart,Star Wars Animal Collection (Continued),huge,5,0.07,0.9165,0.0835,0.982,ours,wildlife,0
AB_PyroclasticConflagration,AA_MammothWorm,mammoth worm,Alpha Animals,huge,3,0.07,0.9101,0.0899,0.842,ours,wildlife,0
AB_PyroclasticConflagration,Horax,horax,Star Wars Animal Collection (Continued),SUPER,15,0.012,0.6314,0.3686,0.95,ours,wildlife,0
Volcano,TYR_KangarooRat,kangaroo rat,Little Critters,tiny,0.20000000298023224,1.0,0.7575,0.2425,0.405,dormant,wildlife,0
Volcano,BMT_GlowBat,bioluminescent bat,Biomes! Caverns,tiny,0.25,1.0,0.745,0.255,0.406,ours,wildlife,0
Volcano,BMT_GoetoTadpole,goeto tadpole,Biomes! Caverns,tiny,0.10000000149011612,1.0,0.5593,0.4407,0.403,dormant,wildlife,0
Volcano,Tooke,tooke,Star Wars Animal Collection (Continued),tiny,0.10000000149011612,1.0,0.6501,0.3499,0.603,ours,wildlife,0
Volcano,Pikobis,pikobis,Star Wars Animal Collection (Continued),small,0.6000000238418579,0.7,0.7344,0.2656,0.565,ours,wildlife,0
Volcano,BMT_ShimmershellSnail,shimmershell snail,Biomes! Caverns,small,0.6000000238418579,0.7,0.6293,0.3707,0.485,ours,wildlife,0
Volcano,BMT_GoetoToad,goeto toad,Biomes! Caverns,small,0.30000001192092896,0.7,0.5593,0.4407,0.558,ours,wildlife,0
Volcano,Mott,mott,Star Wars Animal Collection (Continued),small,0.75,0.7,0.5312,0.4688,0.419,ours,wildlife,0
Volcano,Squall,squall,Star Wars Animal Collection (Continued),small,0.30000001192092896,0.7,0.5214,0.4786,0.408,ours,wildlife,0
Volcano,GRimTortoise,Colorful tortoise,GRiNDTerra Biomes,small,0.5,0.7,0.518,0.482,0.704,foreign,wildlife,0
Volcano,BMT_BloodletterPetrel,bloodletter petrel,Biomes! Polluted Lands,small,0.3199999928474426,0.7,0.9432,0.0568,0.548,dormant,wildlife,0
Volcano,GRimMonitorLizard,Colorful monitor lizard,GRiNDTerra Biomes,small,0.6000000238418579,0.7,0.4516,0.5484,0.605,foreign,wildlife,0
Volcano,Donkey,donkey,Core,med,1.399999976158142,0.4,0.8145,0.1855,0.435,ours,wildlife,0
Volcano,AA_RipperHound,ripper hound,Alpha Animals,med,1.5,0.4,0.7554,0.2446,0.654,ours,wildlife,0
Volcano,Panther,panther,Core,med,1,0.4,0.6179,0.3821,0.575,ours,wildlife,0
Volcano,CorellianHound,corellian hound,Star Wars Animal Collection (Continued),med,0.8500000238418579,0.4,0.5386,0.4614,0.591,ours,wildlife,0
Volcano,GR_Muffalopede,muffalopede,Vanilla Genetics Expanded,med,1.5,0.4,0.9708,0.0292,0.588,dormant,wildlife,0
Volcano,BMT_Xyrion,xyrion,Biomes! Caverns,med,0.8999999761581421,0.4,0.4898,0.5102,0.572,ours,wildlife,0
Volcano,Rycrit,rycrit,Star Wars Animal Collection (Continued),med,0.8500000238418579,0.4,0.4778,0.5222,0.571,ours,wildlife,0
Volcano,BMT_MucklurkerCatfish,mucklurker catfish,Biomes! Polluted Lands,med,0.8500000238418579,0.4,0.9223,0.0777,0.561,dormant,wildlife,0
Volcano,GR_Wolfhorse,wolfhorse,Vanilla Genetics Expanded,large,2.799999952316284,0.18,0.8546,0.1454,0.62,dormant,wildlife,0
Volcano,Gorilla,gorilla,Odyssey,large,2,0.18,0.8286,0.1714,0.6,dormant,wildlife,0
Volcano,BMT_Megabat,megabat,Biomes! Caverns,large,2.200000047683716,0.18,0.8228,0.1772,0.605,dormant,wildlife,0
Volcano,BMT_SludgeCrawler,sludgecrawler,Biomes! Polluted Lands,large,2.5999999046325684,0.18,0.8214,0.1786,0.563,dormant,wildlife,0
Volcano,BMT_GiantSlug,giant slug,Biomes! Caverns,large,1.7000000476837158,0.18,0.8169,0.1831,0.509,ours,wildlife,0
Volcano,BMT_CaveSpider,cave spider,Biomes! Caverns,huge,4,0.07,0.9128,0.0872,0.9,ours,wildlife,0
Volcano,Uvak,uvak,Star Wars Animal Collection (Continued),huge,3,0.07,0.9085,0.0915,0.625,ours,wildlife,0
Volcano,VAEWaste_Pestigator,pestigator,Vanilla Animals Expanded — Waste Animals,huge,3,0.07,0.7994,0.2006,0.875,dormant,wildlife,0
Volcano,ChrysalideRancor,chrysalide rancor,Star Wars Animal Collection (Continued),SUPER,8,0.012,0.5751,0.4249,1.0,ours,wildlife,0
LavaField,Kreetle,kreetle,Star Wars Animal Collection (Continued),tiny,0.20000000298023224,1.0,0.6731,0.3269,0.605,ours,wildlife,0
LavaField,AA_InfectedAerofleet,infected aerofleet,Alpha Animals,tiny,0.20000000298023224,1.0,0.6699,0.3301,0.405,ours,wildlife,0
LavaField,BMT_Batbird,batbird,Biomes! Caverns,tiny,0.25,1.0,0.5637,0.4363,0.556,dormant,wildlife,0
LavaField,AA_Needleroll,needleroll,Alpha Animals,tiny,0.15000000596046448,1.0,0.6114,0.3886,0.429,ours,wildlife,0
LavaField,Whisperbird,whisperbird,Star Wars Animal Collection (Continued),small,0.4000000059604645,0.7,0.4623,0.5377,0.56,ours,wildlife,0
LavaField,Tortoise,tortoise,Core,small,0.5,0.7,0.9097,0.0903,0.704,dormant,wildlife,0
LavaField,BMT_FacetMoth,facet moth,Biomes! Caverns,small,0.7699999809265137,0.7,0.4259,0.5741,0.419,ours,wildlife,0
LavaField,BMT_CrestedDragon,crested dragon,Biomes! Caverns,small,0.699999988079071,0.7,0.8713,0.1287,0.567,dormant,wildlife,0
LavaField,Emu,emu,Core,small,0.6000000238418579,0.7,0.8658,0.1342,0.415,dormant,wildlife,0
LavaField,BMT_Mole,mole,Biomes! Caverns,small,0.4000000059604645,0.7,0.8599,0.1401,0.56,dormant,wildlife,0
LavaField,Shyrack,shyrack,Star Wars Animal Collection (Continued),small,0.75,0.7,0.9592,0.0408,0.639,ours,wildlife,0
LavaField,AM_Dryad_Tumorous,tumorous dryad,Alpha Memes,small,0.6669999957084656,0.7,0.8575,0.1425,0.467,dormant,wildlife,0
LavaField,AA_Animalisk,animalisk,Alpha Animals,med,1,0.4,0.928,0.072,0.675,dormant,wildlife,0
LavaField,GR_Wolfscarab,wolfscarab,Vanilla Genetics Expanded,med,0.8500000238418579,0.4,0.9201,0.0799,0.755,dormant,wildlife,0
LavaField,VAEWaste_Toxiguana,toxiguana,Vanilla Animals Expanded — Waste Animals,med,1.399999976158142,0.4,0.8999,0.1001,0.585,dormant,wildlife,0
LavaField,GR_Spidercat,spidercat,Vanilla Genetics Expanded,med,0.8500000238418579,0.4,0.8887,0.1113,0.705,dormant,wildlife,0
LavaField,BMT_FireSalamander,fire salamander,Biomes! Caverns,med,1.25,0.4,0.2833,0.7167,0.598,foreign,wildlife,0
LavaField,Massiff,massiff,Star Wars Animal Collection (Continued),med,0.8500000238418579,0.4,0.9619,0.0381,0.611,ours,wildlife,0
LavaField,GR_Snakecat,snakecat,Vanilla Genetics Expanded,med,1.5,0.4,0.8581,0.1419,0.588,dormant,wildlife,0
LavaField,BMT_MutatingTumorfishSpawn,mutating tumorfish spawn,Biomes! Polluted Lands,med,0.800000011920929,0.4,0.8538,0.1462,0.41,dormant,wildlife,0
LavaField,DA_Snaptoad,giant snaptoad,Dark Ages : Beasts and Monsters,large,2.299999952316284,0.18,0.7903,0.2097,0.607,foreign,wildlife,0
LavaField,BMT_Megapleura,megapleura,Biomes! Caverns,large,2.4000000953674316,0.18,0.7867,0.2133,0.56,ours,wildlife,0
LavaField,Boma,boma,Star Wars Animal Collection (Continued),large,2,0.18,0.7683,0.2317,0.7,ours,wildlife,0
LavaField,DA_Barog,barogoth,Dark Ages : Beasts and Monsters,large,2.4000000953674316,0.18,0.7357,0.2643,0.46,foreign,wildlife,0
LavaField,Dromedary,dromedary,Core,large,2.0999999046325684,0.18,0.7342,0.2658,0.452,ours,wildlife,0
LavaField,MA_Hellboar,Hellboar,Mythic Ages: Megafauna Bestiary,huge,3,0.07,0.8899,0.1101,0.8,ours,wildlife,0
LavaField,Tukata,tuk'ata,Star Wars Animal Collection (Continued),huge,4,0.07,0.8878,0.1122,0.95,ours,wildlife,0
LavaField,Dactillion,dactillion,Star Wars Animal Collection (Continued),huge,3,0.07,0.8821,0.1179,0.625,ours,wildlife,0
LavaField,Taozin,taozin,Star Wars Animal Collection (Continued),SUPER,6,0.012,0.558,0.442,0.982,ours,wildlife,0
AB_OcularForest,Boomrat,boomrat,Core,tiny,0.20000000298023224,1.0,0.8486,0.1514,0.555,ours,wildlife,0
AB_OcularForest,JOE_Landopus,landopus,Cephaloids,tiny,0.15000000596046448,1.0,0.8261,0.1739,0.554,foreign,wildlife,0
AB_OcularForest,JRWProtovermes,Protovermes,Jurassic Rimworld - Dinosaurs Only (Continued),tiny,0.20000000298023224,1.0,0.6007,0.3993,0.555,dormant,wildlife,0
AB_OcularForest,AA_Aerofleet,aerofleet,Alpha Animals,tiny,0.20000000298023224,1.0,0.6886,0.3114,0.405,ours,wildlife,0
AB_OcularForest,Flamingo,flamingo,Odyssey,small,0.6000000238418579,0.7,0.7886,0.2114,0.565,dormant,wildlife,0
AB_OcularForest,Convor,convor,Star Wars Animal Collection (Continued),small,0.4000000059604645,0.7,0.8796,0.1204,0.56,ours,wildlife,0
AB_OcularForest,GR_Manalope,manalope,Vanilla Genetics Expanded,small,0.5,0.7,0.7457,0.2543,0.413,dormant,wildlife,0
AB_OcularForest,Heron,heron,Odyssey,small,0.6000000238418579,0.7,0.7336,0.2664,0.565,dormant,wildlife,0
AB_OcularForest,AA_FlamingoPhoenix,flamingo phoenix,Alpha Animals,small,0.6000000238418579,0.7,0.7064,0.2936,0.415,dormant,wildlife,0
AB_OcularForest,AA_OcularJelly,ocular jelly,Alpha Animals,small,0.5,0.7,0.7991,0.2009,0.413,ours,wildlife,0
AB_OcularForest,Fox_Red,red fox,Core,small,0.550000011920929,0.7,0.7914,0.2086,0.564,ours,wildlife,0
AB_OcularForest,ERN_Carbuncle,carbuncle,Erin's Final Fantasy Animals,small,0.6000000238418579,0.7,0.6302,0.3698,0.565,dormant,wildlife,0
AB_OcularForest,JRWArchaeopteryx,Archaeopteryx,Jurassic Rimworld - Dinosaurs Only (Continued),med,1.5,0.4,0.9836,0.0164,0.588,ours,wildlife,0
AB_OcularForest,FrogDog,frog dog,Star Wars Animal Collection (Continued),med,0.8500000238418579,0.4,0.9504,0.0496,0.571,ours,wildlife,0
AB_OcularForest,JRWMicroceratus,Microceratus,Jurassic Rimworld - Dinosaurs Only (Continued),med,1.5,0.4,0.7907,0.2093,0.438,dormant,wildlife,0
AB_OcularForest,Bordok,bordok,Star Wars Animal Collection (Continued),med,1.399999976158142,0.4,0.8879,0.1121,0.435,ours,wildlife,0
AB_OcularForest,Neanderthal,neanderthal,Beasts of the Rim (Continued),med,1,0.4,0.7783,0.2217,0.575,dormant,wildlife,0
AB_OcularForest,JRWDiplocaulus,Diplocaulus,Jurassic Rimworld - Dinosaurs Only (Continued),med,1.5,0.4,0.8765,0.1235,0.588,foreign,wildlife,0
AB_OcularForest,AA_Wildpawn,wildpawn,Alpha Animals,med,1.399999976158142,0.4,0.8583,0.1417,0.685,ours,wildlife,0
AB_OcularForest,Zarander,zarander,Beasts of the Rim (Continued),med,0.800000011920929,0.4,0.8525,0.1475,0.57,foreign,wildlife,0
AB_OcularForest,JRWDryosaurus,Dryosaurus,Jurassic Rimworld - Dinosaurs Only (Continued),large,2.5,0.18,0.8959,0.1041,0.463,dormant,wildlife,0
AB_OcularForest,GR_Boomalisk,boomalisk,Vanilla Genetics Expanded,large,2,0.18,0.8694,0.1306,0.783,dormant,wildlife,0
AB_OcularForest,JRWGeosternbergia,Geosternbergia,Jurassic Rimworld - Dinosaurs Only (Continued),large,2.5,0.18,0.9605,0.0395,0.613,ours,wildlife,0
AB_OcularForest,GR_ParagonBoomalope,boomalope paragon,Vanilla Genetics Expanded,large,2.200000047683716,0.18,0.8525,0.1475,0.455,dormant,wildlife,0
AB_OcularForest,AA_SandLion,sand lion,Alpha Animals,large,2,0.18,0.9455,0.0545,0.6,ours,wildlife,0
AB_OcularForest,GR_FleshMonstrosity,flesh monstrosity,Vanilla Genetics Expanded,huge,5,0.07,0.9085,0.0915,0.65,dormant,wildlife,0
AB_OcularForest,GR_FleshGrowth,flesh growth,Vanilla Genetics Expanded,huge,5,0.07,0.9056,0.0944,0.65,dormant,wildlife,0
AB_OcularForest,Gigantopithecus,gigantopithecus,Megafauna,huge,3.5,0.07,0.9053,0.0947,0.488,dormant,wildlife,0
AB_OcularForest,Torton,torton,Star Wars Animal Collection (Continued),SUPER,6,0.012,0.9566,0.0434,0.85,ours,wildlife,0
