tile,mutators
10,Oasis
20,Mountain
25,Mountain
36,Coast
83,Oasis
84,Mountain
85,Mountain
88,Coast
126,Mountain
128,Mountain
132,Mountain
134,Mountain
142,Mountain;Oasis
143,Mountain
144,Mountain;Oasis
151,Mountain
171,Coast
182,Mountain
203,Mountain
241,Coast
259,Mountain
265,Mountain
267,Coast
269,Coast
299,Mountain
313,Mountain
315,Mountain
322,Mountain
323,Mountain
324,Mountain
351,Mountain
370,Mountain
380,Mountain
385,Mountain
421,Coast
440,Mountain
446,Coast
454,Mountain
495,Mountain
499,Mountain
510,Coast
575,Mountain
581,Mountain
583,Mountain
632,Oasis
633,Mountain
634,Mountain
635,Mountain
657,Mountain
658,Mountain
661,Mountain
698,Mountain
709,Coast
712,Mountain
717,Mountain
718,Mountain
727,Coast;Mountain
739,Mountain
747,Mountain
748,Coast
753,Mountain
755,Mountain
758,Coast
759,Mountain
763,Oasis
768,Mountain
769,Mountain
770,Oasis
773,Oasis
776,Mountain
777,Coast;Mountain
780,Coast;Mountain
781,Mountain
788,Coast
801,Mountain
809,Mountain
853,Mountain
855,Mountain
862,Mountain
863,Oasis
920,Mountain
923,Coast;Mountain
924,Coast;Mountain
925,Mountain
981,Mountain
987,Coast
1016,Coast
1035,Mountain
1038,Mountain
1039,Mountain
1046,Coast
1151,Mountain
1155,Mountain
1156,Mountain
1172,Oasis
1180,Mountain
1198,Mountain
1238,Mountain
1257,Mountain
1259,Mountain
1263,Mountain
1266,Mountain
1275,Mountain
1295,Coast;Mountain
1303,Oasis
1305,Mountain
1308,Mountain
1309,Mountain
1312,Mountain
1314,Oasis
1315,Coast;Mountain
1316,Mountain
1317,Coast;Mountain
1321,Mountain
1331,Coast;Mountain
1333,Mountain
1341,Coast;Mountain
1514,Mountain
1515,Mountain
1526,Mountain
1556,Mountain
1560,Mountain
1561,Mountain
1594,Mountain
1595,Mountain
1598,Mountain
1599,Mountain
1603,Mountain
1604,Mountain
1605,Mountain
1608,Mountain
1612,Mountain
1615,Mountain
1616,Mountain
1620,Mountain
1625,Mountain
1626,Mountain
1627,Mountain
1650,Mountain
1651,Mountain
1652,Mountain;Oasis
1653,Oasis
1654,Mountain
1656,Mountain
1659,Mountain
1660,Oasis
1662,Mountain
1664,Mountain
1665,Oasis
1666,Mountain
1667,Oasis
1668,Mountain
1669,Mountain
1673,Mountain
1677,Coast;Mountain;Oasis
1678,Coast;Mountain;Oasis
1705,Coast
1707,Mountain
1708,Coast
1709,Mountain
1715,Mountain
1768,Mountain
1828,Coast
1844,Mountain
1847,Mountain
1860,Coast;Mountain
1895,Mountain
1897,Mountain
1907,Mountain
1915,Mountain
1942,Mountain
1992,Mountain
1999,Mountain
2000,Mountain
2001,Mountain
2014,Coast;Mountain
2015,Mountain
2019,Oasis
2020,Mountain
2032,Mountain
2033,Mountain
2035,Mountain
2064,Mountain
2084,Mountain
2087,Mountain
2234,Coast
2236,Coast
2243,Mountain
2247,Coast
2249,Coast
2253,Mountain
2264,Mountain
2269,Mountain
2338,Mountain
2340,Mountain
2341,Mountain
2349,Mountain
2354,Mountain
2359,Mountain
2394,Mountain
2407,Coast
2489,Coast
2491,Coast
2541,Mountain
2544,Mountain
2545,Mountain
2557,Mountain
2614,Coast
2616,Coast
2641,Coast
2658,Mountain
2774,Mountain
2775,Mountain
2779,Mountain
2800,Mountain
2878,Mountain
2879,Mountain
2880,Mountain
2882,Mountain
2912,Mountain
2913,Mountain
2917,Coast;Mountain
2919,Coast
2920,Coast;Oasis
2922,Oasis
2923,Mountain
2925,Mountain
2926,Mountain
2928,Mountain
2929,Mountain
2932,Mountain
2933,Mountain
2934,Mountain
2935,Mountain
2936,Coast;Mountain
2937,Coast;Mountain
2949,Coast;Mountain
2952,Coast;Mountain
2953,Mountain
3135,Mountain
3146,Mountain
3150,Mountain
3153,Oasis
3155,Oasis
3176,Mountain
3177,Mountain
3180,Mountain
3181,Mountain
3191,Mountain
3212,Mountain
3213,Mountain
3214,Mountain
3218,Mountain
3219,Mountain
3221,Coast
3222,Coast;Mountain
3223,Mountain
3224,Coast;Mountain
3225,Mountain
3226,Coast
3227,Mountain
3228,Mountain
3232,Mountain
3238,Mountain
3242,Mountain
3243,Mountain
3244,Mountain
3245,Mountain
3247,Mountain
3271,Mountain
3272,Oasis
3273,Mountain;Oasis
3274,Mountain;Oasis
3275,Mountain;Oasis
3276,Mountain;Oasis
3277,Oasis
3279,Mountain
3282,Mountain
3287,Mountain;Oasis
3289,Mountain
3324,Coast
3325,Coast
3327,Mountain
3328,Mountain
3331,Mountain
3333,Mountain
3464,Mountain
3465,Mountain
3478,Coast
3479,Coast
3514,Mountain
3515,Mountain
3528,Mountain
3614,Mountain
3620,Mountain
3628,Mountain
3632,Coast;Mountain
3635,Coast;Mountain
3640,Mountain
3641,Mountain
3642,Oasis
3653,Coast;Mountain
3655,Coast;Mountain
3704,Mountain
3705,Mountain
3826,Mountain
3869,Coast
3889,Mountain
3958,Mountain
3959,Mountain
3974,Mountain
3975,Mountain
3976,Mountain
3977,Mountain
3978,Mountain
3979,Mountain
3997,Mountain
4010,Mountain
4011,Mountain
4014,Mountain
4015,Mountain
4024,Coast
4027,Coast
4035,Coast
4038,Coast
4043,Coast
4044,Coast
4045,Coast
4211,Mountain
4212,Mountain
4213,Mountain
4214,Mountain
4216,Mountain
4217,Mountain
4218,Mountain
4298,Mountain
4299,Mountain
4300,Mountain
4301,Mountain
4302,Mountain
4303,Mountain
4310,Mountain
4311,Mountain
4312,Mountain
4313,Mountain
4314,Mountain
4320,Mountain
4321,Mountain
4352,Mountain
4353,Mountain;Oasis
4354,Mountain;Oasis
4356,Mountain
4357,Mountain
4358,Mountain
4360,Mountain
4361,Mountain
4367,Mountain;Oasis
4369,Mountain;Oasis
4372,Oasis
4373,Mountain;Oasis
4376,Oasis
4399,Mountain
4400,Coast
4405,Mountain
4406,Coast
4410,Coast
4527,Mountain
4642,Mountain
4700,Mountain
4701,Mountain
4705,Mountain
4707,Mountain
4711,Mountain
4720,Coast;Mountain
4721,Mountain
4722,Oasis
4723,Coast;Mountain
4730,Coast;Mountain
4731,Mountain
4732,Mountain
4733,Mountain
4734,Mountain
4735,Mountain
4781,Mountain
4782,Mountain
4802,Mountain
4803,Mountain
4946,Coast
4961,Mountain
4965,Mountain
5039,Mountain
5057,Mountain
5058,Mountain
5059,Mountain
5060,Mountain
5061,Mountain
5065,Mountain
5102,Coast
5106,Coast
5144,Mountain
5146,Mountain
5147,Mountain
5148,Mountain
5150,Mountain
5151,Coast
5152,Mountain
5153,Mountain
5163,Coast
5280,Coast
5281,Coast
5391,Mountain
5393,Mountain
5394,Mountain
5403,Mountain
5409,Mountain
5413,Mountain
5414,Mountain
5415,Mountain
5456,Coast
5460,Coast
5484,Coast
5910,Mountain
5913,Mountain
5923,Mountain
6112,Mountain
6113,Mountain
6114,Mountain
6126,Mountain
6186,Mountain
6187,Mountain
6193,Mountain
6215,Oasis
6219,Oasis
6220,Mountain
6223,Mountain;Oasis
6224,Mountain
6226,Mountain
6227,Oasis
6228,Mountain
6229,Mountain
6230,Mountain
6231,Mountain
6232,Mountain
6233,Mountain
6234,Mountain
6235,Mountain
6238,Oasis
6243,Oasis
6247,Oasis
6324,Oasis
6362,Mountain
6363,Mountain
6366,Mountain
6367,Mountain
6368,Mountain
6370,Mountain
6371,Mountain
6373,Mountain
6388,Mountain
6389,Mountain
6390,Mountain
6454,Coast;Mountain
6455,Coast;Mountain
6456,Oasis
6477,Mountain
6479,Mountain
6575,Mountain
6605,Mountain
6606,Mountain
6607,Mountain
6608,Mountain
6610,Mountain
6611,Mountain
6612,Mountain
6613,Mountain
6614,Mountain
6615,Mountain
6634,Coast
6636,Coast
6638,Coast
6654,Coast;Mountain
6658,Coast
6677,Coast
6678,Coast
6682,Mountain
6684,Mountain
6695,Mountain
6696,Mountain
6697,Mountain
6717,Mountain
6722,Mountain
6723,Mountain
6724,Mountain
6726,Mountain
6727,Mountain
6729,Mountain
6730,Mountain
6731,Mountain
6733,Mountain
6734,Mountain
6737,Mountain
6752,Mountain
6753,Mountain
6755,Mountain
6779,Coast
6781,Coast
6782,Coast
6783,Mountain
6784,Mountain
6785,Mountain
6787,Coast
6834,Mountain
6855,Mountain
6859,Mountain
6897,Coast
6899,Coast;Mountain
6902,Coast
6903,Mountain
6904,Coast;Mountain
6905,Mountain
6909,Coast
6910,Coast
6911,Mountain
6919,Coast
6933,Mountain
6936,Mountain
6940,Mountain
6942,Mountain
6943,Mountain
6951,Mountain
6952,Coast;Mountain
6954,Mountain
6955,Mountain
6969,Mountain
6971,Coast;Mountain
6975,Oasis
6976,Mountain
6977,Mountain
6990,Coast
6999,Oasis
7000,Oasis
7001,Oasis
7002,Oasis
7003,Oasis
7005,Mountain
7010,Mountain
7012,Mountain
7014,Mountain
7015,Mountain
7028,Mountain
7029,Mountain
7030,Mountain
7033,Mountain
7036,Mountain
7037,Mountain
7038,Mountain
7041,Mountain
7042,Oasis
7044,Coast;Mountain
7045,Coast;Mountain
7058,Oasis
7059,Oasis
7060,Oasis
7061,Oasis
7062,Oasis
7064,Mountain
7065,Coast;Mountain
7069,Coast;Mountain
7076,Mountain
7077,Mountain
7078,Mountain
7079,Mountain
7080,Mountain
7081,Mountain
7084,Mountain
7085,Mountain
7086,Mountain
7100,Coast;Mountain
7101,Mountain
7104,Mountain
7105,Mountain
7106,Mountain
7107,Mountain
7108,Mountain
7109,Mountain
7111,Mountain
7149,Coast
7156,Coast
7160,Coast;Mountain
7166,Mountain
7176,Mountain
7177,Mountain
7179,Coast
7180,Coast;Mountain
7226,Coast;Mountain
7227,Coast;Mountain
7228,Mountain
7245,Coast
7249,Coast
7251,Coast;Mountain
7273,Mountain
7274,Mountain
7275,Mountain
7277,Mountain
7278,Mountain
7283,Mountain
7342,Oasis
7344,Oasis
7349,Coast
7400,Mountain
7401,Coast;Mountain
7402,Coast;Mountain
7403,Coast;Mountain
7404,Mountain
7433,Mountain
7434,Mountain
7446,Mountain
7474,Coast
7475,Coast
7497,Coast
7500,Coast
7515,Mountain
7518,Mountain
7602,Mountain
7634,Mountain
7635,Mountain
7639,Mountain
7739,Mountain
7740,Mountain
7772,Coast;Mountain
7773,Coast;Mountain
7777,Coast;Mountain
7778,Coast;Mountain
7779,Coast;Mountain
7780,Oasis
7781,Mountain;Oasis
7782,Oasis
7783,Mountain
7785,Mountain
7786,Mountain
7788,Mountain
7789,Mountain
7790,Coast;Mountain
7791,Coast;Mountain
7792,Coast;Mountain
7793,Mountain
7794,Mountain
7795,Mountain
7809,Coast;Mountain
7812,Coast
8006,Mountain
8013,Oasis
8014,Oasis
8036,Mountain
8037,Mountain
8038,Mountain
8040,Mountain
8041,Mountain
8051,Mountain
8053,Mountain
8072,Mountain
8073,Mountain
8074,Mountain
8078,Mountain
8081,Coast
8083,Mountain
8084,Coast;Mountain
8085,Mountain
8086,Mountain
8087,Mountain
8088,Mountain
8089,Mountain
8093,Mountain
8102,Mountain
8104,Mountain
8106,Mountain
8107,Mountain
8126,Mountain
8130,Mountain
8132,Oasis
8133,Mountain;Oasis
8134,Mountain;Oasis
8135,Mountain;Oasis
8136,Mountain;Oasis
8137,Oasis
8139,Mountain
8141,Mountain
8142,Mountain
8143,Mountain
8144,Mountain
8145,Mountain
8146,Mountain;Oasis
8147,Mountain
8148,Mountain
8149,Mountain;Oasis
8181,Coast
8184,Coast
8188,Mountain
8189,Mountain
8190,Mountain
8191,Mountain
8306,Coast
8310,Coast
8325,Mountain
8373,Mountain
8374,Mountain
8375,Mountain
8377,Mountain
8474,Mountain
8497,Coast;Mountain
8498,Oasis
8500,Mountain
8501,Mountain
8502,Mountain
8503,Oasis
8515,Coast;Mountain
8564,Mountain
8565,Mountain
8726,Coast
8729,Coast
8817,Mountain
8818,Mountain
8819,Mountain
8835,Mountain
8836,Mountain
8837,Mountain
8838,Mountain
8853,Mountain
8870,Mountain
8871,Mountain
8872,Mountain
8875,Mountain
8883,Coast
8884,Coast
8896,Coast
8898,Coast
8904,Coast
9071,Mountain
9072,Mountain
9074,Mountain
9075,Mountain
9076,Mountain
9077,Mountain
9078,Mountain
9079,Mountain
9158,Mountain
9159,Mountain
9160,Mountain
9161,Mountain
9162,Mountain
9163,Mountain
9170,Mountain
9171,Mountain
9172,Mountain
9174,Mountain
9212,Mountain;Oasis
9213,Mountain;Oasis
9214,Mountain;Oasis
9218,Mountain
9219,Mountain
9220,Mountain
9221,Mountain
9226,Mountain
9227,Coast;Mountain;Oasis
9228,Coast;Mountain;Oasis
9229,Mountain
9232,Oasis
9233,Oasis
9235,Oasis
9260,Coast
9261,Coast
9264,Coast
9266,Coast
9387,Mountain
9389,Mountain
9391,Mountain
9500,Mountain
9501,Mountain
9504,Mountain
9505,Mountain
9560,Mountain
9561,Mountain
9565,Mountain
9567,Mountain
9571,Mountain
9581,Mountain
9582,Mountain;Oasis
9583,Mountain;Oasis
9590,Mountain
9591,Mountain
9592,Mountain
9593,Mountain
9594,Mountain
9595,Mountain
9641,Mountain
9806,Coast
9809,Coast
9821,Mountain
9898,Mountain
9914,Mountain
9918,Mountain
9919,Mountain
9920,Mountain
9921,Mountain
9922,Mountain
9923,Mountain
9924,Mountain
9925,Mountain
9956,Coast
9959,Coast
9962,Coast
9963,Coast
10004,Mountain
10006,Mountain
10007,Mountain
10010,Mountain
10012,Mountain
10022,Coast
10023,Coast
10140,Coast
10251,Mountain
10252,Mountain
10253,Mountain
10254,Mountain
10255,Mountain
10273,Mountain
10275,Mountain
10276,Mountain
10320,Coast
10321,Coast
10341,Coast
10344,Coast
10734,Mountain
10768,Mountain
10770,Mountain
10777,Mountain
10972,Mountain
10973,Mountain
10974,Mountain
10975,Mountain
10985,Mountain
10986,Mountain
11075,Oasis
11077,Oasis
11078,Mountain
11079,Mountain
11082,Mountain
11083,Mountain
11084,Mountain
11085,Mountain
11086,Mountain
11087,Mountain;Oasis
11088,Mountain
11089,Mountain
11090,Mountain
11091,Mountain
11092,Mountain
11093,Mountain
11094,Mountain
11095,Mountain
11098,Oasis
11100,Oasis
11101,Oasis
11104,Oasis
11105,Oasis
11107,Oasis
11222,Mountain
11223,Mountain
11224,Mountain
11225,Mountain
11226,Mountain
11227,Mountain
11228,Mountain
11229,Mountain
11230,Mountain
11231,Mountain
11232,Mountain
11233,Mountain
11248,Mountain
11249,Mountain
11250,Mountain
11251,Mountain
11312,Mountain
11315,Mountain
11339,Mountain
11465,Mountain
11466,Mountain
11467,Mountain
11468,Mountain
11469,Mountain
11470,Mountain
11471,Mountain
11472,Mountain
11473,Mountain
11475,Mountain
11476,Mountain
11477,Mountain
11494,Coast
11498,Coast
11502,Coast
11503,Coast
11519,Coast
11537,Coast
11538,Coast
11553,Mountain
11555,Mountain
11556,Mountain
11557,Mountain
11583,Mountain
11586,Mountain
11587,Mountain
11588,Mountain
11589,Mountain
11590,Mountain
11591,Mountain
11592,Mountain
11593,Mountain
11612,Mountain
11613,Mountain
11636,Coast
11637,Coast;Mountain
11641,Coast;Mountain
11643,Coast;Mountain
11644,Mountain
11645,Mountain
11647,Coast;Mountain
11714,Mountain
11715,Mountain
11716,Mountain
11717,Mountain
11718,Mountain
11719,Mountain
11757,Coast
11762,Mountain
11763,Mountain
11764,Mountain
11765,Mountain
11766,Mountain
11767,Mountain
11769,Coast
11771,Coast
11777,Coast
11778,Coast
11779,Coast
11798,Mountain
11800,Mountain
11801,Mountain
11802,Mountain
11803,Mountain
11810,Mountain
11811,Mountain
11812,Mountain
11813,Coast;Mountain
11814,Coast;Mountain
11815,Mountain
11828,Coast;Mountain
11829,Mountain
11830,Coast
11831,Coast
11834,Mountain
11835,Mountain
11836,Mountain
11837,Mountain
11838,Mountain
11839,Mountain
11850,Coast
11851,Coast
11858,Oasis
11859,Oasis
11860,Oasis
11861,Oasis
11862,Oasis
11863,Oasis
11871,Mountain
11872,Mountain
11875,Mountain
11888,Mountain
11889,Mountain
11890,Mountain
11891,Mountain
11892,Mountain
11893,Mountain
11897,Mountain
11898,Mountain
11899,Mountain
11900,Mountain
11901,Mountain
11902,Mountain;Oasis
11903,Mountain
11904,Mountain
11905,Mountain;Oasis
11918,Oasis
11919,Oasis
11920,Oasis
11921,Oasis
11922,Oasis
11923,Oasis
11924,Mountain
11925,Coast;Mountain
11926,Mountain
11936,Mountain
11937,Mountain
11938,Mountain
11939,Mountain
11941,Mountain
11944,Coast;Mountain
11945,Mountain
11946,Mountain
11947,Coast;Mountain
11960,Coast;Mountain
11961,Mountain
11964,Coast;Mountain
11965,Mountain
11966,Mountain
11967,Mountain
11968,Mountain
11969,Mountain
11970,Mountain
12009,Coast
12010,Coast
12016,Coast
12033,Mountain
12037,Mountain
12040,Coast
12082,Coast
12084,Coast
12086,Mountain
12087,Coast;Mountain
12088,Mountain
12091,Mountain
12128,Mountain
12130,Mountain
12131,Mountain
12137,Mountain
12138,Mountain
12139,Mountain
12311,Mountain
12312,Mountain
12396,Mountain
12399,Mountain
12400,Mountain
12401,Mountain
12410,Mountain
12411,Mountain
12412,Mountain
12413,Mountain
12414,Mountain
12415,Mountain
12455,Mountain
12456,Mountain
12459,Oasis
12461,Oasis
12467,Oasis
12473,Mountain
12474,Oasis
12475,Oasis
12477,Oasis
12498,Coast
12499,Coast
12508,Coast
12628,Mountain
12801,Mountain
12802,Mountain
12803,Mountain
12804,Mountain
12805,Mountain
12806,Mountain
12808,Mountain
12809,Mountain
12818,Mountain
12819,Coast;Mountain
12822,Coast;Mountain
12825,Coast;Mountain
12828,Coast;Mountain
12829,Mountain
12830,Mountain
12831,Mountain
12832,Mountain
12833,Mountain
12834,Mountain
12835,Mountain
12872,Mountain
12876,Mountain
12877,Mountain
12899,Mountain
12900,Mountain
12901,Mountain
13058,Mountain
13072,Mountain
13161,Mountain
13162,Mountain
13168,Mountain
13169,Mountain
13171,Mountain
13203,Coast
13205,Coast
13223,Coast
13249,Coast
13252,Coast
13253,Coast
13261,Coast
13376,Coast
13378,Coast
13408,Coast
13409,Coast
13411,Coast
13490,Mountain
13492,Mountain
13494,Mountain
13495,Mountain
13508,Mountain
13509,Mountain
13510,Mountain
13511,Mountain
13512,Mountain
13513,Mountain
13514,Mountain
13515,Mountain
13516,Mountain
13517,Mountain
13518,Mountain
13519,Mountain
13557,Coast
13560,Coast
14010,Mountain
14204,Mountain
14205,Mountain
14209,Mountain
14210,Mountain
14211,Mountain
14212,Mountain
14213,Mountain
14214,Mountain
14215,Mountain
14216,Mountain
14217,Mountain
14289,Mountain
14312,Oasis
14314,Oasis
14317,Oasis
14320,Mountain;Oasis
14322,Mountain
14326,Mountain
14327,Mountain
14328,Mountain
14338,Oasis
14339,Oasis
14340,Oasis
14346,Oasis
14360,Mountain
14364,Mountain
14365,Mountain
14470,Mountain
14471,Mountain
14472,Mountain
14473,Mountain
14709,Mountain
14710,Mountain
14711,Mountain
14712,Mountain
14713,Mountain
14716,Mountain
14822,Mountain
14823,Mountain
14824,Mountain
14825,Mountain
14826,Mountain
14827,Mountain
14828,Mountain
14830,Mountain
14833,Mountain
14834,Mountain
14835,Mountain
14838,Mountain
14852,Mountain
14853,Mountain
14857,Mountain
14858,Mountain
14879,Coast;Mountain
14880,Mountain
14885,Mountain
14886,Mountain
14932,Mountain
14933,Mountain
14934,Mountain
14935,Mountain
15006,Coast
15008,Coast
15009,Coast
15010,Coast
15012,Coast
15032,Mountain
15033,Mountain
15037,Mountain
15038,Mountain
15039,Mountain
15041,Mountain
15043,Mountain
15050,Mountain
15051,Coast;Mountain
15054,Coast;Mountain
15064,Coast;Mountain
15065,Coast;Mountain
15067,Coast;Mountain
15074,Mountain
15076,Coast
15077,Coast;Mountain
15086,Coast
15088,Coast
15096,Oasis
15097,Oasis
15098,Oasis
15099,Oasis
15101,Oasis
15102,Oasis
15103,Oasis
15110,Mountain
15111,Mountain
15112,Mountain
15113,Mountain
15114,Mountain
15115,Mountain
15116,Mountain
15120,Mountain
15121,Mountain
15128,Mountain
15129,Mountain
15130,Mountain
15133,Mountain
15134,Mountain
15135,Mountain
15136,Mountain
15140,Coast;Mountain
15141,Coast;Mountain
15142,Coast;Mountain;Oasis
15152,Mountain
15153,Mountain
15154,Mountain
15155,Mountain
15157,Mountain
15158,Mountain
15164,Mountain
15166,Mountain;Oasis
15167,Oasis
15168,Mountain
15169,Oasis
15171,Coast;Mountain
15172,Mountain
15173,Coast;Mountain
15176,Coast;Mountain
15177,Mountain
15178,Mountain
15179,Mountain
15180,Mountain
15181,Mountain
15184,Coast;Mountain
15185,Mountain
15186,Coast;Mountain
15187,Mountain
15206,Mountain
15207,Coast;Mountain
15208,Coast;Mountain
15209,Mountain
15210,Mountain
15211,Mountain
15264,Coast
15265,Coast
15267,Coast;Mountain
15268,Coast;Mountain
15269,Mountain
15272,Mountain
15274,Mountain
15278,Coast;Mountain
15279,Mountain
15282,Mountain
15283,Mountain
15328,Coast;Mountain
15329,Mountain
15330,Mountain
15331,Coast;Mountain
15354,Coast;Mountain
15355,Coast
15377,Mountain
15378,Mountain
15383,Mountain
16169,Mountain
16354,Mountain
16356,Mountain
16362,Mountain
16363,Mountain
16365,Mountain
16366,Mountain
16367,Mountain
16368,Mountain
16370,Mountain
16371,Mountain
16372,Mountain
16373,Mountain
16374,Mountain
16375,Mountain
16397,Mountain
16436,Mountain
16437,Mountain
16438,Mountain
16439,Mountain
16440,Mountain
16441,Mountain
16460,Mountain
16461,Mountain
16466,Mountain
16470,Mountain
16483,Oasis
16616,Mountain
16617,Mountain
16618,Mountain
16619,Mountain
16620,Mountain
16621,Mountain
16640,Mountain
16641,Mountain
16642,Mountain
16643,Mountain
16644,Mountain
16645,Mountain
16646,Mountain
16647,Mountain
16648,Mountain
16649,Mountain
16650,Mountain
16651,Mountain
16837,Mountain
16839,Mountain
16841,Mountain
16842,Mountain
16843,Mountain
16844,Mountain
16845,Mountain
16847,Mountain
16848,Mountain
16849,Mountain
16850,Mountain
16851,Mountain
16852,Mountain
16853,Mountain
16854,Mountain
16868,Mountain
16869,Mountain
16870,Mountain
16871,Mountain
16872,Mountain
16873,Mountain
16874,Mountain
16875,Mountain
16876,Mountain
16877,Mountain
16878,Mountain
16879,Mountain
16886,Coast
16887,Coast
16888,Coast
16898,Coast;Mountain
16899,Mountain
16900,Mountain
16901,Mountain
16902,Coast;Mountain
16903,Mountain
16904,Mountain
16905,Mountain
16906,Mountain
16907,Mountain
16908,Coast;Mountain
16909,Coast;Mountain
16912,Mountain
16913,Mountain
16914,Mountain
16922,Coast
16928,Mountain
16929,Mountain
16930,Mountain
16931,Mountain
16932,Mountain
16933,Mountain
16946,Mountain
16947,Mountain
16951,Mountain
16952,Mountain
16953,Mountain
16954,Mountain
16955,Mountain
16956,Mountain
16957,Mountain
16961,Mountain
16962,Mountain
16971,Mountain
16974,Mountain
16977,Mountain
16978,Mountain
16980,Mountain
16981,Mountain
16982,Mountain
16983,Mountain
16990,Mountain
16991,Mountain
16992,Mountain
17002,Mountain
17003,Mountain
17004,Mountain
17012,Mountain
17019,Mountain
17024,Mountain
17027,Mountain
17028,Mountain
17029,Mountain
17030,Mountain
17031,Mountain
17032,Mountain
17033,Coast
17034,Coast
17035,Mountain
17036,Mountain
17037,Mountain
17038,Coast;Mountain
17039,Mountain
17040,Mountain
17041,Mountain
17043,Mountain
17044,Mountain
17045,Mountain
17047,Mountain
17182,Mountain
17183,Mountain
17184,Mountain
17185,Mountain
17186,Mountain
17190,Mountain
17191,Mountain
17192,Oasis
17193,Oasis
17194,Oasis
17195,Mountain;Oasis
17196,Mountain;Oasis
17197,Mountain;Oasis
17198,Mountain;Oasis
17199,Oasis
17200,Mountain;Oasis
17202,Oasis
17203,Oasis
17204,Mountain;Oasis
17205,Mountain;Oasis
17206,Coast;Mountain
17207,Mountain
17208,Coast;Mountain
17209,Coast;Mountain
17210,Coast;Mountain
17211,Coast;Mountain
17215,Coast;Mountain
17216,Mountain
17217,Mountain
17219,Mountain
17220,Mountain
17221,Mountain
17223,Oasis
17224,Oasis
17225,Oasis
17232,Mountain
17237,Mountain
17238,Mountain
17239,Mountain
17240,Oasis
17241,Oasis
17242,Oasis
17243,Oasis
17244,Oasis
17245,Oasis
17246,Oasis
17248,Oasis
17252,Mountain
17253,Mountain
17254,Mountain
17255,Mountain
17256,Mountain
17257,Mountain
17261,Mountain
17263,Mountain
17266,Mountain
17267,Mountain
17268,Mountain
17269,Mountain
17270,Oasis
17274,Oasis
17276,Mountain
17278,Mountain
17279,Mountain
17280,Mountain
17283,Oasis
17285,Oasis
17286,Mountain
17287,Mountain
17288,Mountain
17289,Mountain
17290,Mountain
17291,Mountain
17292,Mountain
17293,Mountain
17294,Mountain
17297,Mountain
17298,Mountain
17309,Oasis
17313,Mountain
17319,Mountain
17320,Mountain
17321,Mountain
17323,Mountain
17327,Mountain
17338,Coast;Mountain;Oasis
17339,Coast;Mountain
17340,Coast;Mountain
17343,Coast;Mountain
17345,Coast;Mountain;Oasis
17346,Mountain;Oasis
17349,Coast;Mountain
17350,Coast;Mountain
17351,Mountain
17352,Mountain;Oasis
17353,Mountain
17357,Coast;Mountain
17495,Coast
17496,Coast
17497,Coast
17510,Coast
17512,Coast
17513,Coast
17522,Mountain
17524,Mountain
17525,Mountain
17531,Coast
17533,Coast
17534,Mountain
17535,Mountain
17537,Coast
17538,Coast
17539,Mountain
17545,Mountain
17547,Mountain
17548,Mountain
17549,Mountain
17559,Mountain
17562,Mountain
17563,Mountain
17570,Mountain
17571,Mountain
17574,Mountain
17575,Mountain
17765,Mountain
17767,Mountain
17890,Mountain
17891,Mountain
18249,Coast
18250,Coast
18266,Coast
18267,Coast
18270,Coast
18344,Mountain
18346,Mountain
18347,Mountain
18348,Mountain
18349,Mountain
18352,Mountain
18353,Mountain
18362,Mountain
18363,Mountain
18365,Mountain
18366,Mountain
18367,Mountain
18372,Oasis
18378,Oasis
18428,Coast
18430,Mountain
18432,Mountain
18434,Coast
18435,Coast
18438,Coast
18439,Coast
18440,Mountain
18441,Coast
18442,Mountain
18443,Mountain
18444,Coast;Mountain
18471,Coast
18475,Coast
18476,Coast
18477,Coast
18478,Coast
18641,Mountain
18645,Mountain
18646,Mountain
18647,Mountain
18651,Mountain
18652,Mountain
18655,Mountain
18661,Mountain
18662,Mountain
18663,Mountain
18664,Mountain
18720,Mountain
18722,Mountain
18723,Mountain
18724,Mountain
18726,Mountain
18770,Mountain
18773,Mountain
18775,Mountain
18921,Mountain
18923,Mountain
18932,Mountain
18936,Mountain
18937,Mountain
18947,Mountain
19148,Coast
19149,Coast
19153,Coast
19163,Coast
19198,Oasis
19199,Oasis
19222,Mountain
19224,Mountain
19232,Mountain
19234,Mountain
19235,Mountain
19236,Mountain
19237,Mountain
19248,Mountain
19249,Mountain
19270,Mountain
19272,Mountain
19273,Mountain
19274,Mountain
19280,Mountain
19281,Mountain
19282,Mountain
19283,Mountain
19284,Mountain
19285,Mountain
19286,Mountain
19288,Mountain
19289,Mountain
19290,Mountain
19296,Mountain
19302,Oasis
19303,Oasis
19332,Mountain
19333,Mountain
19335,Mountain
19338,Mountain
19356,Coast;Mountain
19357,Coast;Mountain
19358,Coast;Mountain
19360,Coast;Mountain
19362,Coast;Mountain
19365,Coast;Mountain
19368,Coast;Mountain
19370,Coast;Mountain
19371,Coast;Mountain
19374,Mountain
19375,Mountain
19394,Mountain
19395,Oasis
19396,Mountain
19397,Oasis
19398,Mountain
19399,Mountain
19400,Mountain
19401,Mountain
19402,Mountain
19403,Mountain
19404,Coast;Mountain
19405,Mountain
19406,Oasis
19408,Oasis
19467,Coast;Mountain
19471,Coast;Mountain
19472,Coast;Mountain
19473,Mountain
19474,Coast;Mountain
19475,Mountain
19476,Mountain
19477,Mountain
19478,Mountain
19479,Mountain
19480,Mountain
19481,Mountain
19482,Mountain
19483,Mountain
19490,Coast;Mountain
19491,Coast;Mountain
19492,Mountain
19493,Mountain
19494,Coast;Mountain
19495,Mountain
19664,Mountain
19665,Mountain
19667,Mountain
19668,Mountain
19669,Mountain
19782,Mountain
19783,Mountain
19784,Mountain
19785,Mountain
19786,Mountain
19789,Mountain
19802,Mountain
19803,Mountain
20136,Mountain
20404,Mountain
20405,Mountain
20521,Mountain
20528,Mountain
20529,Mountain
20531,Mountain
20685,Coast
20688,Coast
20698,Coast
20700,Coast
20705,Coast
20706,Coast
20738,Mountain
20740,Mountain
20741,Mountain
20742,Mountain
20743,Mountain
20746,Coast
20748,Coast
20763,Coast
20766,Coast
20768,Coast
20770,Coast
20774,Coast
20776,Coast
20777,Coast
20780,Coast
20781,Coast
20798,Mountain
20799,Mountain
20800,Mountain
20803,Mountain
20814,Mountain
20864,Mountain
20865,Mountain
20866,Mountain
20867,Mountain
20878,Mountain
20879,Mountain
20895,Mountain
20896,Mountain
21296,Oasis
21301,Oasis
21302,Oasis
21304,Oasis
21305,Oasis
21308,Mountain
21309,Mountain
21310,Mountain
21311,Mountain
21312,Mountain
21313,Mountain
21315,Mountain
21316,Mountain
21317,Mountain
21320,Mountain
21321,Mountain
21322,Mountain
21323,Mountain
21324,Mountain
21325,Mountain
21326,Mountain
21329,Mountain
21330,Mountain
21331,Mountain
21360,Oasis
21361,Oasis
21374,Mountain
21375,Mountain
21376,Mountain
21377,Mountain
21378,Mountain
21406,Mountain
21407,Mountain
21408,Mountain
21409,Mountain
21418,Mountain
21419,Mountain
21420,Mountain
21421,Mountain
21422,Mountain
21423,Mountain
21429,Mountain
21430,Mountain
21431,Mountain
21432,Oasis
21433,Mountain
21434,Mountain
21435,Mountain
21436,Mountain
21437,Mountain
21438,Mountain
21439,Mountain
21536,Mountain
21539,Mountain
21623,Mountain
21626,Mountain
21628,Mountain
21629,Mountain
21644,Mountain
21645,Mountain
21646,Mountain
21647,Mountain
21648,Mountain
21649,Mountain
21701,Coast
21706,Coast
21724,Coast
21765,Coast
21767,Coast
21783,Coast
21813,Coast
21824,Coast
21830,Coast
21831,Coast
21864,Coast
