tile,landmark,why,name,label
1238,AbandonedColonyTribal,a tribe that did not make it through a dry decade,Prime Dove Village,abandoned colony
6738,Dunes,the Dune Sea proper - open sand a caravan crosses for days,Orangeneedle Wastes,dunes
16945,Dunes,the Dune Sea proper - open sand a caravan crosses for days,Bluepond Dunes,dunes
19542,Dunes,the Dune Sea proper - open sand a caravan crosses for days,Whitepool Dunes,dunes
8096,Dunes,the Dune Sea proper - open sand a caravan crosses for days,Enrada Dunes,dunes
5434,Dunes,the Dune Sea proper - open sand a caravan crosses for days,Orangerock Wastes,dunes
6439,Dunes,the Dune Sea proper - open sand a caravan crosses for days,Camba Dunes,dunes
390,Dunes,the Dune Sea proper - open sand a caravan crosses for days,Thihatheroum Dunes,dunes
6702,Dunes,the Dune Sea proper - open sand a caravan crosses for days,Coistia Dunes,dunes
3688,Dunes,the Dune Sea proper - open sand a caravan crosses for days,Cóbust Dunes,dunes
8480,Dunes,the Dune Sea proper - open sand a caravan crosses for days,Leera Dunes,dunes
15127,Dunes,the Dune Sea proper - open sand a caravan crosses for days,Temininum Dunes,dunes
2473,Dunes,the Dune Sea proper - open sand a caravan crosses for days,Beñabraa Dunes,dunes
19548,Dunes,the Dune Sea proper - open sand a caravan crosses for days,Meeron Dunes,dunes
9619,Dunes,the Dune Sea proper - open sand a caravan crosses for days,Mo's Retirement Wastes,dunes
19676,Dunes,the Dune Sea proper - open sand a caravan crosses for days,Elephant Sealankle Dunes,dunes
1181,Dunes,the Dune Sea proper - open sand a caravan crosses for days,Terera Wastes,dunes
492,Dunes,the Dune Sea proper - open sand a caravan crosses for days,Noteron Wastes,dunes
6681,Dunes,the Dune Sea proper - open sand a caravan crosses for days,Nelor Wastes,dunes
5036,Dunes,the Dune Sea proper - open sand a caravan crosses for days,Wathkani Wastes,dunes
11236,Dunes,the Dune Sea proper - open sand a caravan crosses for days,Gocha Wastes,dunes
5369,Dunes,the Dune Sea proper - open sand a caravan crosses for days,Bad Mallard Dunes,dunes
21392,Dunes,the Dune Sea proper - open sand a caravan crosses for days,Neoum Dunes,dunes
2870,Dunes,the Dune Sea proper - open sand a caravan crosses for days,Gray Buffalo Wastes,dunes
5079,Dunes,the Dune Sea proper - open sand a caravan crosses for days,Hismeera Dunes,dunes
18040,Dunes,the Dune Sea proper - open sand a caravan crosses for days,Caro Dunes,dunes
7458,Dunes,the Dune Sea proper - open sand a caravan crosses for days,Biatox Dunes,dunes
11463,Dunes,the Dune Sea proper - open sand a caravan crosses for days,Rouay Dunes,dunes
11451,Dunes,the Dune Sea proper - open sand a caravan crosses for days,Hisoulgaeria Dunes,dunes
21441,Dunes,the Dune Sea proper - open sand a caravan crosses for days,Banboa Wastes,dunes
5091,Dunes,the Dune Sea proper - open sand a caravan crosses for days,Susskind's Honor Dunes,dunes
4293,Dunes,the Dune Sea proper - open sand a caravan crosses for days,Guavasña Dunes,dunes
11558,Dunes,the Dune Sea proper - open sand a caravan crosses for days,Tasca Dunes,dunes
11109,Dunes,the Dune Sea proper - open sand a caravan crosses for days,Banastra Dunes,dunes
11126,Dunes,the Dune Sea proper - open sand a caravan crosses for days,Snailclaw Dunes,dunes
6358,Dunes,the Dune Sea proper - open sand a caravan crosses for days,Dorio Dunes,dunes
21453,Dunes,the Dune Sea proper - open sand a caravan crosses for days,Purple Dunes,dunes
10,Oasis,"the Hutt wells - six named, not 227",Dordo Haven,oasis
4367,Oasis,"the Hutt wells - six named, not 227",Hiunt Oasis,oasis
7780,Oasis,"the Hutt wells - six named, not 227",Otranrro Oasis,oasis
11100,Oasis,"the Hutt wells - six named, not 227",Tedhenni Refuge,oasis
14338,Oasis,"the Hutt wells - six named, not 227",Bluehuman Oasis,oasis
17225,Oasis,"the Hutt wells - six named, not 227",Toler Oasis,oasis
17198,Oasis,the Hutt wells - water is the currency here,Bema Refuge,oasis
2349,Oasis,the Hutt wells - water is the currency here,Youussia Haven,oasis
11834,Oasis,the Hutt wells - water is the currency here,Andor Oasis,oasis
11471,Oasis,the Hutt wells - water is the currency here,Big Wolverine Refuge,oasis
4321,Oasis,the Hutt wells - water is the currency here,Black Megascarab Oasis,oasis
25,Oasis,the Hutt wells - water is the currency here,Crima Oasis,oasis
15166,Oasis,the Hutt wells - water is the currency here,Thealllium Oasis,oasis
16619,Oasis,the Hutt wells - water is the currency here,Nebium Oasis,oasis
8272,Oasis,"a Hutt well - dug for the holding beside it, and charged for",Oldshark Oasis,oasis
10451,Oasis,"a Hutt well - dug for the holding beside it, and charged for",White Oasis,oasis
11877,Oasis,"a Hutt well - dug for the holding beside it, and charged for",Orange Oasis,oasis
17001,Oasis,"a Hutt well - dug for the holding beside it, and charged for",Straouuia Oasis,oasis
931,Oasis,"a Hutt well - dug for the holding beside it, and charged for",Goodfox Oasis,oasis
13348,Oasis,"a Hutt well - dug for the holding beside it, and charged for",Gomacolcam Refuge,oasis
2039,Oasis,"a Hutt well - dug for the holding beside it, and charged for",Lándoa Haven,oasis
20285,Oasis,"a Hutt well - dug for the holding beside it, and charged for",Embaixada Haven,oasis
13449,Oasis,"a Hutt well - dug for the holding beside it, and charged for",Vasga Oasis,oasis
18201,Oasis,"a Hutt well - dug for the holding beside it, and charged for",Paula's Finale Refuge,oasis
19183,Oasis,"a Hutt well - dug for the holding beside it, and charged for",White Lion Haven,oasis
15086,Oasis,a Hutt well - the holding beside it exists because of this water,Alinum Oasis,oasis
18251,Oasis,a Hutt well - the holding beside it exists because of this water,Erlor Oasis,oasis
1986,Oasis,a Hutt well - the holding beside it exists because of this water,Forna Oasis,oasis
1303,Oasis,a Hutt well - the holding beside it exists because of this water,Whitewing Oasis,oasis
17243,Oasis,a Hutt well - the holding beside it exists because of this water,Cómaro Oasis,oasis
1661,Oasis,a Hutt well - the holding beside it exists because of this water,Hado Oasis,oasis
14716,Oasis,the Hutt wells - water is the currency here,Blue Oasis,oasis
17257,Ruins,"scavenging ground, and the reason the clan is here",Greenskin Ruins,ruins
3512,Ruins,"scavenging ground, and the reason the clan is here",Lercha City,ruins
2691,Ruins,"scavenging ground, and the reason the clan is here",Peambenbai Ruins,ruins
21073,Ruins,"scavenging ground, and the reason the clan is here",Asandminbo Town,ruins
16400,Ruins,"scavenging ground, and the reason the clan is here",Black Rat Ruins,ruins
5632,Ruins,"scavenging ground, and the reason the clan is here",Ñoiño Ruins,ruins
6093,Ruins,"scavenging ground, and the reason the clan is here",Wisewrist Ruins,ruins
18728,Ruins,"scavenging ground, and the reason the clan is here",Isoum City,ruins
4995,Ruins,"scavenging ground, and the reason the clan is here",Eddos Ruins,ruins
1505,Ruins,"scavenging ground, and the reason the clan is here",Bluewalrus Ruins,ruins
4623,Ruins,"scavenging ground, and the reason the clan is here",Carlotta's Ruin,ruins
18712,Ruins,"scavenging ground, and the reason the clan is here",Itoum Ruins,ruins
3924,Ruins,"scavenging ground, and the reason the clan is here",Redcockroach Ruins,ruins
17232,Ruins,"scavenging ground, and the reason the clan is here",Harshnose Ruins,ruins
13513,Ruins,"scavenging ground, and the reason the clan is here",Ruined Zebra,ruins
609,Ruins,"scavenging ground, and the reason the clan is here",Allen Ruins,ruins
9087,Ruins,"scavenging ground, and the reason the clan is here",Dilapidated Gotrarobil,ruins
5625,Ruins,"scavenging ground, and the reason the clan is here",Ruined Gaiñocrou,ruins
12833,Ruins,"scavenging ground, and the reason the clan is here",Bigankle Town,ruins
7630,Ruins,"scavenging ground, and the reason the clan is here",Ruined White Pigeon,ruins
10954,Ruins,"scavenging ground, and the reason the clan is here",Dilapidated Tioler,ruins
3916,Ruins,"scavenging ground, and the reason the clan is here",Thiasni City,ruins
17897,Ruins,"scavenging ground, and the reason the clan is here",Dilapidated Asussia,ruins
3736,Ruins,"scavenging ground, and the reason the clan is here",Wasisda Town,ruins
8005,Ruins,"scavenging ground, and the reason the clan is here",Ruined Oro,ruins
3530,Ruins,"scavenging ground, and the reason the clan is here",Dilapidated Orangeneedle,ruins
13712,Ruins,"scavenging ground, and the reason the clan is here",Goga Town,ruins
7640,Ruins,"scavenging ground, and the reason the clan is here",Smallear Ruins,ruins
117,Ruins,"scavenging ground, and the reason the clan is here",Nehistdos Ruins,ruins
10386,Ruins,"scavenging ground, and the reason the clan is here",Toxxada Ruins,ruins
1907,Cliffs,"the crags break in walls, not slopes",Farfoot Cliffs,cliffs
18651,Cliffs,"the crags break in walls, not slopes",Espaeria Wall,cliffs
18664,Cliffs,"the crags break in walls, not slopes",Sayuri's End,cliffs
4218,Cliffs,"the crags break in walls, not slopes",Tollelo Rampart,cliffs
809,Cliffs,"the crags break in walls, not slopes",Bad Lemur Cliffs,cliffs
17547,Cliffs,"the crags break in walls, not slopes",Bancam Rampart,cliffs
8474,Cliffs,"the crags break in walls, not slopes",Hare Rampart,cliffs
3150,Cliffs,"the crags break in walls, not slopes",Thiarewabum Wall,cliffs
12128,Cliffs,"the crags break in walls, not slopes",Waen Wall,cliffs
7602,Cliffs,"the crags break in walls, not slopes",Van's End,cliffs
1942,Cliffs,"the crags break in walls, not slopes",Chinchillanose Rampart,cliffs
9500,Cliffs,"the crags break in walls, not slopes",Icyfoot Cliffs,cliffs
10777,Cliffs,"the crags break in walls, not slopes",Bluepenguin Rampart,cliffs
20814,Cliffs,"the crags break in walls, not slopes",Tioistan Rampart,cliffs
20800,Cliffs,"the crags break in walls, not slopes",Notvebium Cliffs,cliffs
10254,Cliffs,"the crags break in walls, not slopes",Lucie's End,cliffs
8374,Cliffs,"the crags break in walls, not slopes",Goodbody Cliffs,cliffs
19222,Cliffs,"the crags break in walls, not slopes",Caro Cliffs,cliffs
19272,Cliffs,"the crags break in walls, not slopes",Shary's End,cliffs
16441,Cliffs,"the crags break in walls, not slopes",Terena Cliffs,cliffs
19237,Cliffs,"the crags break in walls, not slopes",Badstork Cliffs,cliffs
18921,Cliffs,"the crags break in walls, not slopes",Thiitna Wall,cliffs
575,Cliffs,"the crags break in walls, not slopes",Prime Pig Cliffs,cliffs
7166,Cliffs,"the crags break in walls, not slopes",Unbium Cliffs,cliffs
12899,Cliffs,"the crags break in walls, not slopes",Dinberium Cliffs,cliffs
15329,Cliffs,"the crags break in walls, not slopes",Tinaitlor Cliffs,cliffs
18947,Cliffs,"the crags break in walls, not slopes",Eaandla Cliffs,cliffs
2210,DryLake,a playa - the salt flat a river dies in,Asrecur Sand Lake,dry lake
9926,DryLake,a playa - the salt flat a river dies in,Ithinor Barren Lake,dry lake
17159,DryLake,a playa - the salt flat a river dies in,Légua Sand Lake,dry lake
19652,DryLake,a playa - the salt flat a river dies in,Xigola Sand Lake,dry lake
6712,DryLake,a playa - the salt flat a river dies in,Legua Barren Lake,dry lake
9954,DryLake,a playa - the salt flat a river dies in,Ereherarebum Sand Lake,dry lake
6422,DryLake,a playa - the salt flat a river dies in,Veeron Salt Flat,dry lake
4331,DryLake,a playa - the salt flat a river dies in,Dinbium Sand Pit,dry lake
20032,DryLake,a playa - the salt flat a river dies in,Okapi's Conceit Sand Pit,dry lake
14793,DryLake,a playa - the salt flat a river dies in,Athistereria Salt Flat,dry lake
16690,DryLake,a playa - the salt flat a river dies in,Grayhoof Salt Flat,dry lake
12846,DryLake,a playa - the salt flat a river dies in,Round Vulture Sand Pit,dry lake
3783,DryLake,a playa - the salt flat a river dies in,Barracuda Dry Lake,dry lake
9947,DryLake,a playa - the salt flat a river dies in,Lousa Sand Pit,dry lake
13149,DryLake,a playa - the salt flat a river dies in,Blacklemur Dry Lake,dry lake
11389,DryLake,a playa - the salt flat a river dies in,Iguana's Bluff Dry Lake,dry lake
14698,DryLake,a playa - the salt flat a river dies in,Forla Barren Lake,dry lake
1840,DryLake,a playa - the salt flat a river dies in,Thedio Sand Lake,dry lake
19604,DryLake,a playa - the salt flat a river dies in,Erelebum Barren Lake,dry lake
5069,DryLake,a playa - the salt flat a river dies in,Craggy Quail Salt Flat,dry lake
11240,DryLake,a playa - the salt flat a river dies in,Laen Sand Pit,dry lake
18298,DryLake,a playa - the salt flat a river dies in,Toxos Sand Lake,dry lake
16863,DryLake,a playa - the salt flat a river dies in,Cotas Sand Lake,dry lake
15139,VEE_DryRiver,a watercourse that runs once a decade,Teeron Sand River,dry river
17237,VEE_DryRiver,a watercourse that runs once a decade,Woodpeckerear Dry River,dry river
20518,VEE_DryRiver,a watercourse that runs once a decade,Cai Barren River,dry river
9173,VEE_DryRiver,a watercourse that runs once a decade,Hius Sand River,dry river
21411,VEE_DryRiver,a watercourse that runs once a decade,Eraia Barren River,dry river
11585,VEE_DryRiver,a watercourse that runs once a decade,Hiunba Sand River,dry river
6372,VEE_DryRiver,a watercourse that runs once a decade,Raen Dry River,dry river
10293,VEE_DryRiver,a watercourse that runs once a decade,Shohiberon Sand River,dry river
3629,VEE_DryRiver,a watercourse that runs once a decade,Eduard's Fraud Barren River,dry river
9222,VEE_DryRiver,a watercourse that runs once a decade,Badgiraffe Dry River,dry river
7004,VEE_DryRiver,a watercourse that runs once a decade,Coraga Sand River,dry river
765,VEE_DryRiver,a watercourse that runs once a decade,Dove's Delight Barren River,dry river
3283,VEE_DryRiver,a watercourse that runs once a decade,Andeaussia Barren River,dry river
11895,VEE_DryRiver,a watercourse that runs once a decade,Abanqueiro Barren River,dry river
21417,VEE_DryRiver,a watercourse that runs once a decade,Arewitora Sand River,dry river
19337,VEE_DryRiver,a watercourse that runs once a decade,Stbutinum Barren River,dry river
14839,VEE_DryRiver,a watercourse that runs once a decade,Leler Dry River,dry river
16972,VEE_DryRiver,a watercourse that runs once a decade,Nelium Barren River,dry river
3285,VEE_DryRiver,a watercourse that runs once a decade,Itoncroitro Dry River,dry river
14831,VEE_DryRiver,a watercourse that runs once a decade,Purple Muffalo Barren River,dry river
5425,VEE_DryRiver,a watercourse that runs once a decade,Ometerhiinor Barren River,dry river
5064,VEE_DryRiver,a watercourse that runs once a decade,Delba Barren River,dry river
16707,VEE_DryRiver,a watercourse that runs once a decade,Goganecho Sand River,dry river
8147,Valley,The Scald Gate - the one breach in the Spine,Olvasrebo Valley,valley
9159,Valley,"the way through a range, and everyone uses it",Veabaniño Gulch,valley
11945,Valley,"the way through a range, and everyone uses it",Curro Divide,valley
2032,Valley,"the way through a range, and everyone uses it",Thianorinum Valley,valley
15181,Valley,"the way through a range, and everyone uses it",Gray Sardine Canyon,valley
16954,Valley,"the way through a range, and everyone uses it",Toxcanbibar Gorge,valley
5409,Valley,"the way through a range, and everyone uses it",Lousa Valley,valley
7029,Valley,"the way through a range, and everyone uses it",Babo Canyon,valley
2544,Valley,"the way through a range, and everyone uses it",Verithinor Vale,valley
19789,Valley,"the way through a range, and everyone uses it",Bluehorn Gulch,valley
3997,Valley,"the way through a range, and everyone uses it",Hewaeruay Canyon,valley
1560,Valley,"the way through a range, and everyone uses it",Fordos Gully,valley
12312,Valley,"the way through a range, and everyone uses it",Olga Gully,valley
14205,Valley,"the way through a range, and everyone uses it",Hinnebum Divide,valley
21324,Valley,"the way through a range, and everyone uses it",Breio Valley,valley
19399,Valley,"the way through a range, and everyone uses it",Alligatorwrist Gully,valley
3327,Valley,"the way through a range, and everyone uses it",Whiteshrub Gorge,valley
4014,Valley,"the way through a range, and everyone uses it",Thehadcoium Canyon,valley
20529,Valley,"the way through a range, and everyone uses it",Hewitder Gully,valley
11091,Valley,"the way through a range, and everyone uses it",Onbum Gully,valley
20867,Valley,"the way through a range, and everyone uses it",Vasbrei Valley,valley
6303,VEE_SaltPlains,"salt pan, and the reason the Salt is named that",Black Evaporation Plain,salt plains
14704,VEE_SaltPlains,"salt pan, and the reason the Salt is named that",White Narwhal Salt Plain,salt plains
1842,VEE_SaltPlains,"salt pan, and the reason the Salt is named that",Whiteboomrat Saline Flats,salt plains
21507,VEE_SaltPlains,"salt pan, and the reason the Salt is named that",Colcrouscu Saline Flats,salt plains
16007,VEE_SaltPlains,"salt pan, and the reason the Salt is named that",Grayhedgehog White Barrens,salt plains
11456,VEE_SaltPlains,"salt pan, and the reason the Salt is named that",Irgo White Barrens,salt plains
2181,VEE_SaltPlains,"salt pan, and the reason the Salt is named that",Peza Salt Plain,salt plains
6291,VEE_SaltPlains,"salt pan, and the reason the Salt is named that",Xosagurar Salt Plain,salt plains
9708,VEE_SaltPlains,"salt pan, and the reason the Salt is named that",Hatdos Salt Plain,salt plains
6843,VEE_SaltPlains,"salt pan, and the reason the Salt is named that",Itomebo Desiccated Ocean,salt plains
6579,VEE_SaltPlains,"salt pan, and the reason the Salt is named that",Thshoinor White Barrens,salt plains
9892,VEE_SaltPlains,"salt pan, and the reason the Salt is named that",Roasberium Desiccated Ocean,salt plains
16755,VEE_SaltPlains,"salt pan, and the reason the Salt is named that",Cannexos Desiccated Ocean,salt plains
4255,VEE_SaltPlains,"salt pan, and the reason the Salt is named that",Gaaloisa Saline Flats,salt plains
6335,VEE_SaltPlains,"salt pan, and the reason the Salt is named that",Dados Saline Flats,salt plains
8518,VEE_SaltPlains,"salt pan, and the reason the Salt is named that",Red Elk Saline Flats,salt plains
21484,VEE_SaltPlains,"salt pan, and the reason the Salt is named that",Cabi Evaporation Plain,salt plains
14525,VEE_SaltPlains,"salt pan, and the reason the Salt is named that",Rodaballo Saline Flats,salt plains
14559,VEE_SaltPlains,"salt pan, and the reason the Salt is named that",Herbium Saline Flats,salt plains
415,VEE_SaltPlains,"salt pan, and the reason the Salt is named that",Letheus Desiccated Ocean,salt plains
11936,Cavern,a mountain you can get inside,Comba's Misstep Tunnel,cavern
18775,Cavern,a mountain you can get inside,Roman's Fraud Tunnel,cavern
10768,Cavern,a mountain you can get inside,Darby's Ruin Cavern,cavern
16356,Cavern,a mountain you can get inside,Anteddos Cave Network,cavern
84,Cavern,a mountain you can get inside,Seatre Tunnel,cavern
15141,Cavern,a mountain you can get inside,Freetooth Tunnel,cavern
5146,Cavern,a mountain you can get inside,Wastoesni Cavern,cavern
4352,Cavern,a mountain you can get inside,Nadine's Joy Caverns,cavern
6955,Cavern,a mountain you can get inside,Ambbe Caverns,cavern
20136,Cavern,a mountain you can get inside,Red Tunnel,cavern
4211,Cavern,a mountain you can get inside,Fernanda's Caves,cavern
3974,Cavern,a mountain you can get inside,Tregua Tunnel,cavern
19405,Cavern,a mountain you can get inside,Ashiera Cave Network,cavern
2882,Cavern,a mountain you can get inside,Edbum Tunnel,cavern
5152,Cavern,a mountain you can get inside,Spartak's Caves,cavern
8817,Cavern,a mountain you can get inside,Merlin's Caves,cavern
1156,Cavern,a mountain you can get inside,Maomelalior Cave Network,cavern
17571,Cavern,a mountain you can get inside,Isanlium Tunnel,cavern
17323,Cavern,a mountain you can get inside,Badtooth Cavern,cavern
11078,Cavern,a mountain you can get inside,Gorar Caverns,cavern
7791,Bay,a harbour the Deepwater Compact could actually use,Smallwing Bay,bay
15064,Bay,a harbour the Deepwater Compact could actually use,Gulf of Dornaenbil,bay
17211,Bay,a harbour the Deepwater Compact could actually use,Gabela Bay,bay
6253,DryLake,a playa - the salt flat a river dies in,Curro's Prize Barren Lake,dry lake
8084,Bay,a harbour the Deepwater Compact could actually use,Ouba Bight,bay
7069,Bay,a harbour the Deepwater Compact could actually use,Gulf of Lobusttol,bay
3655,Bay,a harbour the Deepwater Compact could actually use,Ereria Bay,bay
12822,Bay,a harbour the Deepwater Compact could actually use,Strangeear Cove,bay
4730,Bay,a harbour the Deepwater Compact could actually use,Goinum Bay,bay
7772,Bay,a harbour the Deepwater Compact could actually use,Tol Bay,bay
17206,Bay,a harbour the Deepwater Compact could actually use,Braga Bay,bay
15077,Bay,a harbour the Deepwater Compact could actually use,Artheereunt Bight,bay
11183,VEE_ToxicCrater,the poisoned caldera the great river dies into,Terheruay Poisoned Caldera,toxic crater lake
15173,Bay,a harbour the Deepwater Compact could actually use,Gulf of Camelear,bay
3635,Bay,a harbour the Deepwater Compact could actually use,Gulf of Canebar,bay
4770,VEE_PebbleDunes,"gravel desert, harder going than sand",Ibala Pebble Dunes,pebble dunes
6463,VEE_PebbleDunes,"gravel desert, harder going than sand",Abanqueiro's Folly Gravel Drifts,pebble dunes
2066,VEE_PebbleDunes,"gravel desert, harder going than sand",Green Rolling Pebble Fields,pebble dunes
12857,VEE_PebbleDunes,"gravel desert, harder going than sand",Greendonkey Gravel Drifts,pebble dunes
19293,VEE_PebbleDunes,"gravel desert, harder going than sand",Dinba Gravel Drifts,pebble dunes
21653,VEE_PebbleDunes,"gravel desert, harder going than sand",Miaban Stone-Swept Ridges,pebble dunes
1610,VEE_PebbleDunes,"gravel desert, harder going than sand",Camño Rolling Pebble Fields,pebble dunes
19316,VEE_PebbleDunes,"gravel desert, harder going than sand",Mazoiño Gravel Drifts,pebble dunes
4757,VEE_PebbleDunes,"gravel desert, harder going than sand",Andneora Stone-Swept Ridges,pebble dunes
11550,VEE_PebbleDunes,"gravel desert, harder going than sand",Tioera Gravel Drifts,pebble dunes
19314,VEE_PebbleDunes,"gravel desert, harder going than sand",Brinñole Gravel Drifts,pebble dunes
13142,VEE_PebbleDunes,"gravel desert, harder going than sand",Istheni Shingle Dunes,pebble dunes
260,VEE_PebbleDunes,"gravel desert, harder going than sand",Meevein Pebble Dunes,pebble dunes
11566,VEE_PebbleDunes,"gravel desert, harder going than sand",Tonxigola Gravel Drifts,pebble dunes
14348,VEE_PebbleDunes,"gravel desert, harder going than sand",Aredos Stone-Swept Ridges,pebble dunes
21586,VEE_PebbleDunes,"gravel desert, harder going than sand",Ereesder Pebble Dunes,pebble dunes
6437,VEE_PebbleDunes,"gravel desert, harder going than sand",Senra Gravel Drifts,pebble dunes
6315,VEE_PebbleDunes,"gravel desert, harder going than sand",Asne Rolling Pebble Fields,pebble dunes
16571,VEE_PebbleDunes,"gravel desert, harder going than sand",Mole Stone-Swept Ridges,pebble dunes
14564,VEE_StagnantRivulet,"standing water, and everything that breeds in it",Teus Stagnant Rivulet,stagnant rivulet
8503,VEE_StagnantRivulet,"standing water, and everything that breeds in it",Braña Standing Channel,stagnant rivulet
4378,VEE_StagnantRivulet,"standing water, and everything that breeds in it",Binshoia Stagnant Rivulet,stagnant rivulet
17307,VEE_StagnantRivulet,"standing water, and everything that breeds in it",Thonussia Sluggish Rivulet,stagnant rivulet
11334,VEE_StagnantRivulet,"standing water, and everything that breeds in it",Barga Sluggish Rivulet,stagnant rivulet
11097,VEE_StagnantRivulet,"standing water, and everything that breeds in it",Shohisarbum Stagnant Rivulet,stagnant rivulet
7053,VEE_StagnantRivulet,"standing water, and everything that breeds in it",Oulia Silted Creek,stagnant rivulet
11309,VEE_StagnantRivulet,"standing water, and everything that breeds in it",Vasalo Stagnant Rivulet,stagnant rivulet
9131,VEE_StagnantRivulet,"standing water, and everything that breeds in it",Stler Silted Creek,stagnant rivulet
2793,VEE_StagnantRivulet,"standing water, and everything that breeds in it",Troutchin Silted Creek,stagnant rivulet
3473,VEE_StagnantRivulet,"standing water, and everything that breeds in it",Dojados Stagnant Rivulet,stagnant rivulet
16486,VEE_StagnantRivulet,"standing water, and everything that breeds in it",Cadocaga Stagnant Rivulet,stagnant rivulet
12630,VEE_StagnantRivulet,"standing water, and everything that breeds in it",Octopus Silted Creek,stagnant rivulet
3294,VEE_StagnantRivulet,"standing water, and everything that breeds in it",Henoulni Silted Creek,stagnant rivulet
3451,VEE_StagnantRivulet,"standing water, and everything that breeds in it",Verheistan Stilled Stream,stagnant rivulet
3468,VEE_StagnantRivulet,"standing water, and everything that breeds in it",Elephant Sealshoulder Standing Channel,stagnant rivulet
13618,VEE_Cenotes,a roof that fell into the water table,Otter Cenote Lakes,cenotes
13119,VEE_Cenotes,a roof that fell into the water table,Parrotheel Collapsed Limestone Pools,cenotes
2358,VEE_Cenotes,a roof that fell into the water table,Blueaardvark Collapsed Limestone Pools,cenotes
9477,VEE_Cenotes,a roof that fell into the water table,Biarcai Cenote Lakes,cenotes
1145,VEE_Cenotes,a roof that fell into the water table,Abeneiro Cenote Lakes,cenotes
1782,VEE_Cenotes,a roof that fell into the water table,Orangeraccoon Collapsed Limestone Pools,cenotes
9456,VEE_Cenotes,a roof that fell into the water table,Edbum Cenote Lakes,cenotes
15634,VEE_Cenotes,a roof that fell into the water table,Barborca Cenote Field,cenotes
3915,VEE_Cenotes,a roof that fell into the water table,Eristia Karst Hollows,cenotes
7387,VEE_Cenotes,a roof that fell into the water table,Canca Karst Hollows,cenotes
19985,VEE_Cenotes,a roof that fell into the water table,Embaixada Collapsed Limestone Pools,cenotes
14166,VEE_Cenotes,a roof that fell into the water table,Badgereye Collapsed Limestone Pools,cenotes
10480,VEE_Cenotes,a roof that fell into the water table,Hawk Karst Hollows,cenotes
4997,VEE_Cenotes,a roof that fell into the water table,Greenstump Karst Hollows,cenotes
8802,VEE_Cenotes,a roof that fell into the water table,Henum Collapsed Limestone Pools,cenotes
10806,VEE_Cenotes,a roof that fell into the water table,Colaga Collapsed Limestone Pools,cenotes
2677,AncientGarrison,somebody defended this once,Iñoma Station,ancient garrison
9558,AncientGarrison,somebody defended this once,Anya's Base,ancient garrison
2560,AncientGarrison,somebody defended this once,Fort Isna,ancient garrison
5617,AncientGarrison,somebody defended this once,Fort Ram,ancient garrison
10518,AncientGarrison,somebody defended this once,Fort Bascucamxos,ancient garrison
6854,AncientGarrison,somebody defended this once,Ouunt Garrison,ancient garrison
18683,AncientGarrison,somebody defended this once,Abangalbi Armory,ancient garrison
10332,AncientGarrison,somebody defended this once,Tona Base,ancient garrison
19961,AncientGarrison,somebody defended this once,Icy Ape Stronghold,ancient garrison
678,AncientGarrison,somebody defended this once,Haareera Garrison,ancient garrison
12795,AncientGarrison,somebody defended this once,Oulussia Armory,ancient garrison
13602,AncientGarrison,somebody defended this once,Coro Armory,ancient garrison
20514,AncientGarrison,somebody defended this once,Hisan Stronghold,ancient garrison
9167,AncientGarrison,somebody defended this once,Fort Ouhadithbum,ancient garrison
3666,AncientGarrison,somebody defended this once,Iñoda Garrison,ancient garrison
15684,AncientGarrison,somebody defended this once,Orange Armory,ancient garrison
10370,AncientWarehouse,"sealed, and worth the trip",Fernanda's Storehouse,ancient warehouse
8449,AncientWarehouse,"sealed, and worth the trip",Vaslou Storehouse,ancient warehouse
20853,AncientWarehouse,"sealed, and worth the trip",Sare Storehouse,ancient warehouse
10355,AncientWarehouse,"sealed, and worth the trip",Isaambrei Warehouse,ancient warehouse
3351,AncientWarehouse,"sealed, and worth the trip",Tall Hippopotamus Storehouse,ancient warehouse
8794,AncientWarehouse,"sealed, and worth the trip",Margarita's Storehouse,ancient warehouse
9553,AncientWarehouse,"sealed, and worth the trip",Arlene's Storehouse,ancient warehouse
17461,AncientWarehouse,"sealed, and worth the trip",Kiriko's Storehouse,ancient warehouse
12304,AncientWarehouse,"sealed, and worth the trip",Shoenba Storehouse,ancient warehouse
14136,AncientWarehouse,"sealed, and worth the trip",Vince's Depot,ancient warehouse
5951,AncientWarehouse,"sealed, and worth the trip",Oureron Storehouse,ancient warehouse
16427,AncientWarehouse,"sealed, and worth the trip",Alex's Warehouse,ancient warehouse
19021,AncientWarehouse,"sealed, and worth the trip",Red's Warehouse,ancient warehouse
15310,AncientWarehouse,"sealed, and worth the trip",Micóalbo Warehouse,ancient warehouse
21197,AncientWarehouse,"sealed, and worth the trip",Senne Warehouse,ancient warehouse
3390,AncientWarehouse,"sealed, and worth the trip",Notlior Warehouse,ancient warehouse
21037,VEE_MeteorCrater,nothing on this world stops a rock,Xadaba Impact Crater,meteor crater
116,VEE_MeteorCrater,nothing on this world stops a rock,Hadlelia Impact Basin,meteor crater
6878,VEE_MeteorCrater,nothing on this world stops a rock,Thieddo Impact Basin,meteor crater
17949,VEE_MeteorCrater,nothing on this world stops a rock,Veor Impact Basin,meteor crater
3572,VEE_MeteorCrater,nothing on this world stops a rock,Heristan Impact Crater,meteor crater
17694,VEE_MeteorCrater,nothing on this world stops a rock,Blackskunk Impact Crater,meteor crater
8796,VEE_MeteorCrater,nothing on this world stops a rock,Trosma Impact Crater,meteor crater
6764,VEE_MeteorCrater,nothing on this world stops a rock,Youselia Impact Basin,meteor crater
3342,VEE_MeteorCrater,nothing on this world stops a rock,Senra Impact Crater,meteor crater
876,VEE_MeteorCrater,nothing on this world stops a rock,Andleuay Impact Crater,meteor crater
17965,VEE_MeteorCrater,nothing on this world stops a rock,Eaeaeron Impact Crater,meteor crater
19079,VEE_MeteorCrater,nothing on this world stops a rock,Ourroder Impact Crater,meteor crater
17450,VEE_MeteorCrater,nothing on this world stops a rock,Severuia Impact Crater,meteor crater
12911,VEE_MeteorCrater,nothing on this world stops a rock,Marvasza Meteor Crater,meteor crater
14026,VEE_MeteorCrater,nothing on this world stops a rock,Telenorora Impact Crater,meteor crater
7751,VEE_MeteorCrater,nothing on this world stops a rock,Lervebraas Impact Crater,meteor crater
12457,VEE_DustBowl,ground that was farmed once and is not any more,Valentin's Honor Blasted Expanse,dust bowl
15770,VEE_DustBowl,ground that was farmed once and is not any more,Tonirbo Dust Bowl,dust bowl
10468,VEE_DustBowl,ground that was farmed once and is not any more,Rodaballo Blasted Expanse,dust bowl
15040,VEE_DustBowl,ground that was farmed once and is not any more,Blackaardvark Dust Bowl,dust bowl
105,VEE_DustBowl,ground that was farmed once and is not any more,Gacó Parched Barrens,dust bowl
12936,VEE_DustBowl,ground that was farmed once and is not any more,Funinonda Scorched Dustplain,dust bowl
8973,VEE_DustBowl,ground that was farmed once and is not any more,Grayseal Depression,dust bowl
5614,VEE_DustBowl,ground that was farmed once and is not any more,Albogatocam Dust Bowl,dust bowl
7897,VEE_DustBowl,ground that was farmed once and is not any more,Combo Dust Bowl,dust bowl
2661,VEE_DustBowl,ground that was farmed once and is not any more,Enler Blasted Expanse,dust bowl
4825,VEE_DustBowl,ground that was farmed once and is not any more,Lousa Depression,dust bowl
519,VEE_DustBowl,ground that was farmed once and is not any more,Purple Dust Bowl,dust bowl
19934,VEE_DustBowl,ground that was farmed once and is not any more,Choco Parched Barrens,dust bowl
11794,VEE_DustBowl,ground that was farmed once and is not any more,Eveunt Blasted Expanse,dust bowl
15870,VEE_DustBowl,ground that was farmed once and is not any more,Tallshoulder Dust Bowl,dust bowl
16943,VEE_QuicksandDunes,a sink that swallows a sandcrawler,Baboon Ankle Loose Earth Dunes,quicksand dunes
19688,VEE_QuicksandDunes,a sink that swallows a sandcrawler,Roxigo Loose Earth Dunes,quicksand dunes
7017,VEE_QuicksandDunes,a sink that swallows a sandcrawler,Ouora Loose Earth Dunes,quicksand dunes
4704,VEE_QuicksandDunes,a sink that swallows a sandcrawler,Laandlor Quicksand Dunes,quicksand dunes
19505,VEE_QuicksandDunes,a sink that swallows a sandcrawler,Wasba Quicksand Dunes,quicksand dunes
19646,VEE_QuicksandDunes,a sink that swallows a sandcrawler,Menthaba Loose Earth Dunes,quicksand dunes
9889,VEE_QuicksandDunes,a sink that swallows a sandcrawler,Veeduay Unstable Dunes,quicksand dunes
12379,VEE_QuicksandDunes,a sink that swallows a sandcrawler,Caxigo Quicksand Dunes,quicksand dunes
639,VEE_QuicksandDunes,a sink that swallows a sandcrawler,Seara Quicksand Dunes,quicksand dunes
1192,VEE_QuicksandDunes,a sink that swallows a sandcrawler,Melaler Sinking Dunes,quicksand dunes
11169,VEE_QuicksandDunes,a sink that swallows a sandcrawler,Tragua Unstable Dunes,quicksand dunes
21383,VEE_QuicksandDunes,a sink that swallows a sandcrawler,Wasbo Quicksand Dunes,quicksand dunes
3166,VEE_QuicksandDunes,a sink that swallows a sandcrawler,Red Hamster Quicksand Dunes,quicksand dunes
14458,VEE_QuicksandDunes,a sink that swallows a sandcrawler,Sharpwing Sinking Dunes,quicksand dunes
18704,VEE_RockRidge,a spine of standing rock,Tiger Claw Spine,rock ridge
5605,VEE_RockRidge,a spine of standing rock,Orangemole Ridge,rock ridge
14179,VEE_RockRidge,a spine of standing rock,Leoum Ridge,rock ridge
1037,VEE_RockRidge,a spine of standing rock,Heder Spine,rock ridge
1153,VEE_RockRidge,a spine of standing rock,Ismonheler Crest,rock ridge
10486,VEE_RockRidge,a spine of standing rock,Entoberon Ridge,rock ridge
2459,VEE_RockRidge,a spine of standing rock,Harsh Duck Ridge,rock ridge
18743,VEE_RockRidge,a spine of standing rock,Comboa Ridge,rock ridge
14181,VEE_RockRidge,a spine of standing rock,Lanla Ridge,rock ridge
16443,VEE_RockRidge,a spine of standing rock,Quaus Ridge,rock ridge
16296,VEE_RockRidge,a spine of standing rock,Hiora Ridge,rock ridge
7554,VEE_RockRidge,a spine of standing rock,Banastra Ridge,rock ridge
2949,Peninsula,land reaching into the water,Cape Bocho,peninsula
11830,Peninsula,land reaching into the water,Cape Raan,peninsula
12508,Peninsula,land reaching into the water,Cape Eaen,peninsula
8181,Peninsula,land reaching into the water,Point Lasa,peninsula
11851,Peninsula,land reaching into the water,Henithainum Peninsula,peninsula
788,Peninsula,land reaching into the water,Tedlia Peninsula,peninsula
2407,Peninsula,land reaching into the water,Point Alwasthila,peninsula
8904,Peninsula,land reaching into the water,Green Point,peninsula
17495,Peninsula,land reaching into the water,Meniño Peninsula,peninsula
20781,Peninsula,land reaching into the water,Smallheel Cape,peninsula
6658,Peninsula,land reaching into the water,Andtedera Horn,peninsula
15008,Peninsula,land reaching into the water,Red Tarsier Peninsula,peninsula
1046,VEE_GravelBeach,"shingle, not sand - the shore of a cold sea",Bluequail Pebble Strand,gravel beach
17531,VEE_GravelBeach,"shingle, not sand - the shore of a cold sea",Purplerock Rocky Shoreline,gravel beach
446,VEE_GravelBeach,"shingle, not sand - the shore of a cold sea",Neuia Pebble Strand,gravel beach
709,VEE_GravelBeach,"shingle, not sand - the shore of a cold sea",Thaalberium Pebble Strand,gravel beach
2247,VEE_GravelBeach,"shingle, not sand - the shore of a cold sea",Toera Pebble Strand,gravel beach
2616,VEE_GravelBeach,"shingle, not sand - the shore of a cold sea",Velou Rocky Shoreline,gravel beach
6638,VEE_GravelBeach,"shingle, not sand - the shore of a cold sea",Wasorussia Pebble Strand,gravel beach
13409,VEE_GravelBeach,"shingle, not sand - the shore of a cold sea",Haor Gravel Shore,gravel beach
7100,VEE_GravelBeach,"shingle, not sand - the shore of a cold sea",Naarbium Stone-Littered Beach,gravel beach
10344,VEE_GravelBeach,"shingle, not sand - the shore of a cold sea",Badmule Stone-Littered Beach,gravel beach
11778,VEE_GravelBeach,"shingle, not sand - the shore of a cold sea",Queabei Shingle Coast,gravel beach
20685,VEE_GravelBeach,"shingle, not sand - the shore of a cold sea",Binistia Pebble Strand,gravel beach
16354,Hollow,"shelter, if you get there before dark",Totros Hollow,hollow
1151,Hollow,"shelter, if you get there before dark",Stingray's Retirement Hollow,hollow
18720,Hollow,"shelter, if you get there before dark",Black Hollow,hollow
5039,Hollow,"shelter, if you get there before dark",Craggy Echidna Hollow,hollow
19375,Hollow,"shelter, if you get there before dark",Obanbrí Hollow,hollow
20878,Hollow,"shelter, if you get there before dark",Ordabum Hollow,hollow
17346,Hollow,"shelter, if you get there before dark",Turkeyclaw Hollow,hollow
20405,Hollow,"shelter, if you get there before dark",Trobo Hollow,hollow
13168,Hollow,"shelter, if you get there before dark",Bustmabrin Hollow,hollow
18352,Hollow,"shelter, if you get there before dark",Rachel's Hideout,hollow
2800,Hollow,"shelter, if you get there before dark",Bluegiraffe Hollow,hollow
674,VEE_SulfuricLake,"yellow water, and the smell reaches a day out",Breixos Stinging Waters,sulfuric lake
2604,VEE_SulfuricLake,"yellow water, and the smell reaches a day out",Eveus Acidic Basin,sulfuric lake
16737,VEE_SulfuricLake,"yellow water, and the smell reaches a day out",Connor's Stinging Waters,sulfuric lake
20315,VEE_SulfuricLake,"yellow water, and the smell reaches a day out",Blackhorn Sulfuric Lake,sulfuric lake
1817,VEE_SulfuricLake,"yellow water, and the smell reaches a day out",Celia's Sulfuric Lake,sulfuric lake
21572,VEE_SulfuricLake,"yellow water, and the smell reaches a day out",Daiki's Yellowmire,sulfuric lake
14446,VEE_SulfuricLake,"yellow water, and the smell reaches a day out",Boagu Yellowmire,sulfuric lake
18135,VEE_SulfuricLake,"yellow water, and the smell reaches a day out",Erberon Sulfur Spring,sulfuric lake
4489,VEE_SulfuricLake,"yellow water, and the smell reaches a day out",Inalor Acidic Basin,sulfuric lake
4515,VEE_SulfuricLake,"yellow water, and the smell reaches a day out",Eneraterbum Acidic Basin,sulfuric lake
6791,ToxicLake,left over from whatever happened here,Conoteana Toxic Lake,toxic lake
1973,ToxicLake,left over from whatever happened here,Wilfred's Dumping Grounds,toxic lake
9657,ToxicLake,left over from whatever happened here,Whale Palm Poison Lake,toxic lake
2136,ToxicLake,left over from whatever happened here,Zoya's Dumping Grounds,toxic lake
9539,ToxicLake,left over from whatever happened here,Humberto's Blight,toxic lake
20018,ToxicLake,left over from whatever happened here,Hatdio Poison Lake,toxic lake
17052,ToxicLake,left over from whatever happened here,Purpleskunk Toxic Lake,toxic lake
3701,ToxicLake,left over from whatever happened here,Hatouluia Poison Lake,toxic lake
4792,ToxicLake,left over from whatever happened here,Youinor Toxic Lake,toxic lake
12444,ToxicLake,left over from whatever happened here,Camla Toxic Lake,toxic lake
17106,AncientChemfuelRefinery,chemfuel is what a sandcrawler runs on,Seahorse Wing Plant,ancient chemfuel refinery
7306,AncientChemfuelRefinery,chemfuel is what a sandcrawler runs on,Raas Refinery,ancient chemfuel refinery
20085,AncientChemfuelRefinery,chemfuel is what a sandcrawler runs on,Robevas Refinery,ancient chemfuel refinery
557,AncientChemfuelRefinery,chemfuel is what a sandcrawler runs on,Embaixada Chemplant,ancient chemfuel refinery
3251,AncientChemfuelRefinery,chemfuel is what a sandcrawler runs on,Craggy Condor Plant,ancient chemfuel refinery
12447,AncientChemfuelRefinery,chemfuel is what a sandcrawler runs on,Miñoca Chemplant,ancient chemfuel refinery
5761,AncientChemfuelRefinery,chemfuel is what a sandcrawler runs on,Entyouwitera Refinery,ancient chemfuel refinery
6840,AncientChemfuelRefinery,chemfuel is what a sandcrawler runs on,Elandcheek Chemplant,ancient chemfuel refinery
19141,AncientChemfuelRefinery,chemfuel is what a sandcrawler runs on,Dominika's Plant,ancient chemfuel refinery
11690,AncientChemfuelRefinery,chemfuel is what a sandcrawler runs on,Cheetah Plant,ancient chemfuel refinery
1641,TerraformingScar,somebody tried to fix this planet and failed,Icylion Scar,terraforming scar
17085,TerraformingScar,somebody tried to fix this planet and failed,Roundbarracuda Wound,terraforming scar
19875,TerraformingScar,somebody tried to fix this planet and failed,Alina's Folly,terraforming scar
5531,TerraformingScar,somebody tried to fix this planet and failed,Scarlet's Delusion,terraforming scar
4778,TerraformingScar,somebody tried to fix this planet and failed,Bud's Scar,terraforming scar
13644,TerraformingScar,somebody tried to fix this planet and failed,The Grand Wound,terraforming scar
17171,TerraformingScar,somebody tried to fix this planet and failed,Vera's Flaw,terraforming scar
21684,TerraformingScar,somebody tried to fix this planet and failed,Ash's Howl,terraforming scar
7577,TerraformingScar,somebody tried to fix this planet and failed,Gabby's Wound,terraforming scar
20421,TerraformingScar,somebody tried to fix this planet and failed,Teandni Sundering,terraforming scar
7891,VEE_JaggedRocks,ground that cuts boots,Anlonbum Jagged Ridges,jagged rocks
18673,VEE_JaggedRocks,ground that cuts boots,Veroum Jagged Ridges,jagged rocks
15373,VEE_JaggedRocks,ground that cuts boots,Hinistan Jagged Rocks,jagged rocks
15381,VEE_JaggedRocks,ground that cuts boots,Darcey's Jagged Rocks,jagged rocks
16442,VEE_JaggedRocks,ground that cuts boots,Ondo Jagged Rocks,jagged rocks
19009,VEE_JaggedRocks,ground that cuts boots,Terhisna Jagged Ridges,jagged rocks
20809,VEE_JaggedRocks,ground that cuts boots,Rozalina's Jagged Rocks,jagged rocks
7174,VEE_JaggedRocks,ground that cuts boots,Roughcrocodile Jagged Rocks,jagged rocks
12115,VEE_JaggedRocks,ground that cuts boots,Paulette's Trophy Jagged Rocks,jagged rocks
20799,FrozenRuins,somebody lived out here once - scavenging ground,Brinco City,frozen ruins
6102,FrozenRuins,somebody lived out here once - scavenging ground,Craggysnake Frozen Ruins,frozen ruins
16327,FrozenRuins,somebody lived out here once - scavenging ground,Ruined Quatiodelia,frozen ruins
3545,FrozenRuins,somebody lived out here once - scavenging ground,Big Cattle Ice City,frozen ruins
13059,FrozenRuins,somebody lived out here once - scavenging ground,Far Dove Ice City,frozen ruins
20893,FrozenRuins,somebody lived out here once - scavenging ground,Vene Frozen Ruins,frozen ruins
618,FrozenRuins,somebody lived out here once - scavenging ground,Opossum Frozen Ruins,frozen ruins
1516,FrozenRuins,somebody lived out here once - scavenging ground,Goneler Ice City,frozen ruins
6211,FrozenRuins,somebody lived out here once - scavenging ground,Sharktalon Frozen Ruins,frozen ruins
17266,AbandonedColonyTribal,a tribe that did not make it through a dry decade,Waspaia Village,abandoned colony
15111,AbandonedColonyTribal,a tribe that did not make it through a dry decade,Bala Village,abandoned colony
7037,AbandonedColonyTribal,a tribe that did not make it through a dry decade,Atia Camp,abandoned colony
6977,AbandonedColonyTribal,a tribe that did not make it through a dry decade,Rocanche Village,abandoned colony
11590,AbandonedColonyTribal,a tribe that did not make it through a dry decade,Craneelbow Village,abandoned colony
17276,AbandonedColonyTribal,a tribe that did not make it through a dry decade,Oldzebra Village,abandoned colony
2880,AbandonedColonyTribal,a tribe that did not make it through a dry decade,Onasistan Camp,abandoned colony
12037,AbandonedColonyTribal,a tribe that did not make it through a dry decade,Green Village,abandoned colony
7249,CoastalIsland,"offshore, and hard to raid",Meus Isle,coastal island
9266,CoastalIsland,"offshore, and hard to raid",Kanagoler Island,coastal island
8883,CoastalIsland,"offshore, and hard to raid",Isle Oulbo,coastal island
9806,CoastalIsland,"offshore, and hard to raid",Isle Old Grasshopper,coastal island
8884,CoastalIsland,"offshore, and hard to raid",Bluegnat Island,coastal island
12016,CoastalIsland,"offshore, and hard to raid",Vegabar Island,coastal island
7500,CoastalIsland,"offshore, and hard to raid",Isle Gaboca,coastal island
6952,CoastalIsland,"offshore, and hard to raid",Delhadunor Island,coastal island
14885,Chasm,a crack too wide to jump and too deep to see,Selium Fracture,chasm
17185,Chasm,a crack too wide to jump and too deep to see,Dinbutuia Fracture,chasm
1604,Chasm,a crack too wide to jump and too deep to see,Tobor Fracture,chasm
19357,Chasm,a crack too wide to jump and too deep to see,Hainor Chasm,chasm
14289,Chasm,a crack too wide to jump and too deep to see,Goxo Fracture,chasm
7160,Chasm,a crack too wide to jump and too deep to see,Ennoteron Fracture,chasm
12087,Chasm,a crack too wide to jump and too deep to see,Boga Sinkhole,chasm
994,AB_TarLakes,"the tar pits, and what is preserved in them",Grayclaw Tar Lakes,tar lakes
457,AB_TarLakes,"the tar pits, and what is preserved in them",Cammabiscu Tar Lakes,tar lakes
476,AB_TarLakes,"the tar pits, and what is preserved in them",Hieron Tar Lakes,tar lakes
1859,AB_TarLakes,"the tar pits, and what is preserved in them",Magpiefoot Tar Lakes,tar lakes
1866,AB_TarLakes,"the tar pits, and what is preserved in them",Komaera Tar Lakes,tar lakes
2637,AB_TarLakes,"the tar pits, and what is preserved in them",Finuay Asphalt Pits,tar lakes
10015,AB_TarLakes,"the tar pits, and what is preserved in them",Rodaballo Asphalt Pits,tar lakes
37,VEE_FleshPits,"the superorganism, where it surfaces",Vasalo Anomalous Caverns,flesh pits
1062,VEE_FleshPits,"the superorganism, where it surfaces",Gogu Flesh Pit Expanse,flesh pits
469,VEE_FleshPits,"the superorganism, where it surfaces",Onfenan Flesh Pit Expanse,flesh pits
992,VEE_FleshPits,"the superorganism, where it surfaces",Badhand Flesh Pit Expanse,flesh pits
10201,VEE_FleshPits,"the superorganism, where it surfaces",Blackmagpie Flesh Pits,flesh pits
7485,VEE_FleshPits,"the superorganism, where it surfaces",Ourberium Anomalous Caverns,flesh pits
17828,VEE_FleshPits,"the superorganism, where it surfaces",Philip's Ruination Anomalous Caverns,flesh pits
12411,AncientQuarry,the mine the sandcrawlers were stolen from,Red Hedgehog Quarry,ancient quarry
14470,AncientQuarry,an old working in an ore province - somebody dug here first,Gane Quarry,ancient quarry
16854,AncientQuarry,an old working in an ore province - somebody dug here first,Cambiar Rock Pits,ancient quarry
4303,AncientQuarry,an old working in an ore province - somebody dug here first,Banzo Mines,ancient quarry
6695,AncientQuarry,an old working in an ore province - somebody dug here first,Excavation Site,ancient quarry
12396,AncientQuarry,an old working in an ore province - somebody dug here first,Mabar Mines,ancient quarry
9593,VEE_SerpentineCanyons,"slot canyons - cover, ambush, and a way through",Canto Canyons,serpentine canyons
499,VEE_SerpentineCanyons,"slot canyons - cover, ambush, and a way through",Blue Stingray Canyons,serpentine canyons
18770,VEE_SerpentineCanyons,"slot canyons - cover, ambush, and a way through",Ourforaseron Canyons,serpentine canyons
18932,VEE_SerpentineCanyons,"slot canyons - cover, ambush, and a way through",Tol Canyons,serpentine canyons
8106,VEE_SerpentineCanyons,"slot canyons - cover, ambush, and a way through",Lorenzo's Canyons,serpentine canyons
16898,VEE_SerpentineCanyons,"slot canyons - cover, ambush, and a way through",Toxro Canyons,serpentine canyons
8896,Archipelago,a scatter of rock in the shallows,Hadlonin's Foot Islands,archipelago
2249,Archipelago,a scatter of rock in the shallows,Primestinkbug Islands,archipelago
13203,Archipelago,a scatter of rock in the shallows,Miñoca Isles,archipelago
6636,Archipelago,a scatter of rock in the shallows,Isle Graybeetle,archipelago
6909,Archipelago,a scatter of rock in the shallows,Ambas Islands,archipelago
5937,VEE_StoneForest,"wind-cut pillars, a landscape that looks made",Tallnose Rocky Spire Field,stone forest
15234,VEE_StoneForest,"wind-cut pillars, a landscape that looks made",Bat Hip Craggy Stone Thicket,stone forest
10266,VEE_StoneForest,"wind-cut pillars, a landscape that looks made",Ourinum Shattered Monoliths,stone forest
1284,VEE_StoneForest,"wind-cut pillars, a landscape that looks made",Xigoque Craggy Stone Thicket,stone forest
1837,sw_DeadSarlacc,"the second sarlacc, and it is dead - somebody killed it",Dead Sarlacc,dead Sarlacc
15623,sw_DeadSarlacc,"the second sarlacc, and it is dead - somebody killed it",Dead Sarlacc,dead Sarlacc
20456,sw_DeadSarlacc,"the second sarlacc, and it is dead - somebody killed it",Dead Sarlacc,dead Sarlacc
15905,sw_DeadSarlacc,"the second sarlacc, and it is dead - somebody killed it",Dead Sarlacc,dead Sarlacc
14481,AncientHeatVent,a heat plume on the hottest world,Ñoisarocam Infernal Vents,ancient vent
14486,AncientHeatVent,a heat plume on the hottest world,Jackal Hell Holes,ancient vent
14490,AncientHeatVent,a heat plume on the hottest world,Trebo Hell Holes,ancient vent
2540,AB_MagmaticQuagmire,"a patch of ground that is not quite solid, on the Scald rim - owner asked for it by name",Leneunt Magmatic Quagmire,magmatic quagmire
7405,AB_MagmaticQuagmire,"a patch of ground that is not quite solid, on the Scald rim - owner asked for it by name",Purple Toad Magma Sinks,magmatic quagmire
7400,AB_MagmaticQuagmire,"a patch of ground that is not quite solid, on the Scald rim - owner asked for it by name",Hibo Magmatic Quagmire,magmatic quagmire
3214,VEE_RedDesert,iron sand on the hot side,Woodpecker's Arrogance Iron-Rich Desert,red sand desert
3678,VEE_RedDesert,iron sand on the hot side,Vasalo Rust-Colored Desert,red sand desert
15775,Plateau,"high flat ground, and you can see everything from it",Allitder Plateau,plateau
9566,Plateau,"high flat ground, and you can see everything from it",Croicam Rise,plateau
11903,HotSprings,geothermal water - the one warm bath on this planet,Gray Hot Spring,hot springs
634,HotSprings,geothermal water - the one warm bath on this planet,Stinkbugwrist Hot Springs,hot springs
12417,AbandonedColonyOutlander,"The Setdown - where the dead gravship was found. ADJACENT to the start tile, never on it: the ship needs 4,057 clear cells there",Hinin Outpost,abandoned colony
2920,sw_Sarlacc,the sarlacc the town is named for,Biamb Sarlacci Burrow,sarlacc pit
4000,AncientLaunchSite,"The Rust Cathedral - mechanoid ground, permanently at war",Alex's Launch Site,ancient launch site
21312,LavaCrater,the Scald rim volcanics - the one volcanic province,Gray Crater,lava lake
19495,LavaLake,the Scald rim volcanics,Icy Lemur Crater,lava lake
16887,VEE_AlluvialFan,the spoil a mountain stream drops when the slope runs out,Isla's Honor Depositional Flats,alluvial fan
6717,Basin,a bowl that collects what little falls,Nelson's Lunacy Basin,basin
1415,AB_QuicksandPits,soft ground under the fungus,Arba Quicksand Pits,quicksand pits
