pawnKindDef,raceThingDef,appears,cut,intelligence
AA_AcanthamoebaGiganteaHuge,AA_AcanthamoebaGiganteaHuge,biomes:AB_MechanoidIntrusion=0.4000000059604645,,Animal
AA_AcanthamoebaGiganteaLarge,AA_AcanthamoebaGiganteaLarge,biomes:Scarlands=0.4000000059604645,,Animal
AA_AcanthamoebaGiganteaSmall,AA_AcanthamoebaGiganteaSmall,biomes:AB_MechanoidIntrusion=1;Scarlands=1;AB_GelatinousSuperorganism=0.10000000149011612;AridShrubland=0.009999999776482582;ZBiome_Badlands=0.004999999888241291;AB_FeraliskInfestedJungle=0.004999999888241291;ZBiome_Grasslands=0.004999999888241291;AB_MiasmicMangrove=0.004999999888241291;AB_MycoticJungle=0.0010000000474974513;AB_TarPits=0.0010000000474974513;AB_OcularForest=0.0010000000474974513,,Animal
AA_Aerofleet,AA_Aerofleet,biomes:AridShrubland=1;ZBiome_Grasslands=0.30000001192092896;ZBiome_Badlands=0.20000000298023224;Desert=0.10000000149011612;ZBiome_DesertOasis=0.10000000149011612;AB_GelatinousSuperorganism=0.10000000149011612;AB_TarPits=0.10000000149011612;AB_OcularForest=0.10000000149011612;AB_MycoticJungle=0.05000000074505806;Wasteland=0.05000000074505806;PoisonForest=0.05000000074505806;AB_PyroclasticConflagration=0.05000000074505806;Volcano=0.05000000074505806;LavaField=0.05000000074505806;AB_FeraliskInfestedJungle=0.009999999776482582,,Animal
AA_Agaripawn,AA_Agaripawn,biomes:ZBiome_Badlands=0.4000000059604645;AB_MycoticJungle=0.07000000029802322,,Animal
AA_Agaripod,AA_Agaripod,biomes:AB_MycoticJungle=0.5,,Animal
AA_AngelMoth,AA_AngelMoth,biomes:AB_OcularForest=0.699999988079071;ZBiome_Grasslands=0.07500000298023224;AridShrubland=0.05000000074505806;Desert=0.05000000074505806;ZBiome_DesertOasis=0.05000000074505806;Scarlands=0.03999999910593033;ZBiome_Badlands=0.03500000014901161,,Animal
AA_AngelMothLarva,AA_AngelMothLarva,biomes:ZBiome_Grasslands=0.07500000298023224;AridShrubland=0.05000000074505806;Desert=0.05000000074505806;ZBiome_DesertOasis=0.05000000074505806;Scarlands=0.03999999910593033;ZBiome_Badlands=0.03500000014901161,,Animal
AA_AnimaColossus,AA_AnimaColossus,biomes:BMT_FungalForest=0.00800000037997961;AB_MycoticJungle=0.007000000216066837;AB_FeraliskInfestedJungle=0.007000000216066837;AB_GelatinousSuperorganism=0.007000000216066837;AB_OcularForest=0.007000000216066837,,Animal
AA_Animalisk,AA_Animalisk,biomes:AB_FeraliskInfestedJungle=0.4000000059604645;LavaField=0.4000000059604645,,Animal
AA_AnimusVox,AA_AnimusVox,biomes:AB_MycoticJungle=0.05000000074505806;PoisonForest=0.05000000074505806;AB_FeraliskInfestedJungle=0.05000000074505806;Volcano=0.05000000074505806;ZBiome_Badlands=0.02500000037252903;AB_MiasmicMangrove=0.019999999552965164;AB_TarPits=0.019999999552965164;AridShrubland=0.009999999776482582;Wasteland=0.009999999776482582;AB_PyroclasticConflagration=0.009999999776482582;LavaField=0.009999999776482582;ZBiome_Grasslands=0.004999999888241291,,Animal
AA_ArcticLion,AA_ArcticLion,biomes:AB_PropaneLakes=0.18000000715255737,,Animal
AA_Atispec,AA_Atispec,biomes:Wasteland=0.20000000298023224,,Animal
AA_AuroraSylph,AA_AuroraSylph,biomes:PoisonForest=0.699999988079071;BMT_CrystalCaverns=0.699999988079071;ZBiome_Badlands=0.014999999664723873;ZBiome_Grasslands=0.014999999664723873;AridShrubland=0.009999999776482582;Desert=0.009999999776482582;ZBiome_DesertOasis=0.009999999776482582;Scarlands=0.009999999776482582;LavaField=0.009999999776482582,,Animal
AA_Barbslinger,AA_Barbslinger,biomes:AridShrubland=0.5;Desert=0.30000001192092896;ZBiome_DesertOasis=0.30000001192092896;ZBiome_Grasslands=0.18000000715255737;ExtremeDesert=0.10000000149011612;Wasteland=0.05000000074505806;AB_TarPits=0.019999999552965164,,Animal
AA_BedBug,AA_BedBug,biomes:PoisonForest=0.699999988079071;AB_PropaneLakes=0.699999988079071;ZBiome_Badlands=0.014999999664723873;AridShrubland=0.009999999776482582;ZBiome_Grasslands=0.004999999888241291,,Animal
AA_Behemoth,AA_Behemoth,biomes:PoisonForest=0.027000000700354576,,Animal
AA_BlackScarab,AA_BlackScarab,biomes:BMT_FungalForest=0.699999988079071;AB_PyroclasticConflagration=0.699999988079071,,Animal
AA_BlackSpelopede,AA_BlackSpelopede,biomes:AB_MechanoidIntrusion=0.4000000059604645;Volcano=0.4000000059604645,,Animal
AA_BlackSpider,AA_BlackSpider,biomes:PoisonForest=0.4000000059604645;AB_PyroclasticConflagration=0.4000000059604645,,Animal
AA_Blizzarisk,AA_Blizzarisk,biomes:AB_PropaneLakes=0.18000000715255737,,Animal
AA_BloodShrimp,AA_BloodShrimp,biomes:ZBiome_DesertOasis=0.4000000059604645;AB_MiasmicMangrove=0.07000000029802322;AB_OcularForest=0.07000000029802322;AridShrubland=0.05000000074505806;Wasteland=0.05000000074505806;Scarlands=0.05000000074505806;ZBiome_Grasslands=0.02500000037252903;PoisonForest=0.009999999776482582;ZBiome_Badlands=0.009999999776482582;AB_FeraliskInfestedJungle=0.009999999776482582;Volcano=0.009999999776482582,,Animal
AA_Bobeene,AA_Bobeene,biomes:AB_TarPits=0.18000000715255737,,Animal
AA_BoulderMit,AA_BoulderMit,biomes:PoisonForest=0.10000000149011612;Volcano=0.10000000149011612;Desert=0.07000000029802322;AB_MycoticJungle=0.07000000029802322;AB_FeraliskInfestedJungle=0.07000000029802322;ZBiome_DesertOasis=0.07000000029802322;ExtremeDesert=0.05000000074505806;AridShrubland=0.05000000074505806;Wasteland=0.05000000074505806;AB_PyroclasticConflagration=0.05000000074505806;LavaField=0.05000000074505806;ZBiome_Grasslands=0.02500000037252903;ZBiome_Badlands=0.012500000186264515;AB_PropaneLakes=0.009999999776482582;AB_MechanoidIntrusion=0.009999999776482582;AB_GelatinousSuperorganism=0.009999999776482582;Scarlands=0.009999999776482582;AB_MiasmicMangrove=0.009999999776482582;AB_TarPits=0.009999999776482582;AB_OcularForest=0.009999999776482582,,Animal
AA_Bumbledrone,AA_Bumbledrone,biomes:ZBiome_Badlands=0.699999988079071;AB_TarPits=0.699999988079071;ZBiome_Grasslands=0.10499999672174454;AridShrubland=0.07000000029802322;Desert=0.07000000029802322;AB_MycoticJungle=0.07000000029802322;ZBiome_DesertOasis=0.07000000029802322;AB_GelatinousSuperorganism=0.07000000029802322;PoisonForest=0.05000000074505806;AB_FeraliskInfestedJungle=0.05000000074505806;AB_MiasmicMangrove=0.019999999552965164;Wasteland=0.009999999776482582;Scarlands=0.009999999776482582;Volcano=0.009999999776482582,,Animal
AA_BumbledroneHierophant,AA_BumbledroneHierophant,biomes:ZBiome_Badlands=0.699999988079071;AB_TarPits=0.699999988079071;ZBiome_Grasslands=0.014999999664723873;AridShrubland=0.009999999776482582,,Animal
AA_BumbledroneQueen,AA_BumbledroneQueen,biomes:Desert=0.699999988079071;ZBiome_DesertOasis=0.699999988079071,,Animal
AA_Cactipine,AA_Cactipine,biomes:ZBiome_Grasslands=0.75;AB_MechanoidIntrusion=0.699999988079071;AridShrubland=0.5;ExtremeDesert=0.07000000029802322;Desert=0.07000000029802322;ZBiome_DesertOasis=0.07000000029802322,,Animal
AA_ChameleonYak,AA_ChameleonYak,biomes:ZBiome_Grasslands=0.22499999403953552;AB_GelatinousSuperorganism=0.18000000715255737;AridShrubland=0.15000000596046448;Desert=0.07000000029802322;ZBiome_DesertOasis=0.07000000029802322;ZBiome_Badlands=0.02500000037252903;ExtremeDesert=0.019999999552965164;Scarlands=0.009999999776482582,,Animal
AA_ChemfuelMyrmidon,AA_ChemfuelMyrmidon,biomes:AB_PyroclasticConflagration=0.5;LavaField=0.5;AB_MechanoidIntrusion=0.4000000059604645,,Animal
AA_Cinderlisk,AA_Cinderlisk,biomes:AB_PyroclasticConflagration=0.5;LavaField=0.5;AB_MechanoidIntrusion=0.18000000715255737;Volcano=0.10000000149011612;AB_MycoticJungle=0.07000000029802322;AB_FeraliskInfestedJungle=0.07000000029802322;AB_GelatinousSuperorganism=0.07000000029802322;ExtremeDesert=0.05000000074505806;Desert=0.05000000074505806;Wasteland=0.05000000074505806;ZBiome_DesertOasis=0.05000000074505806;AB_MiasmicMangrove=0.05000000074505806;ZBiome_Grasslands=0.04500000178813934;AridShrubland=0.029999999329447746;AB_OcularForest=0.009999999776482582,,Animal
AA_ColossalAerofleet,AA_ColossalAerofleet,biomes:Wasteland=0.18000000715255737,,Animal
AA_CrepuscularBeetle,AA_CrepuscularBeetle,biomes:AB_RockyCrags=0.699999988079071,,Animal
AA_CrescendoAnole,AA_CrescendoAnole,biomes:AB_FeraliskInfestedJungle=0.699999988079071;AB_GelatinousSuperorganism=0.699999988079071;AridShrubland=0.03999999910593033;Desert=0.029999999329447746;ZBiome_DesertOasis=0.029999999329447746;ExtremeDesert=0.019999999552965164;ZBiome_Grasslands=0.019999999552965164;Scarlands=0.009999999776482582;AB_TarPits=0.009999999776482582;AB_PyroclasticConflagration=0.009999999776482582;AB_MiasmicMangrove=0.004999999888241291,,Animal
AA_CrystalMit,AA_CrystalMit,biomes:AB_PropaneLakes=0.699999988079071;Volcano=0.5;Desert=0.07000000029802322;Wasteland=0.07000000029802322;ZBiome_DesertOasis=0.07000000029802322;ExtremeDesert=0.05000000074505806;AridShrubland=0.05000000074505806;AB_MycoticJungle=0.029999999329447746;AB_FeraliskInfestedJungle=0.029999999329447746;AB_PyroclasticConflagration=0.029999999329447746;LavaField=0.029999999329447746;ZBiome_Grasslands=0.02500000037252903;ZBiome_Badlands=0.009999999776482582;Scarlands=0.009999999776482582;AB_TarPits=0.009999999776482582;AB_OcularForest=0.009999999776482582,,Animal
AA_DarkVandal,AA_DarkVandal,biomes:AB_RockyCrags=0.30000001192092896;ZBiome_Grasslands=0.014999999664723873;ZBiome_Badlands=0.012500000186264515;AridShrubland=0.009999999776482582;Desert=0.009999999776482582;ZBiome_DesertOasis=0.009999999776482582;Scarlands=0.004999999888241291,,Animal
AA_Darkbeast,AA_Darkbeast,biomes:AB_PropaneLakes=0.4000000059604645;BMT_CrystalCaverns=0.4000000059604645;AB_RockyCrags=0.009999999776482582;Scarlands=0.004999999888241291,,Animal
AA_DecayDrake,AA_DecayDrake,biomes:AB_GelatinousSuperorganism=0.4000000059604645;PoisonForest=0.05000000074505806;AB_FeraliskInfestedJungle=0.05000000074505806;AB_MiasmicMangrove=0.019999999552965164;Scarlands=0.004999999888241291,,Animal
AA_DesertAve,AA_DesertAve,biomes:Desert=0.800000011920929;ZBiome_DesertOasis=0.800000011920929;AridShrubland=0.4000000059604645;ZBiome_Grasslands=0.4000000059604645;ExtremeDesert=0.25,,Animal
AA_Drainer,AA_Drainer,biomes:AB_GelatinousSuperorganism=0.699999988079071;AB_MycoticJungle=0.05000000074505806;AB_FeraliskInfestedJungle=0.05000000074505806;AB_OcularForest=0.05000000074505806;ZBiome_Badlands=0.014999999664723873;ZBiome_Grasslands=0.014999999664723873;AridShrubland=0.009999999776482582;Desert=0.009999999776482582;ZBiome_DesertOasis=0.009999999776482582;AB_TarPits=0.009999999776482582;AB_PyroclasticConflagration=0.009999999776482582,,Animal
AA_DrainerLarva,AA_DrainerLarva,biomes:AB_MycoticJungle=0.05000000074505806;AB_FeraliskInfestedJungle=0.05000000074505806;AB_OcularForest=0.05000000074505806;ZBiome_Badlands=0.014999999664723873;ZBiome_Grasslands=0.014999999664723873;AridShrubland=0.009999999776482582;Desert=0.009999999776482582;ZBiome_DesertOasis=0.009999999776482582;AB_GelatinousSuperorganism=0.009999999776482582;AB_TarPits=0.009999999776482582;AB_PyroclasticConflagration=0.009999999776482582,,Animal
AA_Dunealisk,AA_Dunealisk,biomes:ExtremeDesert=0.18000000715255737;ZBiome_Grasslands=0.10499999672174454;Desert=0.10000000149011612;ZBiome_DesertOasis=0.10000000149011612;AridShrubland=0.07000000029802322;AB_FeraliskInfestedJungle=0.07000000029802322;Scarlands=0.009999999776482582,,Animal
AA_DuskProwler,AA_DuskProwler,biomes:AB_RockyCrags=0.4000000059604645;ZBiome_Badlands=0.05000000074505806;AridShrubland=0.03999999910593033;Desert=0.029999999329447746;ZBiome_DesertOasis=0.029999999329447746;ExtremeDesert=0.019999999552965164;ZBiome_Grasslands=0.019999999552965164,,Animal
AA_DuskRat,AA_DuskRat,biomes:AB_RockyCrags=1;BMT_FungalForest=1,,Animal
AA_EmpressButterfly,AA_EmpressButterfly,biomes:Wasteland=0.699999988079071,,Animal
AA_Erin,AA_Erin,biomes:AB_FeraliskInfestedJungle=0.4000000059604645;AB_MiasmicMangrove=0.019999999552965164;ExtremeDesert=0.014999999664723873;AridShrubland=0.014999999664723873;Desert=0.014999999664723873;ZBiome_DesertOasis=0.014999999664723873;Scarlands=0.014999999664723873;AB_TarPits=0.014999999664723873;ZBiome_Grasslands=0.007499999832361937,,Animal
AA_Eyeling,AA_Eyeling,biomes:Wasteland=1.2000000476837158;AB_PyroclasticConflagration=1;ZBiome_DesertOasis=0.800000011920929;ZBiome_Grasslands=0.699999988079071;ExtremeDesert=0.5,,Animal
AA_Feralisk,AA_Feralisk,biomes:AB_MiasmicMangrove=0.4000000059604645;Wasteland=0.10000000149011612;AB_FeraliskInfestedJungle=0.10000000149011612;AB_GelatinousSuperorganism=0.019999999552965164;Scarlands=0.009999999776482582,,Animal
AA_FireWasp,AA_FireWasp,biomes:AB_PyroclasticConflagration=1;ZBiome_Grasslands=0.699999988079071;AB_MiasmicMangrove=0.699999988079071,,Animal
AA_FissionMouse,AA_FissionMouse,biomes:ZBiome_DesertOasis=0.699999988079071;AB_MechanoidIntrusion=0.07000000029802322;PoisonForest=0.05000000074505806;ZBiome_Badlands=0.03500000014901161;AridShrubland=0.009999999776482582;Desert=0.009999999776482582;AB_MycoticJungle=0.009999999776482582;Wasteland=0.009999999776482582;AB_FeraliskInfestedJungle=0.009999999776482582;AB_GelatinousSuperorganism=0.009999999776482582;Scarlands=0.009999999776482582;AB_TarPits=0.009999999776482582;AB_PyroclasticConflagration=0.009999999776482582;Volcano=0.009999999776482582;LavaField=0.009999999776482582;AB_OcularForest=0.009999999776482582;ExtremeDesert=0.004999999888241291;ZBiome_Grasslands=0.004999999888241291,,Animal
AA_FissionMouseSecond,AA_FissionMouseSecond,biomes:AB_MycoticJungle=0.699999988079071;ZBiome_Badlands=0.699999988079071,,Animal
AA_FissionMouseThird,AA_FissionMouseThird,biomes:AB_MycoticJungle=0.699999988079071;ZBiome_Badlands=0.699999988079071,,Animal
AA_FrostAve,AA_FrostAve,biomes:AB_PropaneLakes=0.4000000059604645;BMT_CrystalCaverns=0.4000000059604645,,Animal
AA_FrostboundBehemoth,AA_FrostboundBehemoth,biomes:AB_PropaneLakes=0.25200000405311584,,Animal
AA_Frostling,AA_Frostling,biomes:AB_PropaneLakes=0.4000000059604645;BMT_CrystalCaverns=0.4000000059604645,,Animal
AA_Frostmite,AA_Frostmite,biomes:AB_PropaneLakes=0.699999988079071;BMT_CrystalCaverns=0.699999988079071,,Animal
AA_FungalHusk,AA_FungalHusk,biomes:AB_RockyCrags=0.4000000059604645,,Animal
AA_Gallatross,AA_Gallatross,biomes:AB_MycoticJungle=0.01140000019222498,,Animal
AA_GiantCrownedSilkie,AA_GiantCrownedSilkie,biomes:PoisonForest=0.4000000059604645;ZBiome_Badlands=0.0024999999441206455,,Animal
AA_Gigantelope,AA_Gigantelope,biomes:ZBiome_Grasslands=0.30000001192092896;AridShrubland=0.20000000298023224;AB_OcularForest=0.18000000715255737;Desert=0.10000000149011612;ZBiome_Badlands=0.10000000149011612;ZBiome_DesertOasis=0.10000000149011612,,Animal
AA_GreatDevourer,AA_GreatDevourer,biomes:Wasteland=0.05000000074505806;Scarlands=0.029999999329447746;Volcano=0.019999999552965164;AridShrubland=0.009999999776482582;Desert=0.009999999776482582;ZBiome_Badlands=0.009999999776482582;ZBiome_DesertOasis=0.009999999776482582;AB_PyroclasticConflagration=0.009999999776482582;ZBiome_Grasslands=0.004999999888241291,,Animal
AA_GreenGoo,AA_GreenGoo,biomes:AB_GelatinousSuperorganism=2;AB_PropaneLakes=0.699999988079071,,Animal
AA_GreyCoatedMouflon,AA_GreyCoatedMouflon,biomes:PoisonForest=0.4000000059604645;AB_PropaneLakes=0.009999999776482582;ZBiome_Badlands=0.004999999888241291,,Animal
AA_Groundrunner,AA_Groundrunner,biomes:PoisonForest=0.009999999776482582,,Animal
AA_Helixien,AA_Helixien,biomes:AB_MiasmicMangrove=0.5;PoisonForest=0.15000000596046448;AB_GelatinousSuperorganism=0.15000000596046448;AB_OcularForest=0.10000000149011612;AB_PyroclasticConflagration=0.05000000074505806;AB_FeraliskInfestedJungle=0.019999999552965164;AridShrubland=0.009999999776482582;Scarlands=0.009999999776482582;AB_TarPits=0.009999999776482582;ZBiome_Badlands=0.004999999888241291;ZBiome_Grasslands=0.004999999888241291,,Animal
AA_InfectedAerofleet,AA_InfectedAerofleet,biomes:PoisonForest=1;AB_OcularForest=0.5,,Animal
AA_IronhuskBeetle,AA_IronhuskBeetle,biomes:Volcano=0.18000000715255737,,Animal
AA_Junglelisk,AA_Junglelisk,biomes:AB_FeraliskInfestedJungle=0.4000000059604645;ZBiome_Grasslands=0.4000000059604645,,Animal
AA_LarvalAtispec,AA_LarvalAtispec,biomes:AB_TarPits=0.30000001192092896;AB_MycoticJungle=0.029999999329447746;AB_PyroclasticConflagration=0.029999999329447746;AB_OcularForest=0.029999999329447746;ZBiome_Grasslands=0.014999999664723873;AridShrubland=0.009999999776482582;ZBiome_Badlands=0.009999999776482582;Scarlands=0.009999999776482582,,Animal
AA_Lockjaw,AA_Lockjaw,biomes:AB_MiasmicMangrove=0.5;AB_GelatinousSuperorganism=0.07000000029802322;AB_FeraliskInfestedJungle=0.05000000074505806,,Animal
AA_Locusts,AA_Locusts,biomes:AB_TarPits=1,,Animal
AA_LuciferBug,AA_LuciferBug,biomes:ZBiome_Badlands=1;AB_MechanoidIntrusion=0.07000000029802322;AB_PyroclasticConflagration=0.05000000074505806;Desert=0.029999999329447746;ZBiome_DesertOasis=0.029999999329447746;ZBiome_Grasslands=0.014999999664723873;AridShrubland=0.009999999776482582;AB_MycoticJungle=0.009999999776482582;AB_FeraliskInfestedJungle=0.009999999776482582;AB_GelatinousSuperorganism=0.009999999776482582;Scarlands=0.009999999776482582;AB_TarPits=0.009999999776482582;AB_OcularForest=0.009999999776482582,,Animal
AA_MammothWorm,AA_MammothWorm,biomes:LavaField=0.05730000138282776;AB_PyroclasticConflagration=0.05000000074505806;ExtremeDesert=0.029999999329447746;AridShrubland=0.029999999329447746;Desert=0.029999999329447746;ZBiome_DesertOasis=0.029999999329447746;ZBiome_Grasslands=0.014999999664723873;Scarlands=0.009999999776482582;AB_TarPits=0.009999999776482582;Volcano=0.009999999776482582,,Animal
AA_Mantrap,AA_Mantrap,biomes:AB_MiasmicMangrove=0.5;Scarlands=0.18000000715255737;ZBiome_Grasslands=0.15000000596046448;AridShrubland=0.10000000149011612;AB_FeraliskInfestedJungle=0.07000000029802322;AB_GelatinousSuperorganism=0.07000000029802322;ZBiome_Badlands=0.02500000037252903;ExtremeDesert=0.009999999776482582;Desert=0.009999999776482582;ZBiome_DesertOasis=0.009999999776482582,,Animal
AA_MatureFleshbeast,AA_MatureFleshbeast,biomes:Desert=0.05400000140070915;Scarlands=0.05000000074505806;AridShrubland=0.009999999776482582;ZBiome_DesertOasis=0.009999999776482582;ZBiome_Badlands=0.004999999888241291;ZBiome_Grasslands=0.004999999888241291,,Animal
AA_MeadowAve,AA_MeadowAve,biomes:AB_TarPits=0.4000000059604645;ZBiome_Badlands=0.10000000149011612;ZBiome_Grasslands=0.05999999865889549;PoisonForest=0.05000000074505806;AridShrubland=0.03999999910593033;Desert=0.029999999329447746;ZBiome_DesertOasis=0.029999999329447746,,Animal
AA_MegaLouse,AA_MegaLouse,biomes:AB_RockyCrags=0.699999988079071;BMT_CrystalCaverns=0.699999988079071;ZBiome_Grasslands=0.04500000178813934;AridShrubland=0.029999999329447746;Desert=0.029999999329447746;Wasteland=0.029999999329447746;PoisonForest=0.029999999329447746;ZBiome_DesertOasis=0.029999999329447746;Volcano=0.029999999329447746;ZBiome_Badlands=0.014999999664723873;Scarlands=0.009999999776482582;LavaField=0.009999999776482582,,Animal
AA_Metallovore,AA_Metallovore,biomes:LavaField=0.5;AB_PyroclasticConflagration=0.18000000715255737,,Animal
AA_Mime,AA_Mime,biomes:AB_GelatinousSuperorganism=0.4000000059604645,,Animal
AA_Murkling,AA_Murkling,biomes:AB_RockyCrags=1;AB_MycoticJungle=0.699999988079071;AridShrubland=0.4000000059604645;ZBiome_Badlands=0.20000000298023224;ZBiome_Grasslands=0.20000000298023224;ExtremeDesert=0.10000000149011612;Desert=0.10000000149011612;ZBiome_DesertOasis=0.10000000149011612,,Animal
AA_MycoidColossus,AA_MycoidColossus,biomes:AB_MycoticJungle=0.5;Scarlands=0.02160000056028366,,Animal
AA_Needlepost,AA_Needlepost,biomes:AB_MechanoidIntrusion=0.699999988079071;ZBiome_Grasslands=0.10499999672174454;Desert=0.10000000149011612;ZBiome_DesertOasis=0.10000000149011612;AridShrubland=0.07000000029802322;ExtremeDesert=0.03999999910593033,,Animal
AA_Needleroll,AA_Needleroll,biomes:ExtremeDesert=1.5;Desert=1.2000000476837158;ZBiome_DesertOasis=1.2000000476837158;AB_MechanoidIntrusion=1,,Animal
AA_NightAve,AA_NightAve,biomes:AB_RockyCrags=0.4000000059604645;ZBiome_Grasslands=0.05999999865889549;AridShrubland=0.03999999910593033;Desert=0.009999999776482582;ZBiome_DesertOasis=0.009999999776482582;ZBiome_Badlands=0.004999999888241291,,Animal
AA_NightMule,AA_NightMule,biomes:AB_RockyCrags=1;LavaField=0.18000000715255737,,Animal
AA_NightRam,AA_NightRam,biomes:AB_RockyCrags=0.18000000715255737,,Animal
AA_Nightling,AA_Nightling,biomes:AB_RockyCrags=0.4000000059604645;PoisonForest=0.10000000149011612;ZBiome_Badlands=0.05000000074505806;AB_PyroclasticConflagration=0.05000000074505806;AridShrubland=0.03999999910593033;Desert=0.029999999329447746;Wasteland=0.029999999329447746;ZBiome_DesertOasis=0.029999999329447746;Volcano=0.029999999329447746;ExtremeDesert=0.019999999552965164;ZBiome_Grasslands=0.019999999552965164;AB_TarPits=0.009999999776482582,,Animal
AA_OcularJelly,AA_OcularJelly,biomes:AB_OcularForest=2;Desert=0.699999988079071;Wasteland=0.009999999776482582;PoisonForest=0.004999999888241291;Volcano=0.004999999888241291,,Animal
AA_OcularNightling,AA_OcularNightling,biomes:BMT_FungalForest=0.4000000059604645,,Animal
AA_OvergrownColossus,AA_OvergrownColossus,biomes:PoisonForest=0.05000000074505806;AB_FeraliskInfestedJungle=0.019999999552965164;AB_GelatinousSuperorganism=0.019999999552965164;AB_MiasmicMangrove=0.009999999776482582,,Animal
AA_PebbleMit,AA_PebbleMit,biomes:PoisonForest=0.699999988079071;Volcano=0.10000000149011612;Desert=0.07000000029802322;ZBiome_DesertOasis=0.07000000029802322;ExtremeDesert=0.05000000074505806;AridShrubland=0.05000000074505806;ZBiome_Badlands=0.03500000014901161;AB_MycoticJungle=0.029999999329447746;Wasteland=0.029999999329447746;AB_FeraliskInfestedJungle=0.029999999329447746;ZBiome_Grasslands=0.02500000037252903;AB_MiasmicMangrove=0.019999999552965164;AB_PropaneLakes=0.009999999776482582;AB_MechanoidIntrusion=0.009999999776482582;AB_GelatinousSuperorganism=0.009999999776482582;Scarlands=0.009999999776482582;AB_TarPits=0.009999999776482582;AB_PyroclasticConflagration=0.009999999776482582;LavaField=0.009999999776482582;AB_OcularForest=0.009999999776482582,,Animal
AA_PedigreedRaptor,AA_PedigreedRaptor,biomes:ZBiome_Badlands=0.699999988079071;Desert=0.014999999664723873;ZBiome_Grasslands=0.014999999664723873;ZBiome_DesertOasis=0.014999999664723873;AridShrubland=0.009999999776482582;AB_MycoticJungle=0.009999999776482582;AB_PropaneLakes=0.009999999776482582;AB_FeraliskInfestedJungle=0.009999999776482582;Scarlands=0.009999999776482582;AB_MiasmicMangrove=0.009999999776482582;LavaField=0.009999999776482582;AB_OcularForest=0.009999999776482582,,Animal
AA_Plasmorph,AA_Plasmorph,biomes:ZBiome_Grasslands=0.4000000059604645;ZBiome_DesertOasis=0.4000000059604645;AB_TarPits=0.30000001192092896;AB_OcularForest=0.029999999329447746;AB_GelatinousSuperorganism=0.009999999776482582;AB_MiasmicMangrove=0.009999999776482582,,Animal
AA_Radyak,AA_Radyak,biomes:AB_TarPits=0.18000000715255737;ZBiome_Grasslands=0.001500000013038516;AridShrubland=0.0010000000474974513;LavaField=0.0010000000474974513;ZBiome_Badlands=0.0002500000118743628,,Animal
AA_RaptorShrimp,AA_RaptorShrimp,biomes:AB_MiasmicMangrove=0.5;LavaField=0.4000000059604645;AB_FeraliskInfestedJungle=0.019999999552965164;AB_GelatinousSuperorganism=0.019999999552965164,,Animal
AA_Ravager,AA_Ravager,biomes:AB_RockyCrags=0.18000000715255737;BMT_CrystalCaverns=0.18000000715255737;Scarlands=0.10000000149011612;ZBiome_Badlands=0.004999999888241291;LavaField=0.004999999888241291;AridShrubland=0.0024999999441206455;Desert=0.0024999999441206455;ZBiome_DesertOasis=0.0024999999441206455;ZBiome_Grasslands=0.0012499999720603228,,Animal
AA_RayHound,AA_RayHound,biomes:AB_PyroclasticConflagration=0.4000000059604645;AridShrubland=0.05000000074505806;ZBiome_Grasslands=0.02500000037252903;ZBiome_Badlands=0.017500000074505806;Scarlands=0.009999999776482582,,Animal
AA_Razorjack,AA_Razorjack,biomes:ZBiome_DesertOasis=0.4000000059604645;ExtremeDesert=0.07000000029802322;Desert=0.07000000029802322;AB_OcularForest=0.07000000029802322;Volcano=0.05000000074505806;AB_MycoticJungle=0.029999999329447746;AB_FeraliskInfestedJungle=0.029999999329447746;AB_PyroclasticConflagration=0.029999999329447746;Scarlands=0.02500000037252903;ZBiome_Badlands=0.012500000186264515;AridShrubland=0.009999999776482582;Wasteland=0.009999999776482582;PoisonForest=0.009999999776482582;AB_GelatinousSuperorganism=0.009999999776482582;AB_TarPits=0.009999999776482582;ZBiome_Grasslands=0.004999999888241291,,Animal
AA_RedGoo,AA_RedGoo,biomes:AB_OcularForest=0.75;AB_PropaneLakes=0.699999988079071;BMT_CrystalCaverns=0.699999988079071,,Animal
AA_RedSpore,AA_RedSpore,biomes:AB_OcularForest=0.8500000238418579;BMT_CrystalCaverns=0.18000000715255737,,Animal
AA_RipperHound,AA_RipperHound,biomes:Volcano=0.4000000059604645;AB_FeraliskInfestedJungle=0.07000000029802322;AridShrubland=0.05000000074505806;AB_MycoticJungle=0.029999999329447746;AB_PyroclasticConflagration=0.029999999329447746;ZBiome_Badlands=0.02500000037252903;ZBiome_Grasslands=0.02500000037252903;Wasteland=0.009999999776482582;PoisonForest=0.009999999776482582;Scarlands=0.009999999776482582;AB_TarPits=0.009999999776482582;AB_OcularForest=0.009999999776482582,,Animal
AA_RoughPlatedMonitor,AA_RoughPlatedMonitor,biomes:AB_OcularForest=0.20000000298023224;AB_MiasmicMangrove=0.18000000715255737;Wasteland=0.10000000149011612;PoisonForest=0.10000000149011612;Desert=0.07000000029802322;ZBiome_DesertOasis=0.07000000029802322;Volcano=0.07000000029802322;ExtremeDesert=0.05000000074505806;AridShrubland=0.05000000074505806;LavaField=0.05000000074505806;AB_MycoticJungle=0.029999999329447746;ZBiome_Grasslands=0.02500000037252903,,Animal
AA_RoyalAve,AA_RoyalAve,biomes:AB_TarPits=0.4000000059604645;ZBiome_Grasslands=0.014999999664723873;AridShrubland=0.009999999776482582;Desert=0.009999999776482582;ZBiome_DesertOasis=0.009999999776482582;ZBiome_Badlands=0.0024999999441206455,,Animal
AA_SandLion,AA_SandLion,biomes:AridShrubland=0.18000000715255737;ExtremeDesert=0.10000000149011612;Desert=0.10000000149011612;ZBiome_DesertOasis=0.10000000149011612;ZBiome_Grasslands=0.03500000014901161,,Animal
AA_SandProwler,AA_SandProwler,biomes:AB_MechanoidIntrusion=0.18000000715255737;AB_RockyCrags=0.15000000596046448;ExtremeDesert=0.10000000149011612;Desert=0.10000000149011612;ZBiome_DesertOasis=0.10000000149011612;AridShrubland=0.07000000029802322;AB_TarPits=0.03999999910593033;ZBiome_Grasslands=0.03500000014901161;AB_OcularForest=0.009999999776482582,,Animal
AA_SandSquid,AA_SandSquid,biomes:Scarlands=0.18000000715255737;ExtremeDesert=0.05000000074505806;AridShrubland=0.05000000074505806;Desert=0.05000000074505806;ZBiome_DesertOasis=0.05000000074505806;ZBiome_Grasslands=0.02500000037252903;ZBiome_Badlands=0.004999999888241291,,Animal
AA_ShadowCharger,AA_ShadowCharger,biomes:AB_RockyCrags=0.18000000715255737;AridShrubland=0.019999999552965164;Desert=0.009999999776482582;ZBiome_Badlands=0.009999999776482582;ZBiome_Grasslands=0.009999999776482582;ZBiome_DesertOasis=0.009999999776482582,,Animal
AA_ShockGoat,AA_ShockGoat,biomes:AB_TarPits=0.699999988079071;AB_OcularForest=0.699999988079071;PoisonForest=0.10000000149011612,,Animal
AA_Skiphound,AA_Skiphound,biomes:Wasteland=0.699999988079071;AB_FeraliskInfestedJungle=0.019999999552965164;AB_GelatinousSuperorganism=0.019999999552965164;AridShrubland=0.004999999888241291;ZBiome_Badlands=0.0024999999441206455;ZBiome_Grasslands=0.0024999999441206455,,Animal
AA_Skyeel,AA_Skyeel,biomes:AB_RockyCrags=1;AB_PropaneLakes=1;BMT_CrystalCaverns=1,,Animal
AA_Slurrypede,AA_Slurrypede,biomes:AB_MechanoidIntrusion=0.18000000715255737;BMT_CrystalCaverns=0.18000000715255737;ExtremeDesert=0.009999999776482582;AridShrubland=0.009999999776482582;Desert=0.009999999776482582;Wasteland=0.009999999776482582;PoisonForest=0.009999999776482582;AB_PropaneLakes=0.009999999776482582;ZBiome_DesertOasis=0.009999999776482582;Scarlands=0.009999999776482582;AB_MiasmicMangrove=0.009999999776482582;AB_TarPits=0.009999999776482582;AB_PyroclasticConflagration=0.009999999776482582;Volcano=0.009999999776482582;LavaField=0.009999999776482582;ZBiome_Grasslands=0.004999999888241291;ZBiome_Badlands=0.0024999999441206455,,Animal
AA_SmallButterfly,AA_SmallButterfly,biomes:ZBiome_Badlands=1,,Animal
AA_SpinedGow,AA_SpinedGow,biomes:AB_PyroclasticConflagration=1.5;Scarlands=0.18000000715255737,,Animal
AA_SummitCrab,AA_SummitCrab,biomes:AB_RockyCrags=0.012000000104308128,,Animal
AA_Swarmling,AA_Swarmling,biomes:AB_MiasmicMangrove=0.699999988079071;AB_OcularForest=0.15000000596046448;AB_MycoticJungle=0.07000000029802322;AB_FeraliskInfestedJungle=0.07000000029802322;PoisonForest=0.05000000074505806;ZBiome_Badlands=0.03500000014901161;AB_PyroclasticConflagration=0.029999999329447746;ZBiome_Grasslands=0.014999999664723873;AridShrubland=0.009999999776482582;Desert=0.009999999776482582;Wasteland=0.009999999776482582;AB_PropaneLakes=0.009999999776482582;AB_MechanoidIntrusion=0.009999999776482582;ZBiome_DesertOasis=0.009999999776482582;AB_GelatinousSuperorganism=0.009999999776482582;Scarlands=0.009999999776482582;AB_TarPits=0.009999999776482582;Volcano=0.009999999776482582;ExtremeDesert=0.004999999888241291,,Animal
AA_TarGuzzler,AA_TarGuzzler,biomes:AB_TarPits=1.5;AB_GelatinousSuperorganism=0.18000000715255737,,Animal
AA_TeratogenicOriginator,AA_TeratogenicOriginator,biomes:ExtremeDesert=0.009999999776482582;AridShrubland=0.009999999776482582;Desert=0.009999999776482582;ZBiome_DesertOasis=0.009999999776482582;Scarlands=0.009999999776482582;LavaField=0.009999999776482582;ZBiome_Grasslands=0.004999999888241291;ZBiome_Badlands=0.0024999999441206455,,Animal
AA_Terramorph,AA_Terramorph,biomes:Wasteland=0.4000000059604645;Desert=0.07000000029802322;ZBiome_DesertOasis=0.07000000029802322;ExtremeDesert=0.05000000074505806;AridShrubland=0.05000000074505806;AB_PyroclasticConflagration=0.029999999329447746;ZBiome_Grasslands=0.02500000037252903;AB_PropaneLakes=0.009999999776482582;Scarlands=0.009999999776482582;AB_TarPits=0.009999999776482582;LavaField=0.009999999776482582;ZBiome_Badlands=0.004999999888241291,,Animal
AA_TetraSlug,AA_TetraSlug,biomes:ExtremeDesert=0.0010000000474974513;AridShrubland=0.0010000000474974513;Desert=0.0010000000474974513;AB_MycoticJungle=0.0010000000474974513;Wasteland=0.0010000000474974513;PoisonForest=0.0010000000474974513;AB_PropaneLakes=0.0010000000474974513;AB_FeraliskInfestedJungle=0.0010000000474974513;AB_MechanoidIntrusion=0.0010000000474974513;ZBiome_DesertOasis=0.0010000000474974513;AB_GelatinousSuperorganism=0.0010000000474974513;Scarlands=0.0010000000474974513;AB_MiasmicMangrove=0.0010000000474974513;AB_TarPits=0.0010000000474974513;AB_PyroclasticConflagration=0.0010000000474974513;Volcano=0.0010000000474974513;LavaField=0.0010000000474974513;AB_OcularForest=0.0010000000474974513;ZBiome_Grasslands=0.0005000000237487257;ZBiome_Badlands=0.0002500000118743628,,Animal
AA_Thermadon,AA_Thermadon,biomes:AB_MiasmicMangrove=0.4000000059604645;AB_PyroclasticConflagration=0.10000000149011612;LavaField=0.05000000074505806;AridShrubland=0.009999999776482582;Desert=0.009999999776482582;Wasteland=0.009999999776482582;PoisonForest=0.009999999776482582;ZBiome_DesertOasis=0.009999999776482582;Scarlands=0.009999999776482582;Volcano=0.009999999776482582;ZBiome_Grasslands=0.004999999888241291;ZBiome_Badlands=0.0024999999441206455,,Animal
AA_Thunderbeast,AA_Thunderbeast,biomes:Volcano=0.4000000059604645;AB_GelatinousSuperorganism=0.05000000074505806;AB_MycoticJungle=0.02500000037252903;AB_FeraliskInfestedJungle=0.02500000037252903;AB_OcularForest=0.02500000037252903;ZBiome_Badlands=0.0062500000931322575;AridShrubland=0.004999999888241291;ZBiome_Grasslands=0.0024999999441206455,,Animal
AA_Thunderox,AA_Thunderox,biomes:AB_RockyCrags=0.18000000715255737;ZBiome_Badlands=0.02500000037252903;ExtremeDesert=0.019999999552965164;ZBiome_Grasslands=0.014999999664723873;AridShrubland=0.009999999776482582;Desert=0.009999999776482582;ZBiome_DesertOasis=0.009999999776482582,,Animal
AA_UnblinkingEye,AA_UnblinkingEye,biomes:AB_OcularForest=0.00800000037997961,,Animal
AA_Wildpawn,AA_Wildpawn,biomes:AridShrubland=0.4000000059604645;AB_MycoticJungle=0.07000000029802322;PoisonForest=0.05000000074505806;ZBiome_Badlands=0.05000000074505806;ZBiome_Grasslands=0.02500000037252903;AB_MiasmicMangrove=0.019999999552965164,,Animal
AA_Wildpod,AA_Wildpod,biomes:AB_MycoticJungle=0.07000000029802322;AridShrubland=0.05000000074505806;PoisonForest=0.05000000074505806;ZBiome_Grasslands=0.02500000037252903;AB_MiasmicMangrove=0.019999999552965164;ZBiome_Badlands=0.017500000074505806,,Animal
AA_WindBeast,AA_WindBeast,biomes:AB_PropaneLakes=0.4000000059604645;BMT_CrystalCaverns=0.4000000059604645;AridShrubland=0.0024999999441206455;Desert=0.0024999999441206455;AB_MycoticJungle=0.0024999999441206455;AB_FeraliskInfestedJungle=0.0024999999441206455;AB_MechanoidIntrusion=0.0024999999441206455;ZBiome_DesertOasis=0.0024999999441206455;AB_GelatinousSuperorganism=0.0024999999441206455;AB_TarPits=0.0024999999441206455;AB_PyroclasticConflagration=0.0024999999441206455;AB_OcularForest=0.0024999999441206455;ZBiome_Grasslands=0.0012499999720603228;ZBiome_Badlands=0.0006249999860301614,,Animal
AG_OcularSlinger,AG_OcularSlinger,biomes:AB_MiasmicMangrove=0.18000000715255737,,Animal
AM_Dryad_Corruptor,AM_Dryad_Corruptor,biomes:PoisonForest=0.699999988079071;BMT_FungalForest=0.699999988079071,,Animal
AM_Dryad_Ocular,AM_Dryad_Ocular,biomes:PoisonForest=0.699999988079071;BMT_FungalForest=0.699999988079071,,Animal
AM_Dryad_Spitter,AM_Dryad_Spitter,biomes:LavaField=0.699999988079071,,Animal
AM_Dryad_Tumorous,AM_Dryad_Tumorous,biomes:Wasteland=0.699999988079071;PoisonForest=0.699999988079071,,Animal
AM_Dryad_Unstable,AM_Dryad_Unstable,biomes:BMT_FungalForest=0.699999988079071,,Animal
AM_UnshackledDryad,AM_UnshackledDryad,biomes:AB_MycoticJungle=0.699999988079071,,Animal
Acklay,Acklay,biomes:AridShrubland=0.014000000432133675;Desert=0.00800000037997961,,Animal
Aiwha,Aiwha,biomes:Wasteland=0.3499999940395355,,Animal
Akk,Akk,biomes:AridShrubland=0.019999999552965164,,Animal
AlphaThrumbo,AlphaThrumbo,biomes:AB_TarPits=0.05000000074505806,,Animal
Anooba,Anooba,biomes:AB_MiasmicMangrove=0.4000000059604645;AridShrubland=0.1599999964237213;Desert=0.07999999821186066;ExtremeDesert=0.009999999776482582,,Animal
Arthropleura,Arthropleura,biomes:AB_MechanoidIntrusion=0.009999999776482582;Scarlands=0.009999999776482582;AridShrubland=0.00800000037997961;AB_MycoticJungle=0.00800000037997961;AB_FeraliskInfestedJungle=0.00800000037997961;AB_MiasmicMangrove=0.00800000037997961;ZBiome_Grasslands=0.004000000189989805;ZBiome_Badlands=0.001500000013038516;AB_GelatinousSuperorganism=0.0010000000474974513;AB_TarPits=0.0010000000474974513,,Animal
BI_Queen,BI_Queen,biomes:AB_PyroclasticConflagration=0.18000000715255737,,Animal
BMT_AaroxisDendoria,BMT_AaroxisDendoria,biomes:AB_MiasmicMangrove=0.4000000059604645,,Animal
BMT_BarbedPangolin,BMT_BarbedPangolin,biomes:AB_RockyCrags=0.18000000715255737,,Animal
BMT_Basilisk,BMT_Basilisk,biomes:AB_MechanoidIntrusion=0.4000000059604645,,Animal
BMT_Batbird,BMT_Batbird,biomes:ZBiome_DesertOasis=1;AB_OcularForest=1,,Animal
BMT_BeardedYak,BMT_BeardedYak,biomes:AB_MycoticJungle=0.18000000715255737,,Animal
BMT_BloodletterPetrel,BMT_BloodletterPetrel,biomes:Wasteland=0.699999988079071;LavaField=0.699999988079071,,Animal
BMT_BloodropMoth,BMT_BloodropMoth,biomes:ExtremeDesert=0.699999988079071,,Animal
BMT_BovineBeetle,BMT_BovineBeetle,biomes:ZBiome_Badlands=0.18000000715255737,,Animal
BMT_BrownBat,BMT_BrownBat,biomes:AB_FeraliskInfestedJungle=1;ZBiome_DesertOasis=1;LavaField=1,,Animal
BMT_BunkerBug,BMT_BunkerBug,biomes:AB_MechanoidIntrusion=0.3499999940395355,,Animal
BMT_CactusCrab,BMT_CactusCrab,biomes:Desert=0.18000000715255737,,Animal
BMT_CarrionVulture,BMT_CarrionVulture,biomes:AB_MechanoidIntrusion=0.699999988079071;Scarlands=0.699999988079071,,Animal
BMT_CaveCricket,BMT_CaveCricket,biomes:ZBiome_DesertOasis=0.4000000059604645,,Animal
BMT_CaveLemming,BMT_CaveLemming,biomes:PoisonForest=0.4000000059604645;BMT_FungalForest=0.4000000059604645,,Animal
BMT_CaveSpider,BMT_CaveSpider,biomes:Scarlands=0.12600000202655792,,Animal
BMT_ChemSnail,BMT_ChemSnail,biomes:AB_MycoticJungle=0.699999988079071;ZBiome_Badlands=0.699999988079071,,Animal
BMT_ColonyPustuleHornet,BMT_ColonyPustuleHornet,biomes:AB_RockyCrags=0.699999988079071;Scarlands=0.699999988079071,,Animal
BMT_ColonyPustuleHornetQueen,BMT_ColonyPustuleHornetQueen,biomes:ExtremeDesert=0.4000000059604645,,Animal
BMT_Creature_Mantrap,BMT_Creature_Mantrap,biomes:AB_FeraliskInfestedJungle=0.699999988079071;Scarlands=0.699999988079071,,Animal
BMT_CrestedDragon,BMT_CrestedDragon,biomes:AB_FeraliskInfestedJungle=0.699999988079071;AB_MiasmicMangrove=0.699999988079071,,Animal
BMT_CrystalBeetle,BMT_CrystalBeetle,biomes:AB_GelatinousSuperorganism=0.18000000715255737,,Animal
BMT_CrystalMantis,BMT_CrystalMantis,biomes:LavaField=0.18000000715255737,,Animal
BMT_DarkAxolotl,BMT_DarkAxolotl,biomes:PoisonForest=0.4000000059604645;Volcano=0.4000000059604645,,Animal
BMT_Diggerpede,BMT_Diggerpede,biomes:Desert=0.4000000059604645,,Animal
BMT_FacetMoth,BMT_FacetMoth,biomes:AB_PyroclasticConflagration=0.699999988079071,,Animal
BMT_FamineLocust,BMT_FamineLocust,biomes:AB_RockyCrags=0.699999988079071;Scarlands=0.699999988079071,,Animal
BMT_FenridStoat,BMT_FenridStoat,biomes:PoisonForest=0.4000000059604645;BMT_FungalForest=0.4000000059604645,,Animal
BMT_FireSalamander,BMT_FireSalamander,biomes:Scarlands=0.4000000059604645,,Animal
BMT_FleeceSpider,BMT_FleeceSpider,biomes:Wasteland=0.699999988079071;BMT_FungalForest=0.699999988079071,,Animal
BMT_FoundryBeetle,BMT_FoundryBeetle,biomes:Scarlands=0.18000000715255737,,Animal
BMT_FreezerFrog,BMT_FreezerFrog,biomes:AB_RockyCrags=0.699999988079071;AB_PropaneLakes=0.699999988079071;BMT_CrystalCaverns=0.699999988079071,,Animal
BMT_FungalFerret,BMT_FungalFerret,biomes:AridShrubland=0.699999988079071;AB_OcularForest=0.699999988079071,,Animal
BMT_FungalMantis,BMT_FungalMantis,biomes:ZBiome_DesertOasis=0.18000000715255737,,Animal
BMT_FungalWeevil,BMT_FungalWeevil,biomes:AridShrubland=0.699999988079071,,Animal
BMT_GastroToad,BMT_GastroToad,biomes:ZBiome_DesertOasis=0.699999988079071;LavaField=0.699999988079071,,Animal
BMT_Gembug,BMT_Gembug,biomes:AB_MiasmicMangrove=0.699999988079071,,Animal
BMT_GiantSlug,BMT_GiantSlug,biomes:LavaField=0.18000000715255737,,Animal
BMT_GiantSnail,BMT_GiantSnail,biomes:Volcano=0.18000000715255737,,Animal
BMT_GlowBat,BMT_GlowBat,biomes:AB_MiasmicMangrove=1;Volcano=1;LavaField=1,,Animal
BMT_GlowSlug,BMT_GlowSlug,biomes:Volcano=0.699999988079071,,Animal
BMT_Glowtail,BMT_Glowtail,biomes:ExtremeDesert=0.699999988079071,,Animal
BMT_GoetoTadpole,BMT_GoetoTadpole,biomes:AridShrubland=1;LavaField=1,,Animal
BMT_GoetoToad,BMT_GoetoToad,biomes:LavaField=0.699999988079071,,Animal
BMT_HoarfrostMastodon,BMT_HoarfrostMastodon,biomes:AB_PropaneLakes=0.25200000405311584,,Animal
BMT_HungeringHydra,BMT_HungeringHydra,biomes:AB_MechanoidIntrusion=0.3499999940395355,,Animal
BMT_ImperialToad,BMT_ImperialToad,biomes:AridShrubland=0.699999988079071;ZBiome_DesertOasis=0.699999988079071,,Animal
BMT_Jellypot,BMT_Jellypot,biomes:Desert=0.699999988079071;ZBiome_DesertOasis=0.699999988079071,,Animal
BMT_JewelBeetle,BMT_JewelBeetle,biomes:AB_FeraliskInfestedJungle=0.18000000715255737,,Animal
BMT_LandOctopus,BMT_LandOctopus,biomes:Volcano=0.4000000059604645,,Animal
BMT_Maguana,BMT_Maguana,biomes:ZBiome_Grasslands=0.18000000715255737,,Animal
BMT_Maligoat,BMT_Maligoat,biomes:Wasteland=0.4000000059604645,,Animal
BMT_Megabat,BMT_Megabat,biomes:Volcano=0.18000000715255737,,Animal
BMT_Megakrill,BMT_Megakrill,biomes:AB_RockyCrags=1;AB_MycoticJungle=1;AB_PropaneLakes=1;BMT_CrystalCaverns=1,,Animal
BMT_Megaphorid,BMT_Megaphorid,biomes:AB_RockyCrags=0.699999988079071;BMT_CrystalCaverns=0.699999988079071;Scarlands=0.699999988079071,,Animal
BMT_Megapleura,BMT_Megapleura,biomes:LavaField=0.18000000715255737,,Animal
BMT_Megaroach,BMT_Megaroach,biomes:AB_RockyCrags=1;AB_MechanoidIntrusion=1,,Animal
BMT_MetalloSnail,BMT_MetalloSnail,biomes:AB_MechanoidIntrusion=0.4000000059604645,,Animal
BMT_Mole,BMT_Mole,biomes:AB_GelatinousSuperorganism=0.699999988079071;Volcano=0.699999988079071,,Animal
BMT_Molebear,BMT_Molebear,biomes:AB_MiasmicMangrove=0.18000000715255737,,Animal
BMT_MossBeetle,BMT_MossBeetle,biomes:AridShrubland=0.699999988079071,,Animal
BMT_MossyFennec,BMT_MossyFennec,biomes:BMT_FungalForest=0.699999988079071,,Animal
BMT_MucklurkerCatfish,BMT_MucklurkerCatfish,biomes:AB_FeraliskInfestedJungle=0.4000000059604645;AB_PyroclasticConflagration=0.4000000059604645,,Animal
BMT_MutagenicNorphea,BMT_MutagenicNorphea,biomes:AB_MycoticJungle=0.699999988079071;ZBiome_Badlands=0.699999988079071,,Animal
BMT_MutatingTumorfishAdult,BMT_MutatingTumorfishAdult,biomes:ZBiome_DesertOasis=0.18000000715255737,,Animal
BMT_MutatingTumorfishFry,BMT_MutatingTumorfishFry,biomes:AB_FeraliskInfestedJungle=0.4000000059604645;AB_PyroclasticConflagration=0.4000000059604645,,Animal
BMT_MutatingTumorfishSpawn,BMT_MutatingTumorfishSpawn,biomes:ZBiome_Grasslands=0.4000000059604645;AB_PyroclasticConflagration=0.4000000059604645,,Animal
BMT_Pillbug,BMT_Pillbug,biomes:AB_MechanoidIntrusion=0.699999988079071,,Animal
BMT_Polluwog,BMT_Polluwog,biomes:ZBiome_DesertOasis=1;Volcano=1,,Animal
BMT_PustuleHornet,BMT_PustuleHornet,biomes:AB_RockyCrags=0.699999988079071;Scarlands=0.699999988079071,,Animal
BMT_PustuleHornetQueen,BMT_PustuleHornetQueen,biomes:ExtremeDesert=0.4000000059604645,,Animal
BMT_PustuleHornetSpawned,BMT_PustuleHornetSpawned,biomes:Desert=0.699999988079071;Scarlands=0.699999988079071,,Animal
BMT_Sacapillar,BMT_Sacapillar,biomes:ZBiome_Grasslands=0.18000000715255737,,Animal
BMT_SandLeaper,BMT_SandLeaper,biomes:ZBiome_Badlands=1;Volcano=1,,Animal
BMT_Screecher,BMT_Screecher,biomes:PoisonForest=0.4000000059604645,,Animal
BMT_ShimmershellSnail,BMT_ShimmershellSnail,biomes:Volcano=0.699999988079071,,Animal
BMT_SilverSheep,BMT_SilverSheep,biomes:AB_MycoticJungle=0.4000000059604645,,Animal
BMT_SludgeCrawler,BMT_SludgeCrawler,biomes:Volcano=0.18000000715255737,,Animal
BMT_SmogMoth,BMT_SmogMoth,biomes:AB_FeraliskInfestedJungle=0.699999988079071;AB_PyroclasticConflagration=0.699999988079071,,Animal
BMT_SmogMothLarvae,BMT_SmogMothLarvae,biomes:AB_PyroclasticConflagration=0.699999988079071,,Animal
BMT_SmolderstingScorpion,BMT_SmolderstingScorpion,biomes:AB_MechanoidIntrusion=0.18000000715255737,,Animal
BMT_Snowstalker,BMT_Snowstalker,biomes:AB_MycoticJungle=0.4000000059604645,,Animal
BMT_SonarRabbit,BMT_SonarRabbit,biomes:Volcano=1,,Animal
BMT_Stoneback,BMT_Stoneback,biomes:Desert=0.699999988079071;ZBiome_DesertOasis=0.699999988079071,,Animal
BMT_Swarmcaller,BMT_Swarmcaller,biomes:AB_RockyCrags=0.4000000059604645;AB_MycoticJungle=0.4000000059604645;Scarlands=0.4000000059604645,,Animal
BMT_TaintedTurtle,BMT_TaintedTurtle,biomes:ZBiome_DesertOasis=0.699999988079071;AB_PyroclasticConflagration=0.699999988079071,,Animal
BMT_ToxSheep,BMT_ToxSheep,biomes:Volcano=0.699999988079071;LavaField=0.699999988079071,,Animal
BMT_TripleSnapper,BMT_TripleSnapper,biomes:ZBiome_DesertOasis=0.4000000059604645;LavaField=0.4000000059604645,,Animal
BMT_TruffleMole,BMT_TruffleMole,biomes:AridShrubland=0.4000000059604645,,Animal
BMT_Varmot,BMT_Varmot,biomes:AB_MycoticJungle=1;BMT_FungalForest=1,,Animal
BMT_Woollybat,BMT_Woollybat,biomes:AB_MechanoidIntrusion=0.4000000059604645,,Animal
BMT_Xyrion,BMT_Xyrion,biomes:Volcano=0.4000000059604645,,Animal
Bantha,Bantha,biomes:AridShrubland=0.5;Desert=0.5,,Animal
Behemoth,Behemoth,biomes:AridShrubland=0.4000000059604645;ZBiome_Badlands=0.035999998450279236,,Animal
Beldon,Beldon,biomes:ExtremeDesert=0.009999999776482582;AridShrubland=0.009999999776482582;Desert=0.009999999776482582,,Animal
Blarth,Blarth,biomes:AB_TarPits=0.699999988079071,,Animal
Blixus,Blixus,biomes:BMT_CrystalCaverns=0.05040000006556511,,Animal
Blurrg,Blurrg,biomes:AB_TarPits=0.18000000715255737;AridShrubland=0.1599999964237213;Desert=0.03999999910593033,,Animal
Boarwolf,Boarwolf,biomes:ZBiome_Grasslands=0.18000000715255737,,Animal
Bogwing,Bogwing,biomes:Desert=0.699999988079071,,Animal
Bolotaur,Bolotaur,biomes:AridShrubland=0.4000000059604645;Desert=0.009999999776482582,,Animal
Boma,Boma,biomes:ZBiome_DesertOasis=0.18000000715255737;AridShrubland=0.07999999821186066,,Animal
Boomalope,Boomalope,biomes:AB_TarPits=0.18000000715255737,,Animal
Boomrat,Boomrat,biomes:AB_OcularForest=1,,Animal
Borcatu,Borcatu,biomes:Wasteland=0.699999988079071;BMT_FungalForest=0.699999988079071;AridShrubland=0.1599999964237213;Desert=0.07999999821186066,,Animal
Bordok,Bordok,biomes:AB_OcularForest=0.4000000059604645,,Animal
Brezak,Brezak,biomes:AridShrubland=0.4000000059604645;Desert=0.03999999910593033;ExtremeDesert=0.009999999776482582,,Animal
Bursa,Bursa,biomes:AB_MycoticJungle=0.18000000715255737;AridShrubland=0.03999999910593033,,Animal
CanCell,CanCell,biomes:ZBiome_Badlands=0.4000000059604645,,Animal
Cannok,Cannok,biomes:ExtremeDesert=0.4000000059604645;AridShrubland=0.1599999964237213;Desert=0.03999999910593033,,Animal
ChrysalideRancor,ChrysalideRancor,biomes:Volcano=0.08640000224113464,,Animal
Clodhopper,Clodhopper,biomes:ZBiome_Grasslands=0.699999988079071;AridShrubland=0.4000000059604645;Desert=0.03999999910593033,,Animal
ColossusToad,ColossusToad,biomes:ZBiome_DesertOasis=0.4000000059604645,,Animal
Convor,Convor,biomes:AB_OcularForest=0.699999988079071;AridShrubland=0.03999999910593033;Desert=0.009999999776482582,,Animal
Corinathoth,Corinathoth,biomes:AridShrubland=0.4000000059604645,,Animal
DA_Barog,DA_Barog,biomes:Wasteland=0.18000000715255737,,Animal
DA_BeardedTroll,DA_BeardedTroll,biomes:AB_MycoticJungle=0.18000000715255737,,Animal
DA_BlackScribe,DA_BlackScribe,biomes:Desert=0.30000001192092896;ZBiome_DesertOasis=0.30000001192092896;AridShrubland=0.25;ExtremeDesert=0.15000000596046448,,Animal
DA_Crestel,DA_Crestel,biomes:BMT_FungalForest=0.05000000074505806,,Animal
DA_DwarvenMuffton,DA_DwarvenMuffton,biomes:Wasteland=0.4000000059604645,,Animal
DA_ImperialRedhound,DA_ImperialRedhound,biomes:PoisonForest=0.18000000715255737,,Animal
DA_IroncasketBeetle,DA_IroncasketBeetle,biomes:AB_GelatinousSuperorganism=0.699999988079071,,Animal
DA_Karabal,DA_Karabal,biomes:AridShrubland=0.550000011920929;ZBiome_DesertOasis=0.550000011920929;AB_MiasmicMangrove=0.4000000059604645;Desert=0.20000000298023224;ExtremeDesert=0.10000000149011612,,Animal
DA_LeviathanCrab,DA_LeviathanCrab,biomes:PoisonForest=0.1574999988079071,,Animal
DA_Phrak,DA_Phrak,biomes:ZBiome_Grasslands=0.699999988079071;AB_PyroclasticConflagration=0.699999988079071,,Animal
DA_Pilgrim,DA_Pilgrim,biomes:AridShrubland=0.550000011920929;ZBiome_DesertOasis=0.550000011920929;Desert=0.20000000298023224;AB_FeraliskInfestedJungle=0.18000000715255737;ExtremeDesert=0.10000000149011612,,Animal
DA_RedhornedLarpah,DA_RedhornedLarpah,biomes:Wasteland=0.4000000059604645;ZBiome_Grasslands=0.009999999776482582,,Animal
DA_Snaptoad,DA_Snaptoad,biomes:LavaField=0.18000000715255737,,Animal
DA_SnowTaraal,DA_SnowTaraal,biomes:AB_PropaneLakes=0.18000000715255737,,Animal
DA_Taraal,DA_Taraal,biomes:BMT_FungalForest=0.18000000715255737,,Animal
DZY_RNGChicken,DZY_RNGChicken,biomes:ZBiome_Badlands=0.699999988079071,,Animal
Dactillion,Dactillion,biomes:AridShrubland=0.800000011920929;ZBiome_DesertOasis=0.08399999886751175;Desert=0.07999999821186066;ExtremeDesert=0.019999999552965164,,Animal
Dalgo,Dalgo,biomes:AridShrubland=0.4000000059604645,,Animal
Devourers,Devourers,biomes:ExtremeDesert=0.18000000715255737,,Animal
Dewback,Dewback,biomes:LavaField=0.05730000138282776;Desert=0.05000000074505806;AridShrubland=0.019999999552965164,,Animal
Dinocrocuta,Dinocrocuta,biomes:ZBiome_Grasslands=0.012000000104308128;AridShrubland=0.00800000037997961;Desert=0.00800000037997961;ZBiome_DesertOasis=0.00800000037997961;AB_TarPits=0.007000000216066837,,Animal
Dinornis,Dinornis,biomes:Desert=0.3149999976158142;ZBiome_Grasslands=0.012000000104308128;AB_GelatinousSuperorganism=0.009999999776482582;AridShrubland=0.00800000037997961;AB_MycoticJungle=0.007000000216066837;ZBiome_Badlands=0.004000000189989805;AB_MiasmicMangrove=0.004000000189989805;AB_OcularForest=0.0010000000474974513,,Animal
Doedicurus,Doedicurus,biomes:ExtremeDesert=0.019999999552965164;Desert=0.009999999776482582;ZBiome_DesertOasis=0.009999999776482582;ZBiome_Grasslands=0.006000000052154064;AridShrubland=0.004000000189989805;AB_TarPits=0.003000000026077032;ZBiome_Badlands=0.0010000000474974513,,Animal
Drexl,Drexl,biomes:ExtremeDesert=0.009999999776482582;AridShrubland=0.009999999776482582;Desert=0.009999999776482582,,Animal
ERN_Amaro,ERN_Amaro,biomes:Volcano=0.4000000059604645;Desert=0.10000000149011612;AridShrubland=0.07999999821186066,,Animal
Elasmotherium,Elasmotherium,biomes:BMT_FungalForest=0.05000000074505806,,Animal
EnergySpider,EnergySpider,biomes:ZBiome_DesertOasis=0.08399999886751175;ExtremeDesert=0.009999999776482582;Desert=0.009999999776482582;AridShrubland=0.0010000000474974513,,Animal
Eopie,Eopie,biomes:AridShrubland=0.800000011920929;ZBiome_Badlands=0.4000000059604645;Desert=0.20000000298023224;ExtremeDesert=0.03999999910593033,,Animal
Falumpaset,Falumpaset,biomes:ExtremeDesert=0.3499999940395355;AridShrubland=0.07999999821186066,,Animal
Fanback,Fanback,biomes:ZBiome_DesertOasis=0.18000000715255737,,Animal
FancyRat,FancyRat,biomes:ZBiome_Badlands=1;AridShrubland=0.009999999776482582,,Animal
FeralGrazer,FeralGrazer,biomes:AridShrubland=0.03999999910593033,,Animal
FeralNerf,FeralNerf,biomes:AB_MycoticJungle=0.4000000059604645;AridShrubland=0.03999999910593033,,Animal
FrilledGorg,FrilledGorg,biomes:AridShrubland=1;ZBiome_Grasslands=0.699999988079071;Desert=0.20000000298023224;ExtremeDesert=0.10000000149011612,,Animal
FrogDog,FrogDog,biomes:AB_OcularForest=0.4000000059604645,,Animal
GR_AberrantFleshbeast,GR_AberrantFleshbeast,biomes:AridShrubland=0.07000000029802322,,Animal
GR_AnimusHare,GR_AnimusHare,biomes:AB_TarPits=0.699999988079071,,Animal
GR_BearBug,GR_BearBug,biomes:BMT_FungalForest=0.18000000715255737,,Animal
GR_Bearalope,GR_Bearalope,biomes:Wasteland=0.4000000059604645,,Animal
GR_Bearcat,GR_Bearcat,biomes:Wasteland=0.18000000715255737,,Animal
GR_Bearffalo,GR_Bearffalo,biomes:BMT_FungalForest=0.4000000059604645,,Animal
GR_Bearhorse,GR_Bearhorse,biomes:Wasteland=0.3499999940395355,,Animal
GR_Bearmole,GR_Bearmole,biomes:ZBiome_Badlands=0.4000000059604645,,Animal
GR_Bearodile,GR_Bearodile,biomes:ZBiome_Grasslands=0.05000000074505806,,Animal
GR_Bearscarab,GR_Bearscarab,biomes:Wasteland=0.3499999940395355,,Animal
GR_Beetlefleet,GR_Beetlefleet,biomes:Wasteland=0.699999988079071;PoisonForest=0.699999988079071,,Animal
GR_Boomabear,GR_Boomabear,biomes:Desert=0.18000000715255737,,Animal
GR_Boomalisk,GR_Boomalisk,biomes:AB_OcularForest=0.18000000715255737,,Animal
GR_Boombeetle,GR_Boombeetle,biomes:Desert=0.4000000059604645;ZBiome_Grasslands=0.4000000059604645,,Animal
GR_Boomcat,GR_Boomcat,biomes:Desert=0.4000000059604645,,Animal
GR_Boomffalo,GR_Boomffalo,biomes:Desert=0.18000000715255737,,Animal
GR_Boomsnake,GR_Boomsnake,biomes:Desert=0.4000000059604645,,Animal
GR_Boomsquirrel,GR_Boomsquirrel,biomes:Desert=0.4000000059604645;BMT_FungalForest=0.4000000059604645,,Animal
GR_Catalope,GR_Catalope,biomes:Desert=1;AB_FeraliskInfestedJungle=1,,Animal
GR_Catchicken,GR_Catchicken,biomes:AB_TarPits=1,,Animal
GR_Chickenhorse,GR_Chickenhorse,biomes:ZBiome_Badlands=0.4000000059604645,,Animal
GR_Chickenlizard,GR_Chickenlizard,biomes:AB_RockyCrags=0.699999988079071;BMT_CrystalCaverns=0.699999988079071,,Animal
GR_Chickenlope,GR_Chickenlope,biomes:Desert=1;ZBiome_DesertOasis=1,,Animal
GR_Chickenrabbit,GR_Chickenrabbit,biomes:AB_GelatinousSuperorganism=1,,Animal
GR_Chickenspider,GR_Chickenspider,biomes:ZBiome_Grasslands=0.4000000059604645;Scarlands=0.4000000059604645,,Animal
GR_Crocorse,GR_Crocorse,biomes:AB_FeraliskInfestedJungle=0.18000000715255737,,Animal
GR_Doedicoon,GR_Doedicoon,biomes:AB_MycoticJungle=0.699999988079071;BMT_FungalForest=0.699999988079071,,Animal
GR_Elasmobearium,GR_Elasmobearium,biomes:AB_RockyCrags=0.07000000029802322,,Animal
GR_FleshGrowth,GR_FleshGrowth,biomes:Desert=0.3149999976158142,,Animal
GR_FleshMonstrosity,GR_FleshMonstrosity,biomes:AB_OcularForest=0.05000000074505806,,Animal
GR_Fleshling,GR_Fleshling,biomes:AridShrubland=1;LavaField=1,,Animal
GR_Groundffalo,GR_Groundffalo,biomes:ZBiome_Badlands=0.20999999344348907,,Animal
GR_Hurseman,GR_Hurseman,biomes:ZBiome_Badlands=0.18000000715255737,,Animal
GR_Lizardochs,GR_Lizardochs,biomes:AridShrubland=0.07000000029802322,,Animal
GR_Manalope,GR_Manalope,biomes:AB_OcularForest=0.699999988079071,,Animal
GR_Manbear,GR_Manbear,biomes:AB_GelatinousSuperorganism=0.699999988079071,,Animal
GR_Mancat,GR_Mancat,biomes:ZBiome_Badlands=0.4000000059604645,,Animal
GR_Manffalo,GR_Manffalo,biomes:ZBiome_Badlands=0.18000000715255737,,Animal
GR_Manscarab,GR_Manscarab,biomes:ExtremeDesert=0.4000000059604645;ZBiome_DesertOasis=0.4000000059604645,,Animal
GR_Mantistanis,GR_Mantistanis,biomes:ZBiome_Grasslands=0.05000000074505806,,Animal
GR_Manwolf,GR_Manwolf,biomes:Desert=0.18000000715255737,,Animal
GR_Molebear,GR_Molebear,biomes:Wasteland=0.4000000059604645,,Animal
GR_Muffalokomodo,GR_Muffalokomodo,biomes:AB_FeraliskInfestedJungle=0.05000000074505806,,Animal
GR_Muffaloman,GR_Muffaloman,biomes:AB_TarPits=0.4000000059604645,,Animal
GR_Muffalope,GR_Muffalope,biomes:BMT_CrystalCaverns=0.18000000715255737,,Animal
GR_Muffalopede,GR_Muffalopede,biomes:AB_RockyCrags=0.4000000059604645;AB_PyroclasticConflagration=0.4000000059604645,,Animal
GR_Muffalorat,GR_Muffalorat,biomes:AB_RockyCrags=0.4000000059604645;AB_PropaneLakes=0.4000000059604645,,Animal
GR_Needlechicken,GR_Needlechicken,biomes:Desert=1;ZBiome_Grasslands=1,,Animal
GR_Paraceramuffalo,GR_Paraceramuffalo,biomes:AB_PropaneLakes=0.04320000112056732,,Animal
GR_ParagonBoomalope,GR_ParagonBoomalope,biomes:Desert=0.18000000715255737,,Animal
GR_ParagonIguana,GR_ParagonIguana,biomes:AB_RockyCrags=0.699999988079071;AB_PropaneLakes=0.699999988079071;BMT_CrystalCaverns=0.699999988079071,,Animal
GR_ParagonInsectoid,GR_ParagonInsectoid,biomes:ExtremeDesert=0.18000000715255737,,Animal
GR_ParagonMuffalo,GR_ParagonMuffalo,biomes:AB_MycoticJungle=0.18000000715255737,,Animal
GR_ParagonRat,GR_ParagonRat,biomes:Wasteland=0.699999988079071;PoisonForest=0.699999988079071,,Animal
GR_ParagonThrumbo,GR_ParagonThrumbo,biomes:AB_PropaneLakes=0.25200000405311584,,Animal
GR_Rabbitchicken,GR_Rabbitchicken,biomes:AB_MycoticJungle=1;BMT_FungalForest=1,,Animal
GR_Ratffalo,GR_Ratffalo,biomes:PoisonForest=0.18000000715255737,,Animal
GR_Snakecat,GR_Snakecat,biomes:AB_RockyCrags=0.4000000059604645,,Animal
GR_Spidercat,GR_Spidercat,biomes:Wasteland=0.4000000059604645;LavaField=0.4000000059604645,,Animal
GR_Spiderhorse,GR_Spiderhorse,biomes:Wasteland=0.18000000715255737,,Animal
GR_Spidersnake,GR_Spidersnake,biomes:AB_RockyCrags=1;AB_PropaneLakes=1;BMT_CrystalCaverns=1,,Animal
GR_Squirralope,GR_Squirralope,biomes:Desert=1;AB_PyroclasticConflagration=1,,Animal
GR_Thrumbalope,GR_Thrumbalope,biomes:AB_MycoticJungle=0.06629999727010727,,Animal
GR_Thrumbear,GR_Thrumbear,biomes:AB_TarPits=0.00800000037997961,,Animal
GR_Thrumbocat,GR_Thrumbocat,biomes:Wasteland=0.18000000715255737,,Animal
GR_Thrumbochicken,GR_Thrumbochicken,biomes:AB_MycoticJungle=0.06629999727010727,,Animal
GR_Thrumbolizard,GR_Thrumbolizard,biomes:AB_FeraliskInfestedJungle=0.05000000074505806,,Animal
GR_Thrumborat,GR_Thrumborat,biomes:AB_MycoticJungle=0.4000000059604645,,Animal
GR_Thrumbospider,GR_Thrumbospider,biomes:AB_RockyCrags=0.07000000029802322,,Animal
GR_Thrumffalo,GR_Thrumffalo,biomes:BMT_CrystalCaverns=0.00860000029206276,,Animal
GR_Wolfhorse,GR_Wolfhorse,biomes:Volcano=0.18000000715255737,,Animal
GR_Wolfscarab,GR_Wolfscarab,biomes:Wasteland=0.4000000059604645;LavaField=0.4000000059604645,,Animal
GRimLavaSnail,GRimLavaSnail,biomes:Scarlands=0.4000000059604645,,Animal
GRimPinkbird,GRimPinkbird,biomes:AB_GelatinousSuperorganism=1,,Animal
GRimQuail,GRimQuail,biomes:AB_GelatinousSuperorganism=1,,Animal
GRimStoneCrab,GRimStoneCrab,biomes:AB_MiasmicMangrove=0.699999988079071,,Animal
GiantToad,GiantToad,biomes:AridShrubland=0.18000000715255737;Desert=0.029999999329447746,,Animal
Gizka,Gizka,biomes:ZBiome_Grasslands=1;AridShrubland=0.4000000059604645;Desert=0.10000000149011612;ExtremeDesert=0.009999999776482582,,Animal
Gomphotaria,Gomphotaria,biomes:BMT_CrystalCaverns=0.05040000006556511,,Animal
Gorg,Gorg,biomes:AridShrubland=1;AB_MechanoidIntrusion=0.699999988079071;Desert=0.4000000059604645;ExtremeDesert=0.20000000298023224,,Animal
Gornt,Gornt,biomes:ZBiome_Badlands=0.4000000059604645,,Animal
GraniteSlug,GraniteSlug,biomes:Wasteland=1;AB_PropaneLakes=1;ExtremeDesert=0.10000000149011612;AridShrubland=0.10000000149011612;Desert=0.10000000149011612,,Animal
Grank,Grank,biomes:ZBiome_Grasslands=0.4000000059604645;AridShrubland=0.20000000298023224;Desert=0.10000000149011612,,Animal
Grazer,Grazer,biomes:AB_MycoticJungle=0.18000000715255737,,Animal
GreaterKraytDragon,GreaterKraytDragon,biomes:AB_MechanoidIntrusion=0.20000000298023224;ExtremeDesert=0.0010000000474974513;Desert=0.0010000000474974513,,Animal
Gullipud,Gullipud,biomes:AB_GelatinousSuperorganism=0.699999988079071,,Animal
Gundark,Gundark,biomes:AridShrubland=0.10000000149011612;Desert=0.009999999776482582,,Animal
Gutkurr,Gutkurr,biomes:AridShrubland=0.800000011920929;Desert=0.800000011920929;ExtremeDesert=0.03999999910593033,,Animal
Harvester,Harvester,biomes:AB_GelatinousSuperorganism=0.01080000028014183,,Animal
Hawkbat,Hawkbat,biomes:AridShrubland=0.009999999776482582,,Animal
HermitCrab,HermitCrab,biomes:ExtremeDesert=1;ZBiome_Grasslands=1,,Animal
HiveQueen,HiveQueen,biomes:AB_MycoticJungle=0.06629999727010727,,Animal
Horax,Horax,biomes:AridShrubland=0.009999999776482582,,Animal
Hrumph,Hrumph,biomes:AridShrubland=0.5;ZBiome_Badlands=0.18000000715255737;Desert=0.009999999776482582,,Animal
Igitz,Igitz,biomes:AridShrubland=0.699999988079071,,Animal
Insectomorph,Insectomorph,biomes:AridShrubland=0.800000011920929;ZBiome_Grasslands=0.18000000715255737;Desert=0.07999999821186066,,Animal
Iriaz,Iriaz,biomes:AridShrubland=1;Volcano=0.699999988079071;LavaField=0.699999988079071;Desert=0.03999999910593033;ExtremeDesert=0.009999999776482582,,Animal
IridonianReek,IridonianReek,biomes:AridShrubland=0.800000011920929;AB_MechanoidIntrusion=0.3499999940395355;Desert=0.07999999821186066;ExtremeDesert=0.009999999776482582,,Animal
JOE_Cephalope,JOE_Cephalope,biomes:Desert=0.4000000059604645,,Animal
JOE_Landopus,JOE_Landopus,biomes:AB_OcularForest=1,,Animal
JRWArchaeopteryx,JRWArchaeopteryx,biomes:AB_OcularForest=0.4000000059604645;ZBiome_Badlands=0.05000000074505806,,Animal
JRWArthropleura,JRWArthropleura,biomes:AB_GelatinousSuperorganism=0.06300000101327896;ZBiome_Badlands=0.02500000037252903,,Animal
JRWBagaceratops,JRWBagaceratops,biomes:AridShrubland=0.18000000715255737;ZBiome_Grasslands=0.11249999701976776;Desert=0.07500000298023224;ZBiome_DesertOasis=0.07500000298023224;ZBiome_Badlands=0.03750000149011612,,Animal
JRWBaseopsis,JRWBaseopsis,biomes:ExtremeDesert=0.10000000149011612;AridShrubland=0.10000000149011612;Desert=0.10000000149011612;ZBiome_DesertOasis=0.10000000149011612;ZBiome_Grasslands=0.05000000074505806,,Animal
JRWBrachytrachelopan,JRWBrachytrachelopan,biomes:ZBiome_Grasslands=0.13500000536441803;AridShrubland=0.09000000357627869;Desert=0.09000000357627869;ZBiome_DesertOasis=0.09000000357627869;ZBiome_Badlands=0.04500000178813934,,Animal
JRWCaihong,JRWCaihong,biomes:AridShrubland=0.4000000059604645;ZBiome_Badlands=0.05000000074505806,,Animal
JRWDilophosaurus,JRWDilophosaurus,biomes:AB_GelatinousSuperorganism=0.4000000059604645,,Animal
JRWDiplocaulus,JRWDiplocaulus,biomes:AridShrubland=0.4000000059604645,,Animal
JRWEuoplocephalus,JRWEuoplocephalus,biomes:ZBiome_Badlands=0.20999999344348907;ZBiome_Grasslands=0.15000000596046448;AridShrubland=0.10000000149011612;Desert=0.10000000149011612;ZBiome_DesertOasis=0.10000000149011612,,Animal
JRWEuphoberia,JRWEuphoberia,biomes:AB_OcularForest=0.4000000059604645;ZBiome_Badlands=0.02500000037252903,,Animal
JRWGeosternbergia,JRWGeosternbergia,biomes:AB_OcularForest=0.18000000715255737;ZBiome_Badlands=0.10000000149011612,,Animal
JRWGeralinura,JRWGeralinura,biomes:AB_GelatinousSuperorganism=0.4000000059604645;ExtremeDesert=0.10000000149011612;AridShrubland=0.10000000149011612;Desert=0.10000000149011612;ZBiome_DesertOasis=0.10000000149011612;ZBiome_Grasslands=0.05000000074505806;ZBiome_Badlands=0.02500000037252903,,Animal
JRWGorgonops,JRWGorgonops,biomes:AB_MiasmicMangrove=0.18000000715255737;AridShrubland=0.07500000298023224;Desert=0.07500000298023224;ZBiome_Badlands=0.07500000298023224;ZBiome_DesertOasis=0.07500000298023224;ZBiome_Grasslands=0.03750000149011612,,Animal
JRWHynerpeton,JRWHynerpeton,biomes:AB_OcularForest=0.4000000059604645,,Animal
JRWIschigualastia,JRWIschigualastia,biomes:ZBiome_Grasslands=0.11249999701976776;AridShrubland=0.07500000298023224;ZBiome_Badlands=0.03750000149011612,,Animal
JRWMacrelcana,JRWMacrelcana,biomes:AB_TarPits=0.4000000059604645,,Animal
JRWMeganeura,JRWMeganeura,biomes:AridShrubland=0.4000000059604645,,Animal
JRWNyctosaurus,JRWNyctosaurus,biomes:ZBiome_Badlands=0.10000000149011612,,Animal
JRWPlatyhystrix,JRWPlatyhystrix,biomes:AB_OcularForest=0.4000000059604645,,Animal
JRWProtosolpuga,JRWProtosolpuga,biomes:AB_MiasmicMangrove=0.4000000059604645;ExtremeDesert=0.10000000149011612;AridShrubland=0.10000000149011612;Desert=0.10000000149011612;ZBiome_DesertOasis=0.10000000149011612;ZBiome_Grasslands=0.05000000074505806;ZBiome_Badlands=0.02500000037252903,,Animal
JRWProtovermes,JRWProtovermes,biomes:AridShrubland=1,,Animal
JRWPteranodon,JRWPteranodon,biomes:AB_GelatinousSuperorganism=0.18000000715255737;ZBiome_Badlands=0.10000000149011612,,Animal
JRWPulmonoscorpius,JRWPulmonoscorpius,biomes:AB_OcularForest=0.4000000059604645,,Animal
JRWQantassaurus,JRWQantassaurus,biomes:AridShrubland=0.4000000059604645;Desert=0.10000000149011612;ZBiome_DesertOasis=0.10000000149011612;ZBiome_Grasslands=0.05000000074505806;ZBiome_Badlands=0.02500000037252903,,Animal
JRWQuetzalcoatlus,JRWQuetzalcoatlus,biomes:ZBiome_Badlands=0.10000000149011612,,Animal
Jakobeast,Jakobeast,biomes:AB_PropaneLakes=0.18000000715255737;BMT_CrystalCaverns=0.18000000715255737;AridShrubland=0.03999999910593033,,Animal
Jamel,Jamel,biomes:AridShrubland=0.800000011920929;Desert=0.4000000059604645;ExtremeDesert=0.07999999821186066,,Animal
Jerbal,Jerbal,biomes:AridShrubland=0.30000001192092896;Desert=0.30000001192092896;AB_OcularForest=0.18000000715255737;ExtremeDesert=0.15000000596046448,,Animal
Jimvu,Jimvu,biomes:AridShrubland=0.6000000238418579,,Animal
JungleRancor,JungleRancor,biomes:AB_PyroclasticConflagration=0.017999999225139618,,Animal
Kaadu,Kaadu,biomes:Volcano=0.4000000059604645,,Animal
Katarn,Katarn,biomes:LavaField=0.05730000138282776;AridShrubland=0.009999999776482582,,Animal
KellDragon,KellDragon,biomes:AB_PyroclasticConflagration=0.10499999672174454;ExtremeDesert=0.07999999821186066;Desert=0.03999999910593033,,Animal
Kinrath,Kinrath,biomes:ZBiome_DesertOasis=0.4000000059604645;ExtremeDesert=0.009999999776482582;AridShrubland=0.009999999776482582;Desert=0.009999999776482582,,Animal
Klorslug,Klorslug,biomes:ZBiome_Grasslands=0.4000000059604645;AridShrubland=0.20000000298023224;Desert=0.07999999821186066;ExtremeDesert=0.009999999776482582,,Animal
KowakianMonkeyLizard,KowakianMonkeyLizard,biomes:Volcano=0.699999988079071;AridShrubland=0.009999999776482582,,Animal
KraytDragon,KraytDragon,biomes:ExtremeDesert=0.15000000596046448;Desert=0.07999999821186066;AridShrubland=0.03999999910593033;ZBiome_Grasslands=0.00800000037997961,,Animal
Kreetle,Kreetle,biomes:AB_FeraliskInfestedJungle=1;AB_MiasmicMangrove=1;AridShrubland=0.800000011920929;Desert=0.800000011920929;ExtremeDesert=0.20000000298023224,,Animal
Krykna,Krykna,biomes:AB_PropaneLakes=0.4000000059604645;BMT_CrystalCaverns=0.4000000059604645;ExtremeDesert=0.009999999776482582;AridShrubland=0.009999999776482582;Desert=0.009999999776482582,,Animal
KwazelMaw,KwazelMaw,biomes:ExtremeDesert=0.3499999940395355,,Animal
Kwi,Kwi,biomes:AridShrubland=0.6000000238418579;Desert=0.03999999910593033,,Animal
Kybuck,Kybuck,biomes:AridShrubland=0.6000000238418579;BMT_FungalForest=0.4000000059604645;LavaField=0.4000000059604645,,Animal
LavaFlea,LavaFlea,biomes:ExtremeDesert=0.800000011920929;Scarlands=0.18000000715255737;AridShrubland=0.009999999776482582;Desert=0.009999999776482582,,Animal
LavaSnail,LavaSnail,biomes:AB_FeraliskInfestedJungle=0.4000000059604645;AB_MiasmicMangrove=0.4000000059604645,,Animal
Leaftail,Leaftail,biomes:AB_MycoticJungle=1,,Animal
Ling_Cockroach,Ling_Cockroach,biomes:AB_PropaneLakes=0.18000000715255737;ExtremeDesert=0.003000000026077032;AridShrubland=0.003000000026077032;Desert=0.003000000026077032,,Animal
Locust,Locust,biomes:ExtremeDesert=0.699999988079071,,Animal
LongtailGorg,LongtailGorg,biomes:AridShrubland=1;AB_MechanoidIntrusion=0.699999988079071;Desert=0.4000000059604645;ExtremeDesert=0.20000000298023224,,Animal
LothWolf,LothWolf,biomes:AridShrubland=0.009999999776482582,,Animal
Lothcat,Lothcat,biomes:AridShrubland=0.800000011920929;AB_TarPits=0.699999988079071;Desert=0.03999999910593033,,Animal
Lylek,Lylek,biomes:ExtremeDesert=0.800000011920929;Desert=0.4000000059604645;AridShrubland=0.07999999821186066,,Animal
MA_Aminox,MA_Aminox,biomes:BMT_CrystalCaverns=0.05040000006556511,,Animal
MA_Gnaut,MA_Gnaut,biomes:BMT_FungalForest=0.4000000059604645,,Animal
MA_Hellboar,MA_Hellboar,biomes:AridShrubland=0.11999999731779099;ZBiome_DesertOasis=0.08399999886751175;Desert=0.07999999821186066;ExtremeDesert=0.07000000029802322,,Animal
MA_Narkospider,MA_Narkospider,biomes:ZBiome_DesertOasis=0.18000000715255737,,Animal
MA_PlastemmothAlpha,MA_PlastemmothAlpha,biomes:AB_RockyCrags=0.07000000029802322,,Animal
MA_Raptorkhan,MA_Raptorkhan,biomes:PoisonForest=0.18000000715255737;AridShrubland=0.10000000149011612;ExtremeDesert=0.05000000074505806;Desert=0.05000000074505806,,Animal
MA_Sivatherium,MA_Sivatherium,biomes:AridShrubland=0.07000000029802322,,Animal
MA_Sporemole,MA_Sporemole,biomes:AB_FeraliskInfestedJungle=0.18000000715255737,,Animal
MA_Worhin,MA_Worhin,biomes:AridShrubland=0.03999999910593033,,Animal
Maalraas,Maalraas,biomes:AridShrubland=0.07999999821186066,,Animal
Macrauchenia,Macrauchenia,biomes:ZBiome_Grasslands=0.014999999664723873;AridShrubland=0.009999999776482582;ZBiome_Badlands=0.003000000026077032,,Animal
Manka,Manka,biomes:AridShrubland=0.800000011920929,,Animal
MarshHaunt,MarshHaunt,biomes:AB_PyroclasticConflagration=0.18000000715255737,,Animal
Massiff,Massiff,biomes:AridShrubland=0.6000000238418579;Desert=0.4000000059604645;AB_FeraliskInfestedJungle=0.4000000059604645;LavaField=0.4000000059604645;ExtremeDesert=0.07999999821186066,,Animal
MastiffPhalone,MastiffPhalone,biomes:AridShrubland=0.800000011920929;AB_PyroclasticConflagration=0.18000000715255737,,Animal
Mawvorr,Mawvorr,biomes:AridShrubland=0.6000000238418579,,Animal
Meganeura,Meganeura,biomes:Desert=0.699999988079071;AB_MechanoidIntrusion=0.009999999776482582;AB_GelatinousSuperorganism=0.009999999776482582;AB_MycoticJungle=0.00800000037997961;AB_FeraliskInfestedJungle=0.00800000037997961;AB_MiasmicMangrove=0.004000000189989805;AB_OcularForest=0.0010000000474974513,,Animal
Megascarab,Megascarab,biomes:ZBiome_Grasslands=1;AB_PyroclasticConflagration=1,,Animal
Megasloth,Megasloth,biomes:Desert=0.3149999976158142,,Animal
Megaspider,Megaspider,biomes:AB_PyroclasticConflagration=0.4000000059604645,,Animal
Megavole,Megavole,biomes:AridShrubland=0.4000000059604645,,Animal
Mott,Mott,biomes:LavaField=0.699999988079071,,Animal
Mudhorn,Mudhorn,biomes:AridShrubland=0.800000011920929;Desert=0.4000000059604645;AB_PyroclasticConflagration=0.10499999672174454,,Animal
Mynock,Mynock,biomes:AB_PropaneLakes=0.699999988079071;ExtremeDesert=0.10000000149011612;AridShrubland=0.10000000149011612;Desert=0.10000000149011612,,Animal
Narglatch,Narglatch,biomes:PoisonForest=0.1574999988079071;AridShrubland=0.009999999776482582,,Animal
Neebray,Neebray,biomes:PoisonForest=1;BMT_CrystalCaverns=1;ExtremeDesert=0.10000000149011612;AridShrubland=0.10000000149011612;Desert=0.10000000149011612,,Animal
Nerf,Nerf,biomes:AB_TarPits=0.18000000715255737;AridShrubland=0.029999999329447746;Desert=0.029999999329447746,,Animal
Nexu,Nexu,biomes:AridShrubland=0.07000000029802322;Desert=0.019999999552965164,,Animal
Nuna,Nuna,biomes:ZBiome_Grasslands=0.699999988079071;AridShrubland=0.4000000059604645;Desert=0.009999999776482582,,Animal
Ollopom,Ollopom,biomes:ZBiome_DesertOasis=0.699999988079071,,Animal
Orray,Orray,biomes:AridShrubland=0.18000000715255737;Desert=0.05999999865889549;ExtremeDesert=0.03999999910593033,,Animal
PaintedSpat,PaintedSpat,biomes:AridShrubland=0.4000000059604645;Desert=0.03999999910593033;ExtremeDesert=0.019999999552965164,,Animal
PekoPeko,PekoPeko,biomes:AB_MechanoidIntrusion=0.18000000715255737;AridShrubland=0.07999999821186066,,Animal
Pikobis,Pikobis,biomes:Volcano=0.699999988079071;AridShrubland=0.03999999910593033,,Animal
Platybelodon,Platybelodon,biomes:BMT_FungalForest=0.05000000074505806;ZBiome_Badlands=0.0024999999441206455,,Animal
PoisonButterfly,PoisonButterfly,biomes:PoisonForest=1;BMT_FungalForest=1,,Animal
PoisonRat,PoisonRat,biomes:AB_TarPits=1,,Animal
Porg,Porg,biomes:AridShrubland=0.03999999910593033,,Animal
Pufferpig,Pufferpig,biomes:AridShrubland=0.699999988079071,,Animal
Pulmonoscorpius,Pulmonoscorpius,biomes:AB_TarPits=0.4000000059604645;AB_MechanoidIntrusion=0.009999999776482582;AB_GelatinousSuperorganism=0.009999999776482582;ExtremeDesert=0.00800000037997961;Desert=0.00800000037997961;AB_MycoticJungle=0.00800000037997961;AB_FeraliskInfestedJungle=0.00800000037997961;ZBiome_DesertOasis=0.00800000037997961;Scarlands=0.00800000037997961;AridShrubland=0.007000000216066837;ZBiome_Badlands=0.0035000001080334187;ZBiome_Grasslands=0.0035000001080334187;AB_OcularForest=0.0010000000474974513,,Animal
Qormot,Qormot,biomes:AridShrubland=0.20000000298023224,,Animal
RG_Rimclaw,RG_Rimclaw,biomes:AB_MechanoidIntrusion=0.4000000059604645;Scarlands=0.25;Desert=0.009999999776482582,,Animal
Rabbuck,Rabbuck,biomes:AB_PropaneLakes=0.4000000059604645;BMT_CrystalCaverns=0.4000000059604645,,Animal
Rancor,Rancor,biomes:ZBiome_DesertOasis=0.014399999752640724;AridShrubland=0.009999999776482582;Desert=0.009999999776482582,,Animal
Raxshir,Raxshir,biomes:AridShrubland=0.10000000149011612,,Animal
Reek,Reek,biomes:AridShrubland=0.019999999552965164,,Animal
Rikknit,Rikknit,biomes:AB_OcularForest=0.699999988079071,,Animal
Roggwart,Roggwart,biomes:AB_PyroclasticConflagration=0.10499999672174454;ExtremeDesert=0.009999999776482582;Desert=0.009999999776482582,,Animal
Ronto,Ronto,biomes:AridShrubland=0.800000011920929;Desert=0.4000000059604645;ExtremeDesert=0.20000000298023224;AB_FeraliskInfestedJungle=0.00800000037997961,,Animal
Runyip,Runyip,biomes:AB_MiasmicMangrove=0.4000000059604645;AridShrubland=0.009999999776482582,,Animal
Rycrit,Rycrit,biomes:Scarlands=0.4000000059604645,,Animal
SW_Electricfish,SW_Electricfish,biomes:AB_MechanoidIntrusion=0.4000000059604645;Scarlands=0.4000000059604645,,Animal
SW_Electricgryllotalpa,SW_Electricgryllotalpa,biomes:AB_MycoticJungle=0.4000000059604645;Scarlands=0.4000000059604645,,Animal
SW_Electrictick,SW_Electrictick,biomes:Wasteland=1;Scarlands=1,,Animal
SW_Emperorisopod,SW_Emperorisopod,biomes:Scarlands=0.12600000202655792,,Animal
SW_Grenadierworm,SW_Grenadierworm,biomes:PoisonForest=0.18000000715255737,,Animal
SW_Juggernautbeetles,SW_Juggernautbeetles,biomes:Scarlands=0.12600000202655792,,Animal
Scavrat,Scavrat,biomes:Volcano=0.699999988079071;AridShrubland=0.6000000238418579;Desert=0.4000000059604645;ExtremeDesert=0.30000001192092896,,Animal
Scurrier,Scurrier,biomes:ExtremeDesert=1;Scarlands=1;AridShrubland=0.800000011920929;Desert=0.800000011920929,,Animal
Scuttlebug,Scuttlebug,biomes:AB_GelatinousSuperorganism=1;AB_OcularForest=1,,Animal
Shaak,Shaak,biomes:BMT_FungalForest=0.18000000715255737;AridShrubland=0.07999999821186066,,Animal
Shiro,Shiro,biomes:AB_MiasmicMangrove=0.699999988079071;AridShrubland=0.03999999910593033,,Animal
ShiroTrap,ShiroTrap,biomes:AB_FeraliskInfestedJungle=0.699999988079071;AridShrubland=0.03999999910593033,,Animal
Shyrack,Shyrack,biomes:ExtremeDesert=0.800000011920929;AB_FeraliskInfestedJungle=0.699999988079071;AB_PyroclasticConflagration=0.699999988079071;Desert=0.6000000238418579;AridShrubland=0.4000000059604645,,Animal
Silooth,Silooth,biomes:AridShrubland=0.07999999821186066,,Animal
Sivatherium,Sivatherium,biomes:ZBiome_Grasslands=0.014999999664723873;AridShrubland=0.009999999776482582,,Animal
Skalder,Skalder,biomes:Volcano=0.3499999940395355;AridShrubland=0.07999999821186066;Desert=0.03999999910593033;ExtremeDesert=0.019999999552965164,,Animal
Sketto,Sketto,biomes:AridShrubland=0.800000011920929;ExtremeDesert=0.699999988079071;AB_TarPits=0.699999988079071;Desert=0.4000000059604645,,Animal
Snoruuk,Snoruuk,biomes:AB_GelatinousSuperorganism=0.699999988079071;AridShrubland=0.009999999776482582;Desert=0.009999999776482582,,Animal
Spelopede,Spelopede,biomes:AB_PyroclasticConflagration=0.4000000059604645,,Animal
Squall,Squall,biomes:LavaField=0.699999988079071,,Animal
Stintaril,Stintaril,biomes:ExtremeDesert=0.699999988079071,,Animal
StoneCrab,StoneCrab,biomes:ExtremeDesert=0.699999988079071;AB_OcularForest=0.699999988079071,,Animal
Strill,Strill,biomes:AB_MycoticJungle=0.4000000059604645;AridShrubland=0.20000000298023224,,Animal
TYR_HotfootRat,TYR_HotfootRat,biomes:AB_FeraliskInfestedJungle=1;AB_MechanoidIntrusion=1;AB_PyroclasticConflagration=1;Volcano=1;AB_TarPits=0.20000000298023224;LavaField=0.20000000298023224;Desert=0.10000000149011612,,Animal
TYR_Lemming,TYR_Lemming,biomes:PoisonForest=1;AB_PropaneLakes=1,,Animal
TYR_MousePoison,TYR_MousePoison,biomes:PoisonForest=1;AB_TarPits=1;AB_MycoticJungle=0.20000000298023224;AB_MiasmicMangrove=0.20000000298023224,,Animal
Tach,Tach,biomes:AB_MechanoidIntrusion=0.699999988079071;AB_PyroclasticConflagration=0.699999988079071,,Animal
Taozin,Taozin,biomes:LavaField=0.009800000116229057,,Animal
Tauntaun,Tauntaun,biomes:AB_TarPits=0.4000000059604645,,Animal
TeeMuss,TeeMuss,biomes:BMT_FungalForest=0.18000000715255737;AridShrubland=0.07999999821186066,,Animal
Terrorworm,Terrorworm,biomes:AridShrubland=0.699999988079071,,Animal
Thranta,Thranta,biomes:ExtremeDesert=0.009999999776482582;AridShrubland=0.009999999776482582;Desert=0.009999999776482582,,Animal
Titan,Titan,biomes:Scarlands=1;ExtremeDesert=0.5;AridShrubland=0.5;Desert=0.5;LavaField=0.25,,Animal
Titanis,Titanis,biomes:ZBiome_Grasslands=0.007499999832361937;AridShrubland=0.004999999888241291;ZBiome_Badlands=0.004999999888241291;AB_FeraliskInfestedJungle=0.004999999888241291;AB_GelatinousSuperorganism=0.004999999888241291;AB_MiasmicMangrove=0.004000000189989805,,Animal
Tooke,Tooke,biomes:ExtremeDesert=1;AB_PyroclasticConflagration=1;AridShrubland=0.10000000149011612;Desert=0.10000000149011612,,Animal
Toraton,Toraton,biomes:Desert=0.30000001192092896;AridShrubland=0.10000000149011612;AB_GelatinousSuperorganism=0.06300000101327896,,Animal
Torton,Torton,biomes:AridShrubland=0.012000000104308128,,Animal
Toxalope,Toxalope,biomes:Desert=0.4000000059604645,,Animal
Tukata,Tukata,biomes:Volcano=0.3499999940395355;Desert=0.07999999821186066;AridShrubland=0.03999999910593033;ExtremeDesert=0.009999999776482582,,Animal
TuskCat,TuskCat,biomes:AridShrubland=0.4000000059604645;Desert=0.009999999776482582,,Animal
Uintatherium,Uintatherium,biomes:ZBiome_Grasslands=0.012000000104308128;AridShrubland=0.00800000037997961;ZBiome_Badlands=0.0010000000474974513,,Animal
Urusai,Urusai,biomes:AridShrubland=0.699999988079071;Desert=0.4000000059604645;ExtremeDesert=0.10000000149011612,,Animal
Uvak,Uvak,biomes:AridShrubland=0.800000011920929;Volcano=0.3499999940395355;Desert=0.019999999552965164;ExtremeDesert=0.009999999776482582,,Animal
VAEWaste_Hydra,VAEWaste_Hydra,biomes:AB_FeraliskInfestedJungle=0.699999988079071;ZBiome_Grasslands=0.699999988079071,,Animal
VAEWaste_Megatardi,VAEWaste_Megatardi,biomes:AridShrubland=0.18000000715255737,,Animal
VAEWaste_Toxiguana,VAEWaste_Toxiguana,biomes:AB_FeraliskInfestedJungle=0.4000000059604645;LavaField=0.4000000059604645,,Animal
VFEI2_Acidspitter,VFEI2_Acidspitter,biomes:ExtremeDesert=0.18000000715255737,,Animal
VFEI2_BlackEmpress,VFEI2_BlackEmpress,biomes:PoisonForest=0.1574999988079071,,Animal
VFEI2_BlackQueen,VFEI2_BlackQueen,biomes:AB_MiasmicMangrove=0.05000000074505806,,Animal
VFEI2_BlackSwarmling,VFEI2_BlackSwarmling,biomes:Wasteland=1;AB_MiasmicMangrove=1,,Animal
VFEI2_Boomtick,VFEI2_Boomtick,biomes:ExtremeDesert=1;Scarlands=1,,Animal
VFEI2_Fuelmite,VFEI2_Fuelmite,biomes:ExtremeDesert=0.4000000059604645,,Animal
VFEI2_Gigalocust,VFEI2_Gigalocust,biomes:ExtremeDesert=0.18000000715255737,,Animal
VFEI2_Gigamite,VFEI2_Gigamite,biomes:AB_TarPits=0.05000000074505806,,Animal
VFEI2_Hellbeetle,VFEI2_Hellbeetle,biomes:ExtremeDesert=0.4000000059604645,,Animal
VFEI2_Macrofly,VFEI2_Macrofly,biomes:ExtremeDesert=0.4000000059604645,,Animal
VFEI2_Megathrips,VFEI2_Megathrips,biomes:ExtremeDesert=0.699999988079071,,Animal
VFEI2_Megawasp,VFEI2_Megawasp,biomes:ExtremeDesert=0.4000000059604645,,Animal
VFEI2_Queen,VFEI2_Queen,biomes:ExtremeDesert=0.3499999940395355,,Animal
VFEI2_RoyalMegascarab,VFEI2_RoyalMegascarab,biomes:AB_TarPits=0.4000000059604645,,Animal
VFEI2_Swarmling,VFEI2_Swarmling,biomes:Wasteland=1;AB_MiasmicMangrove=1,,Animal
VQEA_Splicefiend,VQEA_Splicefiend,biomes:ZBiome_Badlands=0.20999999344348907,,Animal
VQEA_Splicehulk,VQEA_Splicehulk,biomes:AB_TarPits=0.05000000074505806,,Animal
VQEA_Spliceling,VQEA_Spliceling,biomes:ZBiome_Badlands=0.18000000715255737,,Animal
VQEA_Splicetoot,VQEA_Splicetoot,biomes:Desert=0.4000000059604645;BMT_FungalForest=0.4000000059604645,,Animal
VQE_IceCrawler,VQE_IceCrawler,biomes:AB_MycoticJungle=0.4000000059604645;BMT_CrystalCaverns=0.4000000059604645,,Animal
VQE_Megamidge,VQE_Megamidge,biomes:AB_PropaneLakes=0.4000000059604645;BMT_CrystalCaverns=0.4000000059604645,,Animal
VRE_CompanionDryad,VRE_CompanionDryad,biomes:BMT_FungalForest=0.18000000715255737,,Animal
Vapaad,Vapaad,biomes:AridShrubland=0.07999999821186066;Desert=0.03999999910593033;ExtremeDesert=0.009999999776482582,,Animal
Varactyl,Varactyl,biomes:AridShrubland=0.800000011920929;Desert=0.07999999821186066;ExtremeDesert=0.019999999552965164,,Animal
Veermok,Veermok,biomes:AB_PyroclasticConflagration=0.18000000715255737;AridShrubland=0.03999999910593033,,Animal
Visceral,Visceral,biomes:PoisonForest=0.4000000059604645,,Animal
Voorpak,Voorpak,biomes:AB_TarPits=0.699999988079071;AridShrubland=0.019999999552965164;Desert=0.009999999776482582,,Animal
Vornskyr,Vornskyr,biomes:AB_MiasmicMangrove=0.18000000715255737;AridShrubland=0.07999999821186066,,Animal
Vulptex,Vulptex,biomes:ExtremeDesert=0.07999999821186066;AridShrubland=0.07999999821186066;Desert=0.07999999821186066,,Animal
WarWyrm,WarWyrm,biomes:ExtremeDesert=0.20000000298023224,,Animal
Warg,Warg,biomes:ZBiome_Badlands=0.4000000059604645,,Animal
WasteRat,WasteRat,biomes:AB_MycoticJungle=0.699999988079071,,Animal
Whisperbird,Whisperbird,biomes:AB_MiasmicMangrove=0.699999988079071;AridShrubland=0.07999999821186066,,Animal
WompRat,WompRat,biomes:AB_FeraliskInfestedJungle=0.699999988079071;AB_MiasmicMangrove=0.699999988079071;AridShrubland=0.4000000059604645;Desert=0.4000000059604645;ExtremeDesert=0.30000001192092896,,Animal
Woolamander,Woolamander,biomes:Scarlands=0.699999988079071,,Animal
Worm,Worm,biomes:AB_GelatinousSuperorganism=0.4000000059604645,,Animal
Worrt,Worrt,biomes:AB_MechanoidIntrusion=0.699999988079071;AridShrubland=0.4000000059604645;Desert=0.20000000298023224;ExtremeDesert=0.10000000149011612,,Animal
Wraid,Wraid,biomes:Desert=0.800000011920929;ExtremeDesert=0.4000000059604645;AridShrubland=0.4000000059604645,,Animal
Wyyyschokk,Wyyyschokk,biomes:ExtremeDesert=0.10000000149011612,,Animal
Yippa,Yippa,biomes:AB_OcularForest=0.4000000059604645,,Animal
Yobshrimp,Yobshrimp,biomes:ZBiome_Grasslands=0.699999988079071,,Animal
Zakkeg,Zakkeg,biomes:AB_MiasmicMangrove=0.05000000074505806;AridShrubland=0.009999999776482582,,Animal
Zarander,Zarander,biomes:AB_TarPits=0.4000000059604645,,Animal
Zeer,Zeer,biomes:AridShrubland=0.800000011920929;ZBiome_Grasslands=0.05000000074505806,,Animal
