tile,landmark,why
1238,AbandonedColonyTribal,Prime Dove Village
6738,Dunes,Orangeneedle Wastes
16945,Dunes,Bluepond Dunes
19542,Dunes,Whitepool Dunes
8096,Dunes,Enrada Dunes
5434,Dunes,Orangerock Wastes
6439,Dunes,Camba Dunes
390,Dunes,Thihatheroum Dunes
6702,Dunes,Coistia Dunes
3688,Dunes,Cóbust Dunes
8480,Dunes,Leera Dunes
15127,Dunes,Temininum Dunes
2473,Dunes,Beñabraa Dunes
19548,Dunes,Meeron Dunes
9619,Dunes,Mo's Retirement Wastes
19676,Dunes,Elephant Sealankle Dunes
1181,Dunes,Terera Wastes
492,Dunes,Noteron Wastes
6681,Dunes,Nelor Wastes
5036,Dunes,Wathkani Wastes
11236,Dunes,Gocha Wastes
5369,Dunes,Bad Mallard Dunes
21392,Dunes,Neoum Dunes
2870,Dunes,Gray Buffalo Wastes
5079,Dunes,Hismeera Dunes
18040,Dunes,Caro Dunes
7458,Dunes,Biatox Dunes
11463,Dunes,Rouay Dunes
11451,Dunes,Hisoulgaeria Dunes
21441,Dunes,Banboa Wastes
5091,Dunes,Susskind's Honor Dunes
4293,Dunes,Guavasña Dunes
11558,Dunes,Tasca Dunes
11109,Dunes,Banastra Dunes
11126,Dunes,Snailclaw Dunes
6358,Dunes,Dorio Dunes
21453,Dunes,Purple Dunes
10,Oasis,Dordo Haven
4367,Oasis,Hiunt Oasis
7780,Oasis,Otranrro Oasis
11100,Oasis,Tedhenni Refuge
14338,Oasis,Bluehuman Oasis
17225,Oasis,Toler Oasis
17198,Oasis,Bema Refuge
2349,Oasis,Youussia Haven
11834,Oasis,Andor Oasis
11471,Oasis,Big Wolverine Refuge
4321,Oasis,Black Megascarab Oasis
25,Oasis,Crima Oasis
15166,Oasis,Thealllium Oasis
16619,Oasis,Nebium Oasis
8272,Oasis,Oldshark Oasis
10451,Oasis,White Oasis
11877,Oasis,Orange Oasis
17001,Oasis,Straouuia Oasis
931,Oasis,Goodfox Oasis
13348,Oasis,Gomacolcam Refuge
2039,Oasis,Lándoa Haven
20285,Oasis,Embaixada Haven
13449,Oasis,Vasga Oasis
18201,Oasis,Paula's Finale Refuge
19183,Oasis,White Lion Haven
15086,Oasis,Alinum Oasis
18251,Oasis,Erlor Oasis
1986,Oasis,Forna Oasis
1303,Oasis,Whitewing Oasis
17243,Oasis,Cómaro Oasis
1661,Oasis,Hado Oasis
14716,Oasis,Blue Oasis
17257,Ruins,Greenskin Ruins
3512,Ruins,Lercha City
2691,Ruins,Peambenbai Ruins
21073,Ruins,Asandminbo Town
16400,Ruins,Black Rat Ruins
5632,Ruins,Ñoiño Ruins
6093,Ruins,Wisewrist Ruins
18728,Ruins,Isoum City
4995,Ruins,Eddos Ruins
1505,Ruins,Bluewalrus Ruins
4623,Ruins,Carlotta's Ruin
18712,Ruins,Itoum Ruins
3924,Ruins,Redcockroach Ruins
17232,Ruins,Harshnose Ruins
13513,Ruins,Ruined Zebra
609,Ruins,Allen Ruins
9087,Ruins,Dilapidated Gotrarobil
5625,Ruins,Ruined Gaiñocrou
12833,Ruins,Bigankle Town
7630,Ruins,Ruined White Pigeon
10954,Ruins,Dilapidated Tioler
3916,Ruins,Thiasni City
17897,Ruins,Dilapidated Asussia
3736,Ruins,Wasisda Town
8005,Ruins,Ruined Oro
3530,Ruins,Dilapidated Orangeneedle
13712,Ruins,Goga Town
7640,Ruins,Smallear Ruins
117,Ruins,Nehistdos Ruins
10386,Ruins,Toxxada Ruins
1907,Cliffs,Farfoot Cliffs
18651,Cliffs,Espaeria Wall
18664,Cliffs,Sayuri's End
4218,Cliffs,Tollelo Rampart
809,Cliffs,Bad Lemur Cliffs
17547,Cliffs,Bancam Rampart
8474,Cliffs,Hare Rampart
3150,Cliffs,Thiarewabum Wall
12128,Cliffs,Waen Wall
7602,Cliffs,Van's End
1942,Cliffs,Chinchillanose Rampart
9500,Cliffs,Icyfoot Cliffs
10777,Cliffs,Bluepenguin Rampart
20814,Cliffs,Tioistan Rampart
20800,Cliffs,Notvebium Cliffs
10254,Cliffs,Lucie's End
8374,Cliffs,Goodbody Cliffs
19222,Cliffs,Caro Cliffs
19272,Cliffs,Shary's End
16441,Cliffs,Terena Cliffs
19237,Cliffs,Badstork Cliffs
18921,Cliffs,Thiitna Wall
575,Cliffs,Prime Pig Cliffs
7166,Cliffs,Unbium Cliffs
12899,Cliffs,Dinberium Cliffs
15329,Cliffs,Tinaitlor Cliffs
18947,Cliffs,Eaandla Cliffs
2210,DryLake,Asrecur Sand Lake
9926,DryLake,Ithinor Barren Lake
17159,DryLake,Légua Sand Lake
19652,DryLake,Xigola Sand Lake
6712,DryLake,Legua Barren Lake
9954,DryLake,Ereherarebum Sand Lake
6422,DryLake,Veeron Salt Flat
4331,DryLake,Dinbium Sand Pit
20032,DryLake,Okapi's Conceit Sand Pit
14793,DryLake,Athistereria Salt Flat
16690,DryLake,Grayhoof Salt Flat
12846,DryLake,Round Vulture Sand Pit
3783,DryLake,Barracuda Dry Lake
9947,DryLake,Lousa Sand Pit
13149,DryLake,Blacklemur Dry Lake
11389,DryLake,Iguana's Bluff Dry Lake
14698,DryLake,Forla Barren Lake
1840,DryLake,Thedio Sand Lake
19604,DryLake,Erelebum Barren Lake
5069,DryLake,Craggy Quail Salt Flat
11240,DryLake,Laen Sand Pit
18298,DryLake,Toxos Sand Lake
16863,DryLake,Cotas Sand Lake
15139,VEE_DryRiver,Teeron Sand River
17237,VEE_DryRiver,Woodpeckerear Dry River
20518,VEE_DryRiver,Cai Barren River
9173,VEE_DryRiver,Hius Sand River
21411,VEE_DryRiver,Eraia Barren River
11585,VEE_DryRiver,Hiunba Sand River
6372,VEE_DryRiver,Raen Dry River
10293,VEE_DryRiver,Shohiberon Sand River
3629,VEE_DryRiver,Eduard's Fraud Barren River
9222,VEE_DryRiver,Badgiraffe Dry River
7004,VEE_DryRiver,Coraga Sand River
765,VEE_DryRiver,Dove's Delight Barren River
3283,VEE_DryRiver,Andeaussia Barren River
11895,VEE_DryRiver,Abanqueiro Barren River
21417,VEE_DryRiver,Arewitora Sand River
19337,VEE_DryRiver,Stbutinum Barren River
14839,VEE_DryRiver,Leler Dry River
16972,VEE_DryRiver,Nelium Barren River
3285,VEE_DryRiver,Itoncroitro Dry River
14831,VEE_DryRiver,Purple Muffalo Barren River
5425,VEE_DryRiver,Ometerhiinor Barren River
5064,VEE_DryRiver,Delba Barren River
16707,VEE_DryRiver,Goganecho Sand River
8147,Valley,Olvasrebo Valley
9159,Valley,Veabaniño Gulch
11945,Valley,Curro Divide
2032,Valley,Thianorinum Valley
15181,Valley,Gray Sardine Canyon
16954,Valley,Toxcanbibar Gorge
5409,Valley,Lousa Valley
7029,Valley,Babo Canyon
2544,Valley,Verithinor Vale
19789,Valley,Bluehorn Gulch
3997,Valley,Hewaeruay Canyon
1560,Valley,Fordos Gully
12312,Valley,Olga Gully
14205,Valley,Hinnebum Divide
21324,Valley,Breio Valley
19399,Valley,Alligatorwrist Gully
3327,Valley,Whiteshrub Gorge
4014,Valley,Thehadcoium Canyon
20529,Valley,Hewitder Gully
11091,Valley,Onbum Gully
20867,Valley,Vasbrei Valley
6303,VEE_SaltPlains,Black Evaporation Plain
14704,VEE_SaltPlains,White Narwhal Salt Plain
1842,VEE_SaltPlains,Whiteboomrat Saline Flats
21507,VEE_SaltPlains,Colcrouscu Saline Flats
16007,VEE_SaltPlains,Grayhedgehog White Barrens
11456,VEE_SaltPlains,Irgo White Barrens
2181,VEE_SaltPlains,Peza Salt Plain
6291,VEE_SaltPlains,Xosagurar Salt Plain
9708,VEE_SaltPlains,Hatdos Salt Plain
6843,VEE_SaltPlains,Itomebo Desiccated Ocean
6579,VEE_SaltPlains,Thshoinor White Barrens
9892,VEE_SaltPlains,Roasberium Desiccated Ocean
16755,VEE_SaltPlains,Cannexos Desiccated Ocean
4255,VEE_SaltPlains,Gaaloisa Saline Flats
6335,VEE_SaltPlains,Dados Saline Flats
8518,VEE_SaltPlains,Red Elk Saline Flats
21484,VEE_SaltPlains,Cabi Evaporation Plain
14525,VEE_SaltPlains,Rodaballo Saline Flats
14559,VEE_SaltPlains,Herbium Saline Flats
415,VEE_SaltPlains,Letheus Desiccated Ocean
11936,Cavern,Comba's Misstep Tunnel
18775,Cavern,Roman's Fraud Tunnel
10768,Cavern,Darby's Ruin Cavern
16356,Cavern,Anteddos Cave Network
84,Cavern,Seatre Tunnel
15141,Cavern,Freetooth Tunnel
5146,Cavern,Wastoesni Cavern
4352,Cavern,Nadine's Joy Caverns
6955,Cavern,Ambbe Caverns
20136,Cavern,Red Tunnel
4211,Cavern,Fernanda's Caves
3974,Cavern,Tregua Tunnel
19405,Cavern,Ashiera Cave Network
2882,Cavern,Edbum Tunnel
5152,Cavern,Spartak's Caves
8817,Cavern,Merlin's Caves
1156,Cavern,Maomelalior Cave Network
17571,Cavern,Isanlium Tunnel
17323,Cavern,Badtooth Cavern
11078,Cavern,Gorar Caverns
7791,Bay,Smallwing Bay
15064,Bay,Gulf of Dornaenbil
17211,Bay,Gabela Bay
6253,DryLake,Curro's Prize Barren Lake
8084,Bay,Ouba Bight
7069,Bay,Gulf of Lobusttol
3655,Bay,Ereria Bay
12822,Bay,Strangeear Cove
4730,Bay,Goinum Bay
7772,Bay,Tol Bay
17206,Bay,Braga Bay
15077,Bay,Artheereunt Bight
11183,VEE_ToxicCrater,Terheruay Poisoned Caldera
15173,Bay,Gulf of Camelear
3635,Bay,Gulf of Canebar
4770,VEE_PebbleDunes,Ibala Pebble Dunes
6463,VEE_PebbleDunes,Abanqueiro's Folly Gravel Drifts
2066,VEE_PebbleDunes,Green Rolling Pebble Fields
12857,VEE_PebbleDunes,Greendonkey Gravel Drifts
19293,VEE_PebbleDunes,Dinba Gravel Drifts
21653,VEE_PebbleDunes,Miaban Stone-Swept Ridges
1610,VEE_PebbleDunes,Camño Rolling Pebble Fields
19316,VEE_PebbleDunes,Mazoiño Gravel Drifts
4757,VEE_PebbleDunes,Andneora Stone-Swept Ridges
11550,VEE_PebbleDunes,Tioera Gravel Drifts
19314,VEE_PebbleDunes,Brinñole Gravel Drifts
13142,VEE_PebbleDunes,Istheni Shingle Dunes
260,VEE_PebbleDunes,Meevein Pebble Dunes
11566,VEE_PebbleDunes,Tonxigola Gravel Drifts
14348,VEE_PebbleDunes,Aredos Stone-Swept Ridges
21586,VEE_PebbleDunes,Ereesder Pebble Dunes
6437,VEE_PebbleDunes,Senra Gravel Drifts
6315,VEE_PebbleDunes,Asne Rolling Pebble Fields
16571,VEE_PebbleDunes,Mole Stone-Swept Ridges
14564,VEE_StagnantRivulet,Teus Stagnant Rivulet
8503,VEE_StagnantRivulet,Braña Standing Channel
4378,VEE_StagnantRivulet,Binshoia Stagnant Rivulet
17307,VEE_StagnantRivulet,Thonussia Sluggish Rivulet
11334,VEE_StagnantRivulet,Barga Sluggish Rivulet
11097,VEE_StagnantRivulet,Shohisarbum Stagnant Rivulet
7053,VEE_StagnantRivulet,Oulia Silted Creek
11309,VEE_StagnantRivulet,Vasalo Stagnant Rivulet
9131,VEE_StagnantRivulet,Stler Silted Creek
2793,VEE_StagnantRivulet,Troutchin Silted Creek
3473,VEE_StagnantRivulet,Dojados Stagnant Rivulet
16486,VEE_StagnantRivulet,Cadocaga Stagnant Rivulet
12630,VEE_StagnantRivulet,Octopus Silted Creek
3294,VEE_StagnantRivulet,Henoulni Silted Creek
3451,VEE_StagnantRivulet,Verheistan Stilled Stream
3468,VEE_StagnantRivulet,Elephant Sealshoulder Standing Channel
13618,VEE_Cenotes,Otter Cenote Lakes
13119,VEE_Cenotes,Parrotheel Collapsed Limestone Pools
2358,VEE_Cenotes,Blueaardvark Collapsed Limestone Pools
9477,VEE_Cenotes,Biarcai Cenote Lakes
1145,VEE_Cenotes,Abeneiro Cenote Lakes
1782,VEE_Cenotes,Orangeraccoon Collapsed Limestone Pools
9456,VEE_Cenotes,Edbum Cenote Lakes
15634,VEE_Cenotes,Barborca Cenote Field
3915,VEE_Cenotes,Eristia Karst Hollows
7387,VEE_Cenotes,Canca Karst Hollows
19985,VEE_Cenotes,Embaixada Collapsed Limestone Pools
14166,VEE_Cenotes,Badgereye Collapsed Limestone Pools
10480,VEE_Cenotes,Hawk Karst Hollows
4997,VEE_Cenotes,Greenstump Karst Hollows
8802,VEE_Cenotes,Henum Collapsed Limestone Pools
10806,VEE_Cenotes,Colaga Collapsed Limestone Pools
2677,AncientGarrison,Iñoma Station
9558,AncientGarrison,Anya's Base
2560,AncientGarrison,Fort Isna
5617,AncientGarrison,Fort Ram
10518,AncientGarrison,Fort Bascucamxos
6854,AncientGarrison,Ouunt Garrison
18683,AncientGarrison,Abangalbi Armory
10332,AncientGarrison,Tona Base
19961,AncientGarrison,Icy Ape Stronghold
678,AncientGarrison,Haareera Garrison
12795,AncientGarrison,Oulussia Armory
13602,AncientGarrison,Coro Armory
20514,AncientGarrison,Hisan Stronghold
9167,AncientGarrison,Fort Ouhadithbum
3666,AncientGarrison,Iñoda Garrison
15684,AncientGarrison,Orange Armory
10370,AncientWarehouse,Fernanda's Storehouse
8449,AncientWarehouse,Vaslou Storehouse
20853,AncientWarehouse,Sare Storehouse
10355,AncientWarehouse,Isaambrei Warehouse
3351,AncientWarehouse,Tall Hippopotamus Storehouse
8794,AncientWarehouse,Margarita's Storehouse
9553,AncientWarehouse,Arlene's Storehouse
17461,AncientWarehouse,Kiriko's Storehouse
12304,AncientWarehouse,Shoenba Storehouse
14136,AncientWarehouse,Vince's Depot
5951,AncientWarehouse,Oureron Storehouse
16427,AncientWarehouse,Alex's Warehouse
19021,AncientWarehouse,Red's Warehouse
15310,AncientWarehouse,Micóalbo Warehouse
21197,AncientWarehouse,Senne Warehouse
3390,AncientWarehouse,Notlior Warehouse
21037,VEE_MeteorCrater,Xadaba Impact Crater
116,VEE_MeteorCrater,Hadlelia Impact Basin
6878,VEE_MeteorCrater,Thieddo Impact Basin
17949,VEE_MeteorCrater,Veor Impact Basin
3572,VEE_MeteorCrater,Heristan Impact Crater
17694,VEE_MeteorCrater,Blackskunk Impact Crater
8796,VEE_MeteorCrater,Trosma Impact Crater
6764,VEE_MeteorCrater,Youselia Impact Basin
3342,VEE_MeteorCrater,Senra Impact Crater
876,VEE_MeteorCrater,Andleuay Impact Crater
17965,VEE_MeteorCrater,Eaeaeron Impact Crater
19079,VEE_MeteorCrater,Ourroder Impact Crater
17450,VEE_MeteorCrater,Severuia Impact Crater
12911,VEE_MeteorCrater,Marvasza Meteor Crater
14026,VEE_MeteorCrater,Telenorora Impact Crater
7751,VEE_MeteorCrater,Lervebraas Impact Crater
12457,VEE_DustBowl,Valentin's Honor Blasted Expanse
15770,VEE_DustBowl,Tonirbo Dust Bowl
10468,VEE_DustBowl,Rodaballo Blasted Expanse
15040,VEE_DustBowl,Blackaardvark Dust Bowl
105,VEE_DustBowl,Gacó Parched Barrens
12936,VEE_DustBowl,Funinonda Scorched Dustplain
8973,VEE_DustBowl,Grayseal Depression
5614,VEE_DustBowl,Albogatocam Dust Bowl
7897,VEE_DustBowl,Combo Dust Bowl
2661,VEE_DustBowl,Enler Blasted Expanse
4825,VEE_DustBowl,Lousa Depression
519,VEE_DustBowl,Purple Dust Bowl
19934,VEE_DustBowl,Choco Parched Barrens
11794,VEE_DustBowl,Eveunt Blasted Expanse
15870,VEE_DustBowl,Tallshoulder Dust Bowl
16943,VEE_QuicksandDunes,Baboon Ankle Loose Earth Dunes
19688,VEE_QuicksandDunes,Roxigo Loose Earth Dunes
7017,VEE_QuicksandDunes,Ouora Loose Earth Dunes
4704,VEE_QuicksandDunes,Laandlor Quicksand Dunes
19505,VEE_QuicksandDunes,Wasba Quicksand Dunes
19646,VEE_QuicksandDunes,Menthaba Loose Earth Dunes
9889,VEE_QuicksandDunes,Veeduay Unstable Dunes
12379,VEE_QuicksandDunes,Caxigo Quicksand Dunes
639,VEE_QuicksandDunes,Seara Quicksand Dunes
1192,VEE_QuicksandDunes,Melaler Sinking Dunes
11169,VEE_QuicksandDunes,Tragua Unstable Dunes
21383,VEE_QuicksandDunes,Wasbo Quicksand Dunes
3166,VEE_QuicksandDunes,Red Hamster Quicksand Dunes
14458,VEE_QuicksandDunes,Sharpwing Sinking Dunes
18704,VEE_RockRidge,Tiger Claw Spine
5605,VEE_RockRidge,Orangemole Ridge
14179,VEE_RockRidge,Leoum Ridge
1037,VEE_RockRidge,Heder Spine
1153,VEE_RockRidge,Ismonheler Crest
10486,VEE_RockRidge,Entoberon Ridge
2459,VEE_RockRidge,Harsh Duck Ridge
18743,VEE_RockRidge,Comboa Ridge
14181,VEE_RockRidge,Lanla Ridge
16443,VEE_RockRidge,Quaus Ridge
16296,VEE_RockRidge,Hiora Ridge
7554,VEE_RockRidge,Banastra Ridge
1046,VEE_GravelBeach,Bluequail Pebble Strand
17531,VEE_GravelBeach,Purplerock Rocky Shoreline
446,VEE_GravelBeach,Neuia Pebble Strand
709,VEE_GravelBeach,Thaalberium Pebble Strand
2247,VEE_GravelBeach,Toera Pebble Strand
2616,VEE_GravelBeach,Velou Rocky Shoreline
6638,VEE_GravelBeach,Wasorussia Pebble Strand
13409,VEE_GravelBeach,Haor Gravel Shore
7100,VEE_GravelBeach,Naarbium Stone-Littered Beach
10344,VEE_GravelBeach,Badmule Stone-Littered Beach
11778,VEE_GravelBeach,Queabei Shingle Coast
20685,VEE_GravelBeach,Binistia Pebble Strand
16354,Hollow,Totros Hollow
1151,Hollow,Stingray's Retirement Hollow
18720,Hollow,Black Hollow
5039,Hollow,Craggy Echidna Hollow
19375,Hollow,Obanbrí Hollow
20878,Hollow,Ordabum Hollow
17346,Hollow,Turkeyclaw Hollow
20405,Hollow,Trobo Hollow
13168,Hollow,Bustmabrin Hollow
18352,Hollow,Rachel's Hideout
2800,Hollow,Bluegiraffe Hollow
674,VEE_SulfuricLake,Breixos Stinging Waters
2604,VEE_SulfuricLake,Eveus Acidic Basin
16737,VEE_SulfuricLake,Connor's Stinging Waters
20315,VEE_SulfuricLake,Blackhorn Sulfuric Lake
1817,VEE_SulfuricLake,Celia's Sulfuric Lake
21572,VEE_SulfuricLake,Daiki's Yellowmire
14446,VEE_SulfuricLake,Boagu Yellowmire
18135,VEE_SulfuricLake,Erberon Sulfur Spring
4489,VEE_SulfuricLake,Inalor Acidic Basin
4515,VEE_SulfuricLake,Eneraterbum Acidic Basin
6791,ToxicLake,Conoteana Toxic Lake
1973,ToxicLake,Wilfred's Dumping Grounds
9657,ToxicLake,Whale Palm Poison Lake
2136,ToxicLake,Zoya's Dumping Grounds
9539,ToxicLake,Humberto's Blight
20018,ToxicLake,Hatdio Poison Lake
17052,ToxicLake,Purpleskunk Toxic Lake
3701,ToxicLake,Hatouluia Poison Lake
4792,ToxicLake,Youinor Toxic Lake
12444,ToxicLake,Camla Toxic Lake
17106,AncientChemfuelRefinery,Seahorse Wing Plant
7306,AncientChemfuelRefinery,Raas Refinery
20085,AncientChemfuelRefinery,Robevas Refinery
557,AncientChemfuelRefinery,Embaixada Chemplant
3251,AncientChemfuelRefinery,Craggy Condor Plant
12447,AncientChemfuelRefinery,Miñoca Chemplant
5761,AncientChemfuelRefinery,Entyouwitera Refinery
6840,AncientChemfuelRefinery,Elandcheek Chemplant
19141,AncientChemfuelRefinery,Dominika's Plant
11690,AncientChemfuelRefinery,Cheetah Plant
1641,TerraformingScar,Icylion Scar
17085,TerraformingScar,Roundbarracuda Wound
19875,TerraformingScar,Alina's Folly
5531,TerraformingScar,Scarlet's Delusion
4778,TerraformingScar,Bud's Scar
13644,TerraformingScar,The Grand Wound
17171,TerraformingScar,Vera's Flaw
21684,TerraformingScar,Ash's Howl
7577,TerraformingScar,Gabby's Wound
20421,TerraformingScar,Teandni Sundering
7891,VEE_JaggedRocks,Anlonbum Jagged Ridges
18673,VEE_JaggedRocks,Veroum Jagged Ridges
15373,VEE_JaggedRocks,Hinistan Jagged Rocks
15381,VEE_JaggedRocks,Darcey's Jagged Rocks
16442,VEE_JaggedRocks,Ondo Jagged Rocks
19009,VEE_JaggedRocks,Terhisna Jagged Ridges
20809,VEE_JaggedRocks,Rozalina's Jagged Rocks
7174,VEE_JaggedRocks,Roughcrocodile Jagged Rocks
12115,VEE_JaggedRocks,Paulette's Trophy Jagged Rocks
20799,FrozenRuins,Brinco City
6102,FrozenRuins,Craggysnake Frozen Ruins
16327,FrozenRuins,Ruined Quatiodelia
3545,FrozenRuins,Big Cattle Ice City
13059,FrozenRuins,Far Dove Ice City
20893,FrozenRuins,Vene Frozen Ruins
618,FrozenRuins,Opossum Frozen Ruins
1516,FrozenRuins,Goneler Ice City
6211,FrozenRuins,Sharktalon Frozen Ruins
17266,AbandonedColonyTribal,Waspaia Village
15111,AbandonedColonyTribal,Bala Village
7037,AbandonedColonyTribal,Atia Camp
6977,AbandonedColonyTribal,Rocanche Village
11590,AbandonedColonyTribal,Craneelbow Village
17276,AbandonedColonyTribal,Oldzebra Village
2880,AbandonedColonyTribal,Onasistan Camp
12037,AbandonedColonyTribal,Green Village
7249,CoastalIsland,Meus Isle
9266,CoastalIsland,Kanagoler Island
8883,CoastalIsland,Isle Oulbo
9806,CoastalIsland,Isle Old Grasshopper
8884,CoastalIsland,Bluegnat Island
12016,CoastalIsland,Vegabar Island
7500,CoastalIsland,Isle Gaboca
6952,CoastalIsland,Delhadunor Island
14885,Chasm,Selium Fracture
17185,Chasm,Dinbutuia Fracture
1604,Chasm,Tobor Fracture
19357,Chasm,Hainor Chasm
14289,Chasm,Goxo Fracture
7160,Chasm,Ennoteron Fracture
12087,Chasm,Boga Sinkhole
994,AB_TarLakes,Grayclaw Tar Lakes
457,AB_TarLakes,Cammabiscu Tar Lakes
476,AB_TarLakes,Hieron Tar Lakes
1859,AB_TarLakes,Magpiefoot Tar Lakes
1866,AB_TarLakes,Komaera Tar Lakes
2637,AB_TarLakes,Finuay Asphalt Pits
10015,AB_TarLakes,Rodaballo Asphalt Pits
37,VEE_FleshPits,Vasalo Anomalous Caverns
1062,VEE_FleshPits,Gogu Flesh Pit Expanse
469,VEE_FleshPits,Onfenan Flesh Pit Expanse
992,VEE_FleshPits,Badhand Flesh Pit Expanse
10201,VEE_FleshPits,Blackmagpie Flesh Pits
7485,VEE_FleshPits,Ourberium Anomalous Caverns
17828,VEE_FleshPits,Philip's Ruination Anomalous Caverns
12411,AncientQuarry,Red Hedgehog Quarry
14470,AncientQuarry,Gane Quarry
16854,AncientQuarry,Cambiar Rock Pits
4303,AncientQuarry,Banzo Mines
6695,AncientQuarry,Excavation Site
12396,AncientQuarry,Mabar Mines
9593,VEE_SerpentineCanyons,Canto Canyons
499,VEE_SerpentineCanyons,Blue Stingray Canyons
18770,VEE_SerpentineCanyons,Ourforaseron Canyons
18932,VEE_SerpentineCanyons,Tol Canyons
8106,VEE_SerpentineCanyons,Lorenzo's Canyons
16898,VEE_SerpentineCanyons,Toxro Canyons
8896,Archipelago,Hadlonin's Foot Islands
2249,Archipelago,Primestinkbug Islands
13203,Archipelago,Miñoca Isles
6636,Archipelago,Isle Graybeetle
6909,Archipelago,Ambas Islands
5937,VEE_StoneForest,Tallnose Rocky Spire Field
15234,VEE_StoneForest,Bat Hip Craggy Stone Thicket
10266,VEE_StoneForest,Ourinum Shattered Monoliths
1284,VEE_StoneForest,Xigoque Craggy Stone Thicket
1837,sw_DeadSarlacc,Dead Sarlacc
15623,sw_DeadSarlacc,Dead Sarlacc
20456,sw_DeadSarlacc,Dead Sarlacc
15905,sw_DeadSarlacc,Dead Sarlacc
14481,AncientHeatVent,Ñoisarocam Infernal Vents
14486,AncientHeatVent,Jackal Hell Holes
14490,AncientHeatVent,Trebo Hell Holes
2540,AB_MagmaticQuagmire,Leneunt Magmatic Quagmire
7405,AB_MagmaticQuagmire,Purple Toad Magma Sinks
7400,AB_MagmaticQuagmire,Hibo Magmatic Quagmire
3214,VEE_RedDesert,Woodpecker's Arrogance Iron-Rich Desert
3678,VEE_RedDesert,Vasalo Rust-Colored Desert
15775,Plateau,Allitder Plateau
9566,Plateau,Croicam Rise
11903,HotSprings,Gray Hot Spring
634,HotSprings,Stinkbugwrist Hot Springs
12417,AbandonedColonyOutlander,Hinin Outpost
2920,sw_Sarlacc,Biamb Sarlacci Burrow
4000,AncientLaunchSite,Alex's Launch Site
21312,LavaCrater,Gray Crater
19495,LavaLake,Icy Lemur Crater
16887,VEE_AlluvialFan,Isla's Honor Depositional Flats
6717,Basin,Nelson's Lunacy Basin
1415,AB_QuicksandPits,Arba Quicksand Pits
5302,CoastalIsland,Isle Red
18621,CoastalIsland,Xevasmacrou Islet
18266,CoastalIsland,Dinhatgoussia Islet
1295,CoastalIsland,Verea Island
15067,CoastalIsland,Redcormorant Island
11843,CoastalIsland,Abello Isle
9419,CoastalIsland,Daler Isle
18418,CoastalIsland,Troscarga Island
758,Archipelago,Ferret Chain
7777,Archipelago,Ram Arm Islets
17215,Archipelago,Itallum Archipelago
18616,Archipelago,Redllama Archipelago
5300,Archipelago,Bontehisor Archipelago
18250,Archipelago,Isle Bee Chin
2609,CoastalIsland,Canga Island
8898,CoastalIsland,Red Isle
11521,CoastalIsland,Leshoder Island
9972,CoastalIsland,Onora Isle
5126,CoastalIsland,Blackcod Island
5101,CoastalIsland,Isle Notla
9978,CoastalIsland,Tolo Island
16888,CoastalIsland,Ourarin Islet
5123,Archipelago,Bríabru Islands
6678,Archipelago,Brírarbarcrou Archipelago
2422,Archipelago,Big Hamster Islands
5129,Archipelago,Heunt Isles
4047,Archipelago,Trabeirtro Archipelago
20772,Archipelago,Biggiraffe Islands
6,sw_Sarlacc,Wahenseum Creature
6633,VEE_DryRiver,Theouunt Sand River
54,Ruins,Ruined Purple Falcon
19203,VEE_DryRiver,Reindeer's Ruin Sand River
15122,VEE_DryRiver,Greenlemur Barren River
16995,VEE_DryRiver,Bren Barren River
16996,VEE_DryRiver,Aserhindio Sand River
716,VEE_DryRiver,Hatler Barren River
5468,VEE_DryRiver,Asza Sand River
20648,DryLake,Isbium Sand Pit
7734,DryLake,Macaiduescu Barren Lake
11878,DryLake,Magpie Sand Lake
11438,DryLake,Tona Sand Lake
13562,DryLake,Smallfoot Sand Lake
21722,VEE_RelictDelta,Otrosbicai Silt Delta
81,VEE_RelictDelta,Butgoora Braided Flats
2250,VEE_RelictDelta,Dead Stingray Relict Delta
15047,VEE_AlluvialFan,Hadarbum Sediment Fan
17506,VEE_AlluvialFan,Breiiracho Sediment Fan
8367,VEE_AlluvialFan,Gazelle Ankle River Spillplain
7376,VEE_AlluvialFan,Black Sediment Fan
5910,VEE_SerpentineCanyons,Eruia Canyons
151,VEE_SerpentineCanyons,Meinuia Canyons
3328,VEE_SerpentineCanyons,Bustbotros Canyons
70,VEE_MeteorCrater,Haberon Impact Basin
2841,VEE_MeteorCrater,Obrída Meteor Crater
14624,VEE_MeteorCrater,Bami Impact Crater
24,VEE_MeteorCrater,Kaium Impact Basin
12963,VEE_MeteorCrater,Teni Meteor Crater
2568,VEE_MeteorCrater,Icy Parrot Impact Basin
2597,VEE_MeteorCrater,Hawasen Meteor Crater
13155,VEE_MeteorCrater,Légua Impact Basin
13124,VEE_MeteorCrater,Sea Urchin Nose Impact Crater
266,DryLake,Cambust Sand Pit
4017,DryLake,Kount Sand Lake
4018,DryLake,Neo Barren Lake
38,DryLake,Jani Barren Lake
2650,DryLake,Hareia Dry Lake
13473,DryLake,Tiunt Barren Lake
43,DryLake,Theeria Sand Pit
2679,DryLake,Dabra Salt Flat
13647,DryLake,Roora Dry Lake
32,VEE_Cenotes,Braña Collapsed Limestone Pools
2613,VEE_Cenotes,Vitaly's Ruse Water-Filled Cenotes
107,VEE_Cenotes,Isor's Ruination Cenote Field
3063,VEE_Cenotes,Andgaor Water-Filled Cenotes
15951,VEE_Cenotes,Duck Water-Filled Cenotes
494,VEE_Cenotes,Hisum Collapsed Limestone Pools
5385,VEE_Cenotes,Eredo Cenote Lakes
5386,VEE_Cenotes,Weasel Hand Karst Hollows
3227,Cavern,Allna Cave Network
3225,Cavern,Kofinum Cavern
106,VEE_QuicksandPits,Orangeboar Loose Earth Pockets
221,VEE_QuicksandPits,Koberon Loose Earth Pockets
285,VEE_QuicksandPits,Ler Unstable Ground
286,VEE_QuicksandPits,Wombat Hand Quicksand Pits
15545,DryLake,Orbum Salt Flat
10070,DryLake,Lahatlium Barren Lake
7858,DryLake,Waus Sand Lake
4188,Cavern,Vasiñone Tunnel
16260,Cavern,Chamibe Cavern
7,sw_Sarlacc,Ouleria Sarlacc
44,sw_Sarlacc,Caisen Creature
64,sw_Sarlacc,White Chough Sarlacci Burrow
65,sw_Sarlacc,Pit of Red
2462,sw_DeadSarlacc,Dead Sarlacc
2463,sw_DeadSarlacc,Dead Sarlacc
2468,sw_DeadSarlacc,Dead Sarlacc
2747,Ruins,Deadkangaroo City
14049,Ruins,Monhinda City
48,Ruins,Orangebeetle Ruins
2709,Ruins,Megascarabfoot Ruins
13839,Ruins,Vivian's Jackpot
2715,Ruins,Adam's Downfall
13868,Ruins,Mala Ruins
13844,Ruins,Ruined Maxadache
99,VEE_Cenotes,Ououm Collapsed Limestone Pools
100,VEE_Cenotes,Gacam Karst Hollows
279,Hollow,Termite Heel Hollow
3447,VEE_StagnantRivulet,Marecur Silted Creek
171,VEE_StagnantRivulet,Magpie Paw Standing Channel
