csvRow,defName,label,modName,packageId,loadOrder,reason,texPath,pawnKindDefName,pawnKindCount,lifeStageIndex,lifeStageCount,textureFile,detail
2,,,ABF: Synstructs Core,killathon.artificialbeings.syncore,521,no_defName,,,,,,,ABF_Thing_Synstruct_AnimalBase
3,MutantCow,cow,Advanced Biomes (Continued),mlie.advancedbiomes,45,no_loose_png,Animal/Cow/Bull,MutantCow,1,2,3,,
4,PoisonButterfly,butterfly,Advanced Biomes (Continued),mlie.advancedbiomes,45,no_loose_png,Animal/Butterfly/butterfly,PoisonButterfly,1,2,3,,
5,PoisonDeer,deer,Advanced Biomes (Continued),mlie.advancedbiomes,45,no_loose_png,Things/Pawn/Animal/Deer/DeerMale,PoisonDeer,1,2,3,,
6,PoisonRat,rat,Advanced Biomes (Continued),mlie.advancedbiomes,45,no_loose_png,Things/Pawn/Animal/Rat/Rat,PoisonRat,1,2,3,,
7,,,Alpha Animals,sarg.alphaanimals,404,no_defName,,,,,,,AA_AlphaBaseInsect
8,,,Alpha Animals,sarg.alphaanimals,404,no_defName,,,,,,,BaseInsect2
150,,,Alpha Mechs,sarg.alphamechs,51,no_defName,,,,,,,AM_MediumMechanoid
183,AM_UnshackledDryad,unshackled dryad,Alpha Memes,sarg.alphamemes,52,no_loose_png,Things/Pawn/Animal/Dryad_Basic/Dryad_Basic,AM_UnshackledDryad,1,0,1,,
184,,,Anomaly,ludeon.rimworld.anomaly,8,no_defName,,,,,,,BaseFleshbeast
185,,,Anomaly,ludeon.rimworld.anomaly,8,no_defName,,,,,,,MysteriousSphereEntityBase
186,Bulbfreak,bulbfreak,Anomaly,ludeon.rimworld.anomaly,8,no_loose_png,Things/Pawn/Fleshbeast/Bulbfreak/Bulbfreak,Bulbfreak,1,0,1,,
187,Chimera,chimera,Anomaly,ludeon.rimworld.anomaly,8,no_loose_png,Things/Pawn/Chimera/Chimera_A,Chimera,1,0,1,,
188,CreepJoiner,human,Anomaly,ludeon.rimworld.anomaly,8,no_pawnkind,,,,,,,
189,Devourer,devourer,Anomaly,ludeon.rimworld.anomaly,8,no_loose_png,Things/Pawn/Devourer/Devourer,Devourer,1,0,1,,
190,Dreadmeld,dreadmeld,Anomaly,ludeon.rimworld.anomaly,8,no_loose_png,Things/Pawn/Fleshbeast/Dreadmeld/Dreadmeld,Dreadmeld,1,0,1,,
191,Fingerspike,fingerspike,Anomaly,ludeon.rimworld.anomaly,8,no_loose_png,Things/Pawn/Fleshbeast/Fingerspike/Fingerspike,Fingerspike,1,0,1,,
192,FleshmassNucleus,fleshmass nucleus,Anomaly,ludeon.rimworld.anomaly,8,no_loose_png,Things/Pawn/FleshmassNucleus,FleshmassNucleus,1,0,1,,
193,Gorehulk,gorehulk,Anomaly,ludeon.rimworld.anomaly,8,no_loose_png,Things/Pawn/Gorehulk/Gorehulk_A,Gorehulk,2,0,1,,
194,Metalhorror,metalhorror,Anomaly,ludeon.rimworld.anomaly,8,no_loose_png,Things/Pawn/Metalhorror/Metalhorror_Mature,Metalhorror,1,2,3,,
195,Nociosphere,nociosphere,Anomaly,ludeon.rimworld.anomaly,8,no_loose_png,Things/Pawn/Nociosphere/Nociosphere_Center,Nociosphere,1,0,1,,
196,Noctol,noctol,Anomaly,ludeon.rimworld.anomaly,8,no_loose_png,Things/Pawn/Noctol/Noctol,Noctol,1,0,1,,
197,Revenant,revenant,Anomaly,ludeon.rimworld.anomaly,8,no_loose_png,Things/Pawn/Revenant/Revenant,Revenant,1,0,1,,
198,Sightstealer,sightstealer,Anomaly,ludeon.rimworld.anomaly,8,no_loose_png,Things/Pawn/Sightstealer/Sightstealer_A,Sightstealer,1,0,1,,
199,Toughspike,toughspike,Anomaly,ludeon.rimworld.anomaly,8,no_loose_png,Things/Pawn/Fleshbeast/Toughspike/Toughspike,Toughspike,1,0,1,,
200,Trispike,trispike,Anomaly,ludeon.rimworld.anomaly,8,no_loose_png,Things/Pawn/Fleshbeast/Trispike/Trispike,Trispike,1,0,1,,
201,,,Asimov,neronix17.asimov,57,no_defName,,,,,,,AsimovAutomatonBase
202,,,Asimov,neronix17.asimov,57,no_defName,,,,,,,AsimovNonEnergyAutomatonBase
203,AlligatorMan,alligator man,Beasts of the Rim (Continued),mlie.beastsoftherim,62,no_loose_png,Things/Pawn/Animal/AlligatorMan,AlligatorMan,1,2,3,,
204,Armadillo,armadillo,Beasts of the Rim (Continued),mlie.beastsoftherim,62,no_loose_png,Things/Pawn/Animal/Armadillo/Armadillo,Armadillo,2,2,3,,
205,Bardelot,bardelot,Beasts of the Rim (Continued),mlie.beastsoftherim,62,no_loose_png,Things/Pawn/Animal/Bardelot,Bardelot,1,2,3,,
206,BlackBear,black bear,Beasts of the Rim (Continued),mlie.beastsoftherim,62,no_loose_png,Things/Pawn/Animal/BlackBear,BlackBear,1,2,3,,
207,BlackBearMan,black bear man,Beasts of the Rim (Continued),mlie.beastsoftherim,62,no_loose_png,Things/Pawn/Animal/BlackBearMan,BlackBearMan,1,2,3,,
208,Giantala,giantala,Beasts of the Rim (Continued),mlie.beastsoftherim,62,no_loose_png,Things/Pawn/Animal/Giantala,Giantala,1,2,3,,
209,Gigantelope,gigantelope,Beasts of the Rim (Continued),mlie.beastsoftherim,62,no_loose_png,Things/Pawn/Animal/Gigantelope,Gigantelope,1,2,3,,
210,Jerbal,jerbal,Beasts of the Rim (Continued),mlie.beastsoftherim,62,no_loose_png,Things/Pawn/Animal/Jerbal,Jerbal,1,2,3,,
211,Mandrill,mandrill,Beasts of the Rim (Continued),mlie.beastsoftherim,62,no_loose_png,Things/Pawn/Animal/Mandrill,Mandrill,1,2,3,,
212,MandrillMan,mandrill man,Beasts of the Rim (Continued),mlie.beastsoftherim,62,no_loose_png,Things/Pawn/Animal/MandrillMan,MandrillMan,1,2,3,,
213,Megasquid,megasquid,Beasts of the Rim (Continued),mlie.beastsoftherim,62,no_loose_png,Things/Pawn/Animal/Megasquid,Megasquid,1,2,3,,
214,Neanderthal,neanderthal,Beasts of the Rim (Continued),mlie.beastsoftherim,62,no_loose_png,Things/Pawn/Animal/Neanderthal,Neanderthal,1,2,3,,
216,Rabbuck,rabbuck,Beasts of the Rim (Continued),mlie.beastsoftherim,62,no_loose_png,Things/Pawn/Animal/Rabbuck,Rabbuck,1,2,3,,
217,Toraton,toraton,Beasts of the Rim (Continued),mlie.beastsoftherim,62,no_loose_png,Things/Pawn/Animal/Toraton,Toraton,1,2,3,,
218,Worm,worm,Beasts of the Rim (Continued),mlie.beastsoftherim,62,no_loose_png,Things/Pawn/Animal/Worm,Worm,1,2,3,,
219,Yippa,yippa,Beasts of the Rim (Continued),mlie.beastsoftherim,62,no_loose_png,Things/Pawn/Animal/Yippa,Yippa,1,2,3,,
220,Zarander,zarander,Beasts of the Rim (Continued),mlie.beastsoftherim,62,no_loose_png,Things/Pawn/Animal/Zarander,Zarander,1,2,3,,
221,Zebra,zebra,Beasts of the Rim (Continued),mlie.beastsoftherim,62,no_loose_png,Things/Pawn/Animal/Zebra,Zebra,1,2,3,,
223,,race-that-the-author-forgot-to-give-a-name,Big and Small - Framework,redmattis.betterprerequisites,16,no_defName,,,,,,,BS_DefaultHumanlike
224,,mech,Big and Small - Framework,redmattis.betterprerequisites,16,no_defName,,,,,,,BS_UrbMech_Base
225,BS_Centaur,centauroid,Big and Small - Framework,redmattis.betterprerequisites,16,no_pawnkind,,,,,,,
226,BS_HumanFouramed,Four Armed Human,Big and Small - Framework,redmattis.betterprerequisites,16,no_pawnkind,,,,,,,
227,BS_HumanoidWithTail,tailed humanoid,Big and Small - Framework,redmattis.betterprerequisites,16,no_pawnkind,,,,,,,
228,BS_HumanoidWithWings,winged humanoid,Big and Small - Framework,redmattis.betterprerequisites,16,no_pawnkind,,,,,,,
229,BS_JustAHead,disembodied head,Big and Small - Framework,redmattis.betterprerequisites,16,no_pawnkind,,,,,,,
230,BS_Marlith,six-armed snake-person,Big and Small - Framework,redmattis.betterprerequisites,16,no_pawnkind,,,,,,,
231,BS_Naga,snake-person,Big and Small - Framework,redmattis.betterprerequisites,16,no_pawnkind,,,,,,,
232,BS_SixArmedHuman,Six Armed Human,Big and Small - Framework,redmattis.betterprerequisites,16,no_pawnkind,,,,,,,
233,BS_SpiderPersonRace,spider-person,Big and Small - Framework,redmattis.betterprerequisites,16,no_pawnkind,,,,,,,
234,BS_GluttonRace,glutton,Big and Small - Genes & More,redmattis.bigsmall.core,526,no_pawnkind,,,,,,,
235,BS_InsectoidHumanoid_FourArmed,insect-like humanoid,Big and Small - Genes & More,redmattis.bigsmall.core,526,no_pawnkind,,,,,,,
326,,crab,Biomes! Core,biomesteam.biomescore,409,no_defName,,,,,,,BiomesCore_CrabThingBase
327,,,Biomes! Core,biomesteam.biomescore,409,no_defName,,,,,,,BiomesCore_FreshWaterAnimal
328,,,Biomes! Core,biomesteam.biomescore,409,no_defName,,,,,,,BiomesCore_SaltWaterAnimal
329,,,Biomes! Core,biomesteam.biomescore,409,no_defName,,,,,,,BiomesCore_WaterAnimal
372,,,Biotech,ludeon.rimworld.biotech,7,no_defName,,,,,,,HeavyMechanoid
373,,,Biotech,ludeon.rimworld.biotech,7,no_defName,,,,,,,LightMechanoid
374,,,Biotech,ludeon.rimworld.biotech,7,no_defName,,,,,,,SuperHeavyMechanoid
391,Toxalope,toxalope,Biotech,ludeon.rimworld.biotech,7,no_loose_png,Things/Pawn/Animal/Toxalope/Toxalope,Toxalope,1,2,3,,
392,WasteRat,waste rat,Biotech,ludeon.rimworld.biotech,7,no_loose_png,Things/Pawn/Animal/WasteRat/WasteRat,WasteRat,1,2,3,,
393,,,Caravan Adventures,iforgotmysocks.caravanadventures,88,no_defName,,,,,,,CABaseMechanoid
394,,,Caravan Adventures,iforgotmysocks.caravanadventures,88,no_defName,,,,,,,CABaseMechanoidWalker
400,CAMech_Scyther,summoned scyther,Caravan Adventures,iforgotmysocks.caravanadventures,88,no_loose_png,Things/Pawn/Mechanoid/Scyther,CAMech_Scyther,1,0,1,,
404,,,Core,ludeon.rimworld,4,no_defName,,,,,,,AnimalThingBase
405,,,Core,ludeon.rimworld,4,no_defName,,,,,,,BaseBear
406,,,Core,ludeon.rimworld,4,no_defName,,,,,,,BaseHare
407,,,Core,ludeon.rimworld,4,no_defName,,,,,,,BaseInsect
408,,,Core,ludeon.rimworld,4,no_defName,,,,,,,BaseMechanoid
409,,,Core,ludeon.rimworld,4,no_defName,,,,,,,BaseMechanoidWalker
410,,,Core,ludeon.rimworld,4,no_defName,,,,,,,BasePawn
411,,,Core,ludeon.rimworld,4,no_defName,,,,,,,BigBirdThingBase
412,,,Core,ludeon.rimworld,4,no_defName,,,,,,,BigCatThingBase
413,,,Core,ludeon.rimworld,4,no_defName,,,,,,,MechCentipede
414,,,Core,ludeon.rimworld,4,no_defName,,,,,,,ThingBaseFox
415,,,Core,ludeon.rimworld,4,no_defName,,,,,,,ThingBaseWolf
416,Alpaca,alpaca,Core,ludeon.rimworld,4,no_loose_png,Things/Pawn/Animal/Alpaca/Alpaca,Alpaca,1,2,3,,
418,Bear_Grizzly,grizzly bear,Core,ludeon.rimworld,4,no_loose_png,Things/Pawn/Animal/Bear/Bear,Bear_Grizzly,1,2,3,,
419,Bear_Polar,polar bear,Core,ludeon.rimworld,4,no_loose_png,Things/Pawn/Animal/Bear/Bear,Bear_Polar,1,2,3,,
420,Bison,bison,Core,ludeon.rimworld,4,no_loose_png,Things/Pawn/Animal/Bison/Bison,Bison,1,2,3,,
421,Boomalope,boomalope,Core,ludeon.rimworld,4,no_loose_png,Things/Pawn/Animal/Boomalope/Boomalope,Boomalope,1,2,3,,
422,Boomrat,boomrat,Core,ludeon.rimworld,4,no_loose_png,Things/Pawn/Animal/Boomrat/Boomrat,Boomrat,1,2,3,,
423,Capybara,capybara,Core,ludeon.rimworld,4,no_loose_png,Things/Pawn/Animal/Capybara/Capybara,Capybara,1,2,3,,
424,Caribou,caribou,Core,ludeon.rimworld,4,no_loose_png,Things/Pawn/Animal/Caribou/Caribou,Caribou,1,2,3,,
426,Cat,cat,Core,ludeon.rimworld,4,no_loose_png,Things/Pawn/Animal/Cat/Cat,Cat,1,2,3,,
427,Chicken,chicken,Core,ludeon.rimworld,4,no_loose_png,Things/Pawn/Animal/Chicken/Chicken,Chicken,1,2,3,,
428,Chinchilla,chinchilla,Core,ludeon.rimworld,4,no_loose_png,Things/Pawn/Animal/Chinchilla/Chinchilla,Chinchilla,1,2,3,,
430,Cougar,cougar,Core,ludeon.rimworld,4,no_loose_png,Things/Pawn/Animal/Cougar/Cougar,Cougar,1,2,3,,
431,Cow,cow,Core,ludeon.rimworld,4,no_loose_png,Things/Pawn/Animal/Cow/Bull,Cow,1,2,3,,
432,Deer,deer,Core,ludeon.rimworld,4,no_loose_png,Things/Pawn/Animal/Deer/DeerMale,Deer,1,2,3,,
433,Donkey,donkey,Core,ludeon.rimworld,4,no_loose_png,Things/Pawn/Animal/Donkey/Donkey,Donkey,1,2,3,,
434,Dromedary,dromedary,Core,ludeon.rimworld,4,no_loose_png,Things/Pawn/Animal/Dromedary/Dromedary,Dromedary,1,2,3,,
435,Duck,duck,Core,ludeon.rimworld,4,no_loose_png,Things/Pawn/Animal/Duck/DuckMale,Duck,1,2,3,,
436,Elephant,elephant,Core,ludeon.rimworld,4,no_loose_png,Things/Pawn/Animal/Elephant/Elephant,Elephant,1,2,3,,
437,Elk,elk,Core,ludeon.rimworld,4,no_loose_png,Things/Pawn/Animal/Elk/ElkMale,Elk,1,2,3,,
439,Fox_Arctic,arctic fox,Core,ludeon.rimworld,4,no_loose_png,Things/Pawn/Animal/Fox_Arctic/Fox_Arctic,Fox_Arctic,1,2,3,,
440,Fox_Fennec,fennec fox,Core,ludeon.rimworld,4,no_loose_png,Things/Pawn/Animal/Fox_Fennec/Fox_Fennec,Fox_Fennec,1,2,3,,
441,Fox_Red,red fox,Core,ludeon.rimworld,4,no_loose_png,Things/Pawn/Animal/Fox_Red/Fox_Red,Fox_Red,1,2,3,,
443,Goat,goat,Core,ludeon.rimworld,4,no_loose_png,Things/Pawn/Animal/Goat/GoatMale,Goat,1,2,3,,
444,Goose,goose,Core,ludeon.rimworld,4,no_loose_png,Things/Pawn/Animal/Goose/Goose,Goose,1,2,3,,
445,GuineaPig,guinea pig,Core,ludeon.rimworld,4,no_loose_png,Things/Pawn/Animal/GuineaPig/GuineaPig,GuineaPig,1,2,3,,
446,Hare,hare,Core,ludeon.rimworld,4,no_loose_png,Things/Pawn/Animal/Hare/Hare,Hare,1,2,3,,
447,Horse,horse,Core,ludeon.rimworld,4,no_loose_png,Things/Pawn/Animal/Horse/Horse,Horse,1,2,3,,
448,Human,human,Core,ludeon.rimworld,4,no_texPath,,,463,-1,0,,
449,Husky,husky,Core,ludeon.rimworld,4,no_loose_png,Things/Pawn/Animal/Husky/Husky,Husky,1,2,3,,
450,Ibex,ibex,Core,ludeon.rimworld,4,no_loose_png,Things/Pawn/Animal/Ibex/IbexMale,Ibex,1,2,3,,
451,Iguana,iguana,Core,ludeon.rimworld,4,no_loose_png,Things/Pawn/Animal/Iguana/Iguana,Iguana,1,2,3,,
452,LabradorRetriever,labrador retriever,Core,ludeon.rimworld,4,no_loose_png,Things/Pawn/Animal/Labrador/Labrador,LabradorRetriever,1,2,3,,
453,Lynx,lynx,Core,ludeon.rimworld,4,no_loose_png,Things/Pawn/Animal/Lynx/Lynx,Lynx,1,2,3,,
454,Mech_Lancer,lancer,Core,ludeon.rimworld,4,no_loose_png,Things/Pawn/Mechanoid/Lancer,Mech_Lancer,1,1,2,,
455,Mech_Pikeman,pikeman,Core,ludeon.rimworld,4,no_loose_png,Things/Pawn/Mechanoid/Pikeman,Mech_Pikeman,1,1,2,,
456,Mech_Scyther,scyther,Core,ludeon.rimworld,4,no_loose_png,Things/Pawn/Mechanoid/Scyther,Mech_Scyther,1,1,2,,
457,Mech_Termite,termite,Core,ludeon.rimworld,4,no_loose_png,Things/Pawn/Mechanoid/Termite,Mech_Termite_Breach,1,0,1,,
459,Megasloth,megasloth,Core,ludeon.rimworld,4,no_loose_png,Things/Pawn/Animal/Megasloth/Megasloth,Megasloth,1,2,3,,
461,Monkey,monkey,Core,ludeon.rimworld,4,no_loose_png,Things/Pawn/Animal/Monkey/Monkey,Monkey,1,2,3,,
462,Muffalo,muffalo,Core,ludeon.rimworld,4,no_loose_png,Things/Pawn/Animal/Muffalo/Muffalo,Muffalo,1,2,3,,
464,Pig,pig,Core,ludeon.rimworld,4,no_loose_png,Things/Pawn/Animal/Pig/Pig,Pig,1,2,3,,
465,Raccoon,raccoon,Core,ludeon.rimworld,4,no_loose_png,Things/Pawn/Animal/Raccoon/Raccoon,Raccoon,1,2,3,,
466,Rat,rat,Core,ludeon.rimworld,4,no_loose_png,Things/Pawn/Animal/Rat/Rat,Rat,1,2,3,,
467,Rhinoceros,rhinoceros,Core,ludeon.rimworld,4,no_loose_png,Things/Pawn/Animal/Rhino/Rhino,Rhinoceros,1,2,3,,
468,Sheep,sheep,Core,ludeon.rimworld,4,no_loose_png,Things/Pawn/Animal/Sheep/SheepMale,Sheep,1,2,3,,
469,Snowhare,snowhare,Core,ludeon.rimworld,4,no_loose_png,Things/Pawn/Animal/Hare/Hare,Snowhare,1,2,3,,
471,Squirrel,squirrel,Core,ludeon.rimworld,4,no_loose_png,Things/Pawn/Animal/Squirrel/Squirrel,Squirrel,1,2,3,,
472,Thrumbo,thrumbo,Core,ludeon.rimworld,4,no_loose_png,Things/Pawn/Animal/Thrumbo/Thrumbo,Thrumbo,1,2,3,,
474,Turkey,turkey,Core,ludeon.rimworld,4,no_loose_png,Things/Pawn/Animal/Turkey/TurkeyTom,Turkey,1,2,3,,
475,Warg,warg,Core,ludeon.rimworld,4,no_loose_png,Things/Pawn/Animal/Warg/Warg,Warg,1,2,3,,
476,WildBoar,wild boar,Core,ludeon.rimworld,4,no_loose_png,Things/Pawn/Animal/WildBoar/WildBoar,WildBoar,1,2,3,,
477,Wolf_Arctic,arctic wolf,Core,ludeon.rimworld,4,no_loose_png,Things/Pawn/Animal/Wolf_Arctic/Wolf_Arctic,Wolf_Arctic,1,2,3,,
478,Wolf_Timber,timber wolf,Core,ludeon.rimworld,4,no_loose_png,Things/Pawn/Animal/Wolf_Timber/Wolf_Timber,Wolf_Timber,1,2,3,,
479,Yak,yak,Core,ludeon.rimworld,4,no_loose_png,Things/Pawn/Animal/Yak/YakMale,Yak,1,2,3,,
481,,,Dark Ages : Beasts and Monsters,van.beasts,107,no_defName,,,,,,,DA_BaseTaraal
482,,,Dark Ages : Beasts and Monsters,van.beasts,107,no_defName,,,,,,,DA_OwlcatThingBase
519,,,Horrors (Continued),mlie.horrors,162,no_defName,,,,,,,AnimalThingBaseHorror
520,,,Horrors (Continued),mlie.horrors,162,no_defName,,,,,,,BaseHorror
521,BroodLord,brood lord,Horrors (Continued),mlie.horrors,162,no_loose_png,Things/Pawn/Animal/Bulwark/Bulwark,BroodLord,1,2,3,,
522,Bulwark,bulwark,Horrors (Continued),mlie.horrors,162,no_loose_png,Things/Pawn/Animal/Bulwark/Bulwark,Bulwark,1,2,3,,
523,Harvester,harvester,Horrors (Continued),mlie.horrors,162,no_loose_png,Things/Pawn/Animal/Harvester/Harvester,Harvester,1,2,3,,
524,Prowler,prowler,Horrors (Continued),mlie.horrors,162,no_loose_png,Things/Pawn/Animal/Prowler/Prowler,Prowler,1,2,3,,
525,Terrorworm,terrorworm,Horrors (Continued),mlie.horrors,162,no_loose_png,Things/Pawn/Animal/Terrorworm/TerrorWorm,Terrorworm,1,2,3,,
526,Visceral,visceral,Horrors (Continued),mlie.horrors,162,no_loose_png,Things/Pawn/Animal/Visceral/Visceral,Visceral,1,2,3,,
527,,,Ideology,ludeon.rimworld.ideology,6,no_defName,,,,,,,DryadBase
528,Dryad_Barkskin,barkskin dryad,Ideology,ludeon.rimworld.ideology,6,no_loose_png,Things/Pawn/Animal/Dryad_Barkskin/Dryad_Barkskin,Dryad_Barkskin,1,0,1,,
529,Dryad_Basic,immature dryad,Ideology,ludeon.rimworld.ideology,6,no_loose_png,Things/Pawn/Animal/Dryad_Basic/Dryad_Basic,Dryad_Basic,1,0,1,,
530,Dryad_Berrymaker,berrymaker dryad,Ideology,ludeon.rimworld.ideology,6,no_loose_png,Things/Pawn/Animal/Dryad_Berrymaker/DryadBerrymaker,Dryad_Berrymaker,1,0,1,,
531,Dryad_Carrier,carrier dryad,Ideology,ludeon.rimworld.ideology,6,no_loose_png,Things/Pawn/Animal/Dryad_Carrier/DryadCarrier,Dryad_Carrier,1,0,1,,
532,Dryad_Clawer,clawer dryad,Ideology,ludeon.rimworld.ideology,6,no_loose_png,Things/Pawn/Animal/Dryad_Clawer/Dryad_Clawer,Dryad_Clawer,1,0,1,,
533,Dryad_Gaumaker,gaumaker dryad,Ideology,ludeon.rimworld.ideology,6,no_loose_png,Things/Pawn/Animal/Dryad_Gaumaker/DryadGaumaker,Dryad_Gaumaker,1,0,1,,
534,Dryad_Medicinemaker,medicinemaker dryad,Ideology,ludeon.rimworld.ideology,6,no_loose_png,Things/Pawn/Animal/Dryad_Medicinemaker/DryadMedicinemaker,Dryad_Medicinemaker,1,0,1,,
535,Dryad_Woodmaker,woodmaker dryad,Ideology,ludeon.rimworld.ideology,6,no_loose_png,Things/Pawn/Animal/Dryad_Woodmaker/DryadWoodmaker,Dryad_Woodmaker,1,0,1,,
542,JRWAbrictosaurus,Abrictosaurus,Jurassic Rimworld - Dinosaurs Only (Continued),mlie.jurassicrimworlddinosaursonly,180,no_loose_png,Things/Pawn/Animal/Abrictosaurus,JRWAbrictosaurus,1,2,3,,
543,JRWAcrocanthosaurus,Acrocanthosaurus,Jurassic Rimworld - Dinosaurs Only (Continued),mlie.jurassicrimworlddinosaursonly,180,no_loose_png,Things/Pawn/Animal/Acrocanthosaurus,JRWAcrocanthosaurus,1,2,3,,
544,JRWAdalia,Adalia,Jurassic Rimworld - Dinosaurs Only (Continued),mlie.jurassicrimworlddinosaursonly,180,no_loose_png,Things/Pawn/Animal/Adalia,JRWAdalia,1,2,3,,
545,JRWAgilisaurus,Agilisaurus,Jurassic Rimworld - Dinosaurs Only (Continued),mlie.jurassicrimworlddinosaursonly,180,no_loose_png,Things/Pawn/Animal/Agilisaurus,JRWAgilisaurus,1,2,3,,
546,JRWAlbertosaurus,Albertosaurus,Jurassic Rimworld - Dinosaurs Only (Continued),mlie.jurassicrimworlddinosaursonly,180,no_loose_png,Things/Pawn/Animal/Albertosaurus,JRWAlbertosaurus,1,2,3,,
547,JRWAllosaurus,Allosaurus,Jurassic Rimworld - Dinosaurs Only (Continued),mlie.jurassicrimworlddinosaursonly,180,no_loose_png,Things/Pawn/Animal/Allosaurus,JRWAllosaurus,1,2,3,,
548,JRWAnkylosaurus,Ankylosaurus,Jurassic Rimworld - Dinosaurs Only (Continued),mlie.jurassicrimworlddinosaursonly,180,no_loose_png,Things/Pawn/Animal/Ankylosaurus,JRWAnkylosaurus,1,2,3,,
549,JRWAntarctopelta,Antarctopelta,Jurassic Rimworld - Dinosaurs Only (Continued),mlie.jurassicrimworlddinosaursonly,180,no_loose_png,Things/Pawn/Animal/Antarctopelta,JRWAntarctopelta,1,2,3,,
550,JRWApatosaurus,Apatosaurus,Jurassic Rimworld - Dinosaurs Only (Continued),mlie.jurassicrimworlddinosaursonly,180,no_loose_png,Things/Pawn/Animal/Apatosaurus,JRWApatosaurus,1,2,3,,
551,JRWArchaeopteryx,Archaeopteryx,Jurassic Rimworld - Dinosaurs Only (Continued),mlie.jurassicrimworlddinosaursonly,180,no_loose_png,Things/Pawn/Animal/Archaeopteryx,JRWArchaeopteryx,1,2,3,,
552,JRWArgentinosaurus,Argentinosaurus,Jurassic Rimworld - Dinosaurs Only (Continued),mlie.jurassicrimworlddinosaursonly,180,no_loose_png,Things/Pawn/Animal/Argentinosaurus,JRWArgentinosaurus,1,2,3,,
553,JRWArthropleura,Arthropleura,Jurassic Rimworld - Dinosaurs Only (Continued),mlie.jurassicrimworlddinosaursonly,180,no_loose_png,Things/Pawn/Animal/Arthropleura,JRWArthropleura,1,2,3,,
554,JRWBagaceratops,Bagaceratops,Jurassic Rimworld - Dinosaurs Only (Continued),mlie.jurassicrimworlddinosaursonly,180,no_loose_png,Things/Pawn/Animal/Bagaceratops,JRWBagaceratops,1,2,3,,
555,JRWBaryonyx,Baryonyx,Jurassic Rimworld - Dinosaurs Only (Continued),mlie.jurassicrimworlddinosaursonly,180,no_loose_png,Things/Pawn/Animal/Baryonyx,JRWBaryonyx,1,2,3,,
556,JRWBaseopsis,Baseopsis,Jurassic Rimworld - Dinosaurs Only (Continued),mlie.jurassicrimworlddinosaursonly,180,no_loose_png,Things/Pawn/Animal/Baseopsis,JRWBaseopsis,1,2,3,,
557,JRWBecklespinax,Becklespinax,Jurassic Rimworld - Dinosaurs Only (Continued),mlie.jurassicrimworlddinosaursonly,180,no_loose_png,Things/Pawn/Animal/Becklespinax,JRWBecklespinax,1,2,3,,
558,JRWBeelzebufo,Beelzebufo,Jurassic Rimworld - Dinosaurs Only (Continued),mlie.jurassicrimworlddinosaursonly,180,no_loose_png,Things/Pawn/Animal/Beelzebufo,JRWBeelzebufo,1,2,3,,
559,JRWBernicia,Bernicia,Jurassic Rimworld - Dinosaurs Only (Continued),mlie.jurassicrimworlddinosaursonly,180,no_loose_png,Things/Pawn/Animal/Bernicia,JRWBernicia,1,2,3,,
560,JRWBrachiosaurus,Brachiosaurus,Jurassic Rimworld - Dinosaurs Only (Continued),mlie.jurassicrimworlddinosaursonly,180,no_loose_png,Things/Pawn/Animal/Brachiosaurus,JRWBrachiosaurus,1,2,3,,
561,JRWBrachytrachelopan,Brachytrachelopan,Jurassic Rimworld - Dinosaurs Only (Continued),mlie.jurassicrimworlddinosaursonly,180,no_loose_png,Things/Pawn/Animal/Brachytrachelopan,JRWBrachytrachelopan,1,2,3,,
562,JRWCaihong,Caihong,Jurassic Rimworld - Dinosaurs Only (Continued),mlie.jurassicrimworlddinosaursonly,180,no_loose_png,Things/Pawn/Animal/Caihong,JRWCaihong,1,2,3,,
563,JRWCamarasaurus,Camarasaurus,Jurassic Rimworld - Dinosaurs Only (Continued),mlie.jurassicrimworlddinosaursonly,180,no_loose_png,Things/Pawn/Animal/Camarasaurus,JRWCamarasaurus,1,2,3,,
564,JRWCamptosaurus,Camptosaurus,Jurassic Rimworld - Dinosaurs Only (Continued),mlie.jurassicrimworlddinosaursonly,180,no_loose_png,Things/Pawn/Animal/Camptosaurus,JRWCamptosaurus,1,2,3,,
565,JRWCarcharodontosaurus,Carcharodontosaurus,Jurassic Rimworld - Dinosaurs Only (Continued),mlie.jurassicrimworlddinosaursonly,180,no_loose_png,Things/Pawn/Animal/Carcharodontosaurus,JRWCarcharodontosaurus,1,2,3,,
566,JRWCarnotaurus,Carnotaurus,Jurassic Rimworld - Dinosaurs Only (Continued),mlie.jurassicrimworlddinosaursonly,180,no_loose_png,Things/Pawn/Animal/Carnotaurus,JRWCarnotaurus,1,2,3,,
567,JRWCeratosaurus,Ceratosaurus,Jurassic Rimworld - Dinosaurs Only (Continued),mlie.jurassicrimworlddinosaursonly,180,no_loose_png,Things/Pawn/Animal/Ceratosaurus,JRWCeratosaurus,1,2,3,,
568,JRWCoahuilaceratops,Coahuilaceratops,Jurassic Rimworld - Dinosaurs Only (Continued),mlie.jurassicrimworlddinosaursonly,180,no_loose_png,Things/Pawn/Animal/Coahuilaceratops,JRWCoahuilaceratops,1,2,3,,
569,JRWCoelophysis,Coelophysis,Jurassic Rimworld - Dinosaurs Only (Continued),mlie.jurassicrimworlddinosaursonly,180,no_loose_png,Things/Pawn/Animal/Coelophysis,JRWCoelophysis,1,2,3,,
570,JRWCompsognathus,Compsognathus,Jurassic Rimworld - Dinosaurs Only (Continued),mlie.jurassicrimworlddinosaursonly,180,no_loose_png,Things/Pawn/Animal/Compsognathus,JRWCompsognathus,1,2,3,,
571,JRWCorythosaurus,Corythosaurus,Jurassic Rimworld - Dinosaurs Only (Continued),mlie.jurassicrimworlddinosaursonly,180,no_loose_png,Things/Pawn/Animal/Corythosaurus,JRWCorythosaurus,1,2,3,,
572,JRWCryolophosaurus,Cryolophosaurus,Jurassic Rimworld - Dinosaurs Only (Continued),mlie.jurassicrimworlddinosaursonly,180,no_loose_png,Things/Pawn/Animal/Cryolophosaurus,JRWCryolophosaurus,1,2,3,,
573,JRWCyclosphaeroma,Cyclosphaeroma,Jurassic Rimworld - Dinosaurs Only (Continued),mlie.jurassicrimworlddinosaursonly,180,no_loose_png,Things/Pawn/Animal/Cyclosphaeroma,JRWCyclosphaeroma,1,2,3,,
574,JRWDeinonychus,Deinonychus,Jurassic Rimworld - Dinosaurs Only (Continued),mlie.jurassicrimworlddinosaursonly,180,no_loose_png,Things/Pawn/Animal/Deinonychus,JRWDeinonychus,1,2,3,,
575,JRWDeinosuchus,Deinosuchus,Jurassic Rimworld - Dinosaurs Only (Continued),mlie.jurassicrimworlddinosaursonly,180,no_loose_png,Things/Pawn/Animal/Deinosuchus,JRWDeinosuchus,1,2,3,,
576,JRWDesmatosuchus,Desmatosuchus,Jurassic Rimworld - Dinosaurs Only (Continued),mlie.jurassicrimworlddinosaursonly,180,no_loose_png,Things/Pawn/Animal/Desmatosuchus,JRWDesmatosuchus,1,2,3,,
577,JRWDilophosaurus,Dilophosaurus,Jurassic Rimworld - Dinosaurs Only (Continued),mlie.jurassicrimworlddinosaursonly,180,no_loose_png,Things/Pawn/Animal/Dilophosaurus,JRWDilophosaurus,1,2,3,,
578,JRWDimetrodon,Dimetrodon,Jurassic Rimworld - Dinosaurs Only (Continued),mlie.jurassicrimworlddinosaursonly,180,no_loose_png,Things/Pawn/Animal/Dimetrodon,JRWDimetrodon,1,2,3,,
579,JRWDinilysia,dinilysia,Jurassic Rimworld - Dinosaurs Only (Continued),mlie.jurassicrimworlddinosaursonly,180,no_loose_png,Things/Pawn/Animal/Dinilysia,JRWDinilysia,1,2,3,,
580,JRWDiplocaulus,Diplocaulus,Jurassic Rimworld - Dinosaurs Only (Continued),mlie.jurassicrimworlddinosaursonly,180,no_loose_png,Things/Pawn/Animal/Diplocaulus,JRWDiplocaulus,1,2,3,,
581,JRWDracorex,Dracorex,Jurassic Rimworld - Dinosaurs Only (Continued),mlie.jurassicrimworlddinosaursonly,180,no_loose_png,Things/Pawn/Animal/Dracorex,JRWDracorex,1,2,3,,
582,JRWDrinker,Drinker,Jurassic Rimworld - Dinosaurs Only (Continued),mlie.jurassicrimworlddinosaursonly,180,no_loose_png,Things/Pawn/Animal/Drinker,JRWDrinker,1,2,3,,
583,JRWDromaeosaurus,Dromaeosaurus,Jurassic Rimworld - Dinosaurs Only (Continued),mlie.jurassicrimworlddinosaursonly,180,no_loose_png,Things/Pawn/Animal/Dromaeosaurus,JRWDromaeosaurus,1,2,3,,
584,JRWDryosaurus,Dryosaurus,Jurassic Rimworld - Dinosaurs Only (Continued),mlie.jurassicrimworlddinosaursonly,180,no_loose_png,Things/Pawn/Animal/Dryosaurus,JRWDryosaurus,1,2,3,,
585,JRWEdaphosaurus,Edaphosaurus,Jurassic Rimworld - Dinosaurs Only (Continued),mlie.jurassicrimworlddinosaursonly,180,no_loose_png,Things/Pawn/Animal/Edaphosaurus,JRWEdaphosaurus,1,2,3,,
586,JRWEdmontosaurus,Edmontosaurus,Jurassic Rimworld - Dinosaurs Only (Continued),mlie.jurassicrimworlddinosaursonly,180,no_loose_png,Things/Pawn/Animal/Edmontosaurus,JRWEdmontosaurus,1,2,3,,
587,JRWEnigmosaurus,Enigmosaurus,Jurassic Rimworld - Dinosaurs Only (Continued),mlie.jurassicrimworlddinosaursonly,180,no_loose_png,Things/Pawn/Animal/Enigmosaurus,JRWEnigmosaurus,1,2,3,,
588,JRWEstemmenosuchus,Estemmenosuchus,Jurassic Rimworld - Dinosaurs Only (Continued),mlie.jurassicrimworlddinosaursonly,180,no_loose_png,Things/Pawn/Animal/Estemmenosuchus,JRWEstemmenosuchus,1,2,3,,
589,JRWEuoplocephalus,Euoplocephalus,Jurassic Rimworld - Dinosaurs Only (Continued),mlie.jurassicrimworlddinosaursonly,180,no_loose_png,Things/Pawn/Animal/Euoplocephalus,JRWEuoplocephalus,1,2,3,,
590,JRWEuphoberia,Euphoberia,Jurassic Rimworld - Dinosaurs Only (Continued),mlie.jurassicrimworlddinosaursonly,180,no_loose_png,Things/Pawn/Animal/Euphoberia,JRWEuphoberia,1,2,3,,
591,JRWGallimimus,Gallimimus,Jurassic Rimworld - Dinosaurs Only (Continued),mlie.jurassicrimworlddinosaursonly,180,no_loose_png,Things/Pawn/Animal/Gallimimus,JRWGallimimus,1,2,3,,
592,JRWGasosaurus,Gasosaurus,Jurassic Rimworld - Dinosaurs Only (Continued),mlie.jurassicrimworlddinosaursonly,180,no_loose_png,Things/Pawn/Animal/Gasosaurus,JRWGasosaurus,1,2,3,,
593,JRWGeosternbergia,Geosternbergia,Jurassic Rimworld - Dinosaurs Only (Continued),mlie.jurassicrimworlddinosaursonly,180,no_loose_png,Things/Pawn/Animal/Geosternbergia,JRWGeosternbergia,1,2,3,,
594,JRWGeralinura,Geralinura,Jurassic Rimworld - Dinosaurs Only (Continued),mlie.jurassicrimworlddinosaursonly,180,no_loose_png,Things/Pawn/Animal/Geralinura,JRWGeralinura,1,2,3,,
595,JRWGiganotosaurus,Giganotosaurus,Jurassic Rimworld - Dinosaurs Only (Continued),mlie.jurassicrimworlddinosaursonly,180,no_loose_png,Things/Pawn/Animal/Giganotosaurus,JRWGiganotosaurus,1,2,3,,
596,JRWGigantophis,gigantophis,Jurassic Rimworld - Dinosaurs Only (Continued),mlie.jurassicrimworlddinosaursonly,180,no_loose_png,Things/Pawn/Animal/Gigantophis,JRWGigantophis,1,2,3,,
597,JRWGorgonops,Gorgonops,Jurassic Rimworld - Dinosaurs Only (Continued),mlie.jurassicrimworlddinosaursonly,180,no_loose_png,Things/Pawn/Animal/Gorgonops,JRWGorgonops,1,2,3,,
598,JRWHalszkaraptor,Halszkaraptor,Jurassic Rimworld - Dinosaurs Only (Continued),mlie.jurassicrimworlddinosaursonly,180,no_loose_png,Things/Pawn/Animal/Halszkaraptor,JRWHalszkaraptor,1,2,3,,
599,JRWHolcorobeus,Holcorobeus,Jurassic Rimworld - Dinosaurs Only (Continued),mlie.jurassicrimworlddinosaursonly,180,no_loose_png,Things/Pawn/Animal/Holcorobeus,JRWHolcorobeus,1,2,3,,
600,JRWHomalocephale,Homalocephale,Jurassic Rimworld - Dinosaurs Only (Continued),mlie.jurassicrimworlddinosaursonly,180,no_loose_png,Things/Pawn/Animal/Homalocephale,JRWHomalocephale,1,2,3,,
601,JRWHylonomus,Hylonomus,Jurassic Rimworld - Dinosaurs Only (Continued),mlie.jurassicrimworlddinosaursonly,180,no_loose_png,Things/Pawn/Animal/Hylonomus,JRWHylonomus,1,2,3,,
602,JRWHynerpeton,Hynerpeton,Jurassic Rimworld - Dinosaurs Only (Continued),mlie.jurassicrimworlddinosaursonly,180,no_loose_png,Things/Pawn/Animal/Hynerpeton,JRWHynerpeton,1,2,3,,
603,JRWHypsilophodon,Hypsilophodon,Jurassic Rimworld - Dinosaurs Only (Continued),mlie.jurassicrimworlddinosaursonly,180,no_loose_png,Things/Pawn/Animal/Hypsilophodon,JRWHypsilophodon,1,2,3,,
604,JRWIndominus,Indominus rex,Jurassic Rimworld - Dinosaurs Only (Continued),mlie.jurassicrimworlddinosaursonly,180,no_loose_png,Things/Pawn/Animal/Hybrid/Indominus,JRWIndominus,1,2,3,,
605,JRWIndoraptor,Indoraptor,Jurassic Rimworld - Dinosaurs Only (Continued),mlie.jurassicrimworlddinosaursonly,180,no_loose_png,Things/Pawn/Animal/Hybrid/Indoraptor,JRWIndoraptor,1,2,3,,
606,JRWIschigualastia,Ischigualastia,Jurassic Rimworld - Dinosaurs Only (Continued),mlie.jurassicrimworlddinosaursonly,180,no_loose_png,Things/Pawn/Animal/Ischigualastia,JRWIschigualastia,1,2,3,,
607,JRWKaprosuchus,Kaprosuchus,Jurassic Rimworld - Dinosaurs Only (Continued),mlie.jurassicrimworlddinosaursonly,180,no_loose_png,Things/Pawn/Animal/Kaprosuchus,JRWKaprosuchus,1,2,3,,
608,JRWKentrosaurus,Kentrosaurus,Jurassic Rimworld - Dinosaurs Only (Continued),mlie.jurassicrimworlddinosaursonly,180,no_loose_png,Things/Pawn/Animal/Kentrosaurus,JRWKentrosaurus,1,2,3,,
609,JRWKileskus,Kileskus,Jurassic Rimworld - Dinosaurs Only (Continued),mlie.jurassicrimworlddinosaursonly,180,no_loose_png,Things/Pawn/Animal/Kileskus,JRWKileskus,1,2,3,,
610,JRWKosmoceratops,Kosmoceratops,Jurassic Rimworld - Dinosaurs Only (Continued),mlie.jurassicrimworlddinosaursonly,180,no_loose_png,Things/Pawn/Animal/Kosmoceratops,JRWKosmoceratops,1,2,3,,
611,JRWLycaenops,Lycaenops,Jurassic Rimworld - Dinosaurs Only (Continued),mlie.jurassicrimworlddinosaursonly,180,no_loose_png,Things/Pawn/Animal/Lycaenops,JRWLycaenops,1,2,3,,
612,JRWMacrelcana,Macrelcana,Jurassic Rimworld - Dinosaurs Only (Continued),mlie.jurassicrimworlddinosaursonly,180,no_loose_png,Things/Pawn/Animal/Macrelcana,JRWMacrelcana,1,2,3,,
613,JRWManipulator,Manipulator,Jurassic Rimworld - Dinosaurs Only (Continued),mlie.jurassicrimworlddinosaursonly,180,no_loose_png,Things/Pawn/Animal/Manipulator,JRWManipulator,1,2,3,,
614,JRWMeganeura,Meganeura,Jurassic Rimworld - Dinosaurs Only (Continued),mlie.jurassicrimworlddinosaursonly,180,no_loose_png,Things/Pawn/Animal/Meganeura,JRWMeganeura,1,2,3,,
615,JRWMetriacanthosaurus,Metriacanthosaurus,Jurassic Rimworld - Dinosaurs Only (Continued),mlie.jurassicrimworlddinosaursonly,180,no_loose_png,Things/Pawn/Animal/Metriacanthosaurus,JRWMetriacanthosaurus,1,2,3,,
616,JRWMicroceratus,Microceratus,Jurassic Rimworld - Dinosaurs Only (Continued),mlie.jurassicrimworlddinosaursonly,180,no_loose_png,Things/Pawn/Animal/Microceratus,JRWMicroceratus,1,2,3,,
617,JRWMochlodon,Mochlodon,Jurassic Rimworld - Dinosaurs Only (Continued),mlie.jurassicrimworlddinosaursonly,180,no_loose_png,Things/Pawn/Animal/Mochlodon,JRWMochlodon,1,2,3,,
618,JRWNanuqsaurus,Nanuqsaurus,Jurassic Rimworld - Dinosaurs Only (Continued),mlie.jurassicrimworlddinosaursonly,180,no_loose_png,Things/Pawn/Animal/Nanuqsaurus,JRWNanuqsaurus,1,2,3,,
619,JRWNasutoceratops,Nasutoceratops,Jurassic Rimworld - Dinosaurs Only (Continued),mlie.jurassicrimworlddinosaursonly,180,no_loose_png,Things/Pawn/Animal/Nasutoceratops,JRWNasutoceratops,1,2,3,,
620,JRWNyctosaurus,Nyctosaurus,Jurassic Rimworld - Dinosaurs Only (Continued),mlie.jurassicrimworlddinosaursonly,180,no_loose_png,Things/Pawn/Animal/Nyctosaurus,JRWNyctosaurus,1,2,3,,
621,JRWOphiacodon,Ophiacodon,Jurassic Rimworld - Dinosaurs Only (Continued),mlie.jurassicrimworlddinosaursonly,180,no_loose_png,Things/Pawn/Animal/Ophiacodon,JRWOphiacodon,1,2,3,,
622,JRWOrnithosuchus,Ornithosuchus,Jurassic Rimworld - Dinosaurs Only (Continued),mlie.jurassicrimworlddinosaursonly,180,no_loose_png,Things/Pawn/Animal/Ornithosuchus,JRWOrnithosuchus,1,2,3,,
623,JRWOuranosaurus,Ouranosaurus,Jurassic Rimworld - Dinosaurs Only (Continued),mlie.jurassicrimworlddinosaursonly,180,no_loose_png,Things/Pawn/Animal/Ouranosaurus,JRWOuranosaurus,1,2,3,,
624,JRWOviraptor,Oviraptor,Jurassic Rimworld - Dinosaurs Only (Continued),mlie.jurassicrimworlddinosaursonly,180,no_loose_png,Things/Pawn/Animal/Oviraptor,JRWOviraptor,1,2,3,,
625,JRWPachycephalosaurus,Pachycephalosaurus,Jurassic Rimworld - Dinosaurs Only (Continued),mlie.jurassicrimworlddinosaursonly,180,no_loose_png,Things/Pawn/Animal/Pachycephalosaurus,JRWPachycephalosaurus,1,2,3,,
626,JRWPachyrhinosaurus,Pachyrhinosaurus,Jurassic Rimworld - Dinosaurs Only (Continued),mlie.jurassicrimworlddinosaursonly,180,no_loose_png,Things/Pawn/Animal/Pachyrhinosaurus,JRWPachyrhinosaurus,1,2,3,,
627,JRWParasaurolophus,Parasaurolophus,Jurassic Rimworld - Dinosaurs Only (Continued),mlie.jurassicrimworlddinosaursonly,180,no_loose_png,Things/Pawn/Animal/Parasaurolophus,JRWParasaurolophus,1,2,3,,
628,JRWParksosaurus,Parksosaurus,Jurassic Rimworld - Dinosaurs Only (Continued),mlie.jurassicrimworlddinosaursonly,180,no_loose_png,Things/Pawn/Animal/Parksosaurus,JRWParksosaurus,1,2,3,,
629,JRWPlatyhystrix,Platyhystrix,Jurassic Rimworld - Dinosaurs Only (Continued),mlie.jurassicrimworlddinosaursonly,180,no_loose_png,Things/Pawn/Animal/Platyhystrix,JRWPlatyhystrix,1,2,3,,
630,JRWPrestosuchus,Prestosuchus,Jurassic Rimworld - Dinosaurs Only (Continued),mlie.jurassicrimworlddinosaursonly,180,no_loose_png,Things/Pawn/Animal/Prestosuchus,JRWPrestosuchus,1,2,3,,
631,JRWProtoceratops,Protoceratops,Jurassic Rimworld - Dinosaurs Only (Continued),mlie.jurassicrimworlddinosaursonly,180,no_loose_png,Things/Pawn/Animal/Protoceratops,JRWProtoceratops,1,2,3,,
632,JRWProtosolpuga,Protosolpuga,Jurassic Rimworld - Dinosaurs Only (Continued),mlie.jurassicrimworlddinosaursonly,180,no_loose_png,Things/Pawn/Animal/Protosolpuga,JRWProtosolpuga,1,2,3,,
633,JRWProtovermes,Protovermes,Jurassic Rimworld - Dinosaurs Only (Continued),mlie.jurassicrimworlddinosaursonly,180,no_loose_png,Things/Pawn/Animal/Protovermes,JRWProtovermes,1,2,3,,
634,JRWPsittacosaurus,Psittacosaurus,Jurassic Rimworld - Dinosaurs Only (Continued),mlie.jurassicrimworlddinosaursonly,180,no_loose_png,Things/Pawn/Animal/Psittacosaurus,JRWPsittacosaurus,1,2,3,,
635,JRWPteranodon,Pteranodon,Jurassic Rimworld - Dinosaurs Only (Continued),mlie.jurassicrimworlddinosaursonly,180,no_loose_png,Things/Pawn/Animal/Pteranodon,JRWPteranodon,1,2,3,,
636,JRWPulmonoscorpius,Pulmonoscorpius,Jurassic Rimworld - Dinosaurs Only (Continued),mlie.jurassicrimworlddinosaursonly,180,no_loose_png,Things/Pawn/Animal/Pulmonoscorpius,JRWPulmonoscorpius,1,2,3,,
637,JRWQantassaurus,Qantassaurus,Jurassic Rimworld - Dinosaurs Only (Continued),mlie.jurassicrimworlddinosaursonly,180,no_loose_png,Things/Pawn/Animal/Qantassaurus,JRWQantassaurus,1,2,3,,
638,JRWQuetzalcoatlus,Quetzalcoatlus,Jurassic Rimworld - Dinosaurs Only (Continued),mlie.jurassicrimworlddinosaursonly,180,no_loose_png,Things/Pawn/Animal/Quetzalcoatlus,JRWQuetzalcoatlus,1,2,3,,
639,JRWRajasaurus,Rajasaurus,Jurassic Rimworld - Dinosaurs Only (Continued),mlie.jurassicrimworlddinosaursonly,180,no_loose_png,Things/Pawn/Animal/Rajasaurus,JRWRajasaurus,1,2,3,,
640,JRWRhabdodon,Rhabdodon,Jurassic Rimworld - Dinosaurs Only (Continued),mlie.jurassicrimworlddinosaursonly,180,no_loose_png,Things/Pawn/Animal/Rhabdodon,JRWRhabdodon,1,2,3,,
641,JRWRhamphorhynchus,Rhamphorhynchus,Jurassic Rimworld - Dinosaurs Only (Continued),mlie.jurassicrimworlddinosaursonly,180,no_loose_png,Things/Pawn/Animal/Rhamphorhynchus,JRWRhamphorhynchus,1,2,3,,
642,JRWSaltasaurus,Saltasaurus,Jurassic Rimworld - Dinosaurs Only (Continued),mlie.jurassicrimworlddinosaursonly,180,no_loose_png,Things/Pawn/Animal/Saltasaurus,JRWSaltasaurus,1,2,3,,
643,JRWSarcosuchus,Sarcosuchus,Jurassic Rimworld - Dinosaurs Only (Continued),mlie.jurassicrimworlddinosaursonly,180,no_loose_png,Things/Pawn/Animal/Sarcosuchus,JRWSarcosuchus,1,2,3,,
644,JRWScutosaurus,Scutosaurus,Jurassic Rimworld - Dinosaurs Only (Continued),mlie.jurassicrimworlddinosaursonly,180,no_loose_png,Things/Pawn/Animal/Scutosaurus,JRWScutosaurus,1,2,3,,
645,JRWSegnosaurus,Segnosaurus,Jurassic Rimworld - Dinosaurs Only (Continued),mlie.jurassicrimworlddinosaursonly,180,no_loose_png,Things/Pawn/Animal/Segnosaurus,JRWSegnosaurus,1,2,3,,
646,JRWSpinosaurus,Spinosaurus,Jurassic Rimworld - Dinosaurs Only (Continued),mlie.jurassicrimworlddinosaursonly,180,no_loose_png,Things/Pawn/Animal/Spinosaurus,JRWSpinosaurus,1,2,3,,
647,JRWStaurikosaurus,Staurikosaurus,Jurassic Rimworld - Dinosaurs Only (Continued),mlie.jurassicrimworlddinosaursonly,180,no_loose_png,Things/Pawn/Animal/Staurikosaurus,JRWStaurikosaurus,1,2,3,,
648,JRWStegosaurus,Stegosaurus,Jurassic Rimworld - Dinosaurs Only (Continued),mlie.jurassicrimworlddinosaursonly,180,no_loose_png,Things/Pawn/Animal/Stegosaurus,JRWStegosaurus,1,2,3,,
649,JRWStygimoloch,Stygimoloch,Jurassic Rimworld - Dinosaurs Only (Continued),mlie.jurassicrimworlddinosaursonly,180,no_loose_png,Things/Pawn/Animal/Stygimoloch,JRWStygimoloch,1,2,3,,
650,JRWStyracosaurus,Styracosaurus,Jurassic Rimworld - Dinosaurs Only (Continued),mlie.jurassicrimworlddinosaursonly,180,no_loose_png,Things/Pawn/Animal/Styracosaurus,JRWStyracosaurus,1,2,3,,
651,JRWSuchomimus,Suchomimus,Jurassic Rimworld - Dinosaurs Only (Continued),mlie.jurassicrimworlddinosaursonly,180,no_loose_png,Things/Pawn/Animal/Suchomimus,JRWSuchomimus,1,2,3,,
652,JRWSupersaurus,Supersaurus,Jurassic Rimworld - Dinosaurs Only (Continued),mlie.jurassicrimworlddinosaursonly,180,no_loose_png,Things/Pawn/Animal/Supersaurus,JRWSupersaurus,1,2,3,,
653,JRWTanystropheus,Tanystropheus,Jurassic Rimworld - Dinosaurs Only (Continued),mlie.jurassicrimworlddinosaursonly,180,no_loose_png,Things/Pawn/Animal/Tanystropheus,JRWTanystropheus,1,2,3,,
654,JRWTenontosaurus,Tenontosaurus,Jurassic Rimworld - Dinosaurs Only (Continued),mlie.jurassicrimworlddinosaursonly,180,no_loose_png,Things/Pawn/Animal/Tenontosaurus,JRWTenontosaurus,1,2,3,,
655,JRWTermitotron,Termitotron,Jurassic Rimworld - Dinosaurs Only (Continued),mlie.jurassicrimworlddinosaursonly,180,no_loose_png,Things/Pawn/Animal/Termitotron,JRWTermitotron,1,2,3,,
656,JRWTherizinosaurus,Therizinosaurus,Jurassic Rimworld - Dinosaurs Only (Continued),mlie.jurassicrimworlddinosaursonly,180,no_loose_png,Things/Pawn/Animal/Therizinosaurus,JRWTherizinosaurus,1,2,3,,
657,JRWTitanoboa,titanoboa,Jurassic Rimworld - Dinosaurs Only (Continued),mlie.jurassicrimworlddinosaursonly,180,no_loose_png,Things/Pawn/Animal/Titanoboa,JRWTitanoboa,1,2,3,,
658,JRWTorosaurus,Torosaurus,Jurassic Rimworld - Dinosaurs Only (Continued),mlie.jurassicrimworlddinosaursonly,180,no_loose_png,Things/Pawn/Animal/Torosaurus,JRWTorosaurus,1,2,3,,
659,JRWTriceratops,Triceratops,Jurassic Rimworld - Dinosaurs Only (Continued),mlie.jurassicrimworlddinosaursonly,180,no_loose_png,Things/Pawn/Animal/Triceratops,JRWTriceratops,1,2,3,,
660,JRWTroodon,Troodon,Jurassic Rimworld - Dinosaurs Only (Continued),mlie.jurassicrimworlddinosaursonly,180,no_loose_png,Things/Pawn/Animal/Troodon,JRWTroodon,1,2,3,,
661,JRWTupandactylus,Tupandactylus,Jurassic Rimworld - Dinosaurs Only (Continued),mlie.jurassicrimworlddinosaursonly,180,no_loose_png,Things/Pawn/Animal/Tupandactylus,JRWTupandactylus,1,2,3,,
662,JRWTyrannosaurus,Tyrannosaurus rex,Jurassic Rimworld - Dinosaurs Only (Continued),mlie.jurassicrimworlddinosaursonly,180,no_loose_png,Things/Pawn/Animal/Tyrannosaurus,JRWTyrannosaurus,1,2,3,,
663,JRWUdanoceratops,Udanoceratops,Jurassic Rimworld - Dinosaurs Only (Continued),mlie.jurassicrimworlddinosaursonly,180,no_loose_png,Things/Pawn/Animal/Udanoceratops,JRWUdanoceratops,1,2,3,,
664,JRWValdosaurus,Valdosaurus,Jurassic Rimworld - Dinosaurs Only (Continued),mlie.jurassicrimworlddinosaursonly,180,no_loose_png,Things/Pawn/Animal/Valdosaurus,JRWValdosaurus,1,2,3,,
665,JRWVelociraptor,Velociraptor,Jurassic Rimworld - Dinosaurs Only (Continued),mlie.jurassicrimworlddinosaursonly,180,no_loose_png,Things/Pawn/Animal/Velociraptor,JRWVelociraptor,1,2,3,,
666,JRWWonambi,wonambi,Jurassic Rimworld - Dinosaurs Only (Continued),mlie.jurassicrimworlddinosaursonly,180,no_loose_png,Things/Pawn/Animal/Wonambi,JRWWonambi,1,2,3,,
667,JRWYangchuanosaurus,Yangchuanosaurus,Jurassic Rimworld - Dinosaurs Only (Continued),mlie.jurassicrimworlddinosaursonly,180,no_loose_png,Things/Pawn/Animal/Yangchuanosaurus,JRWYangchuanosaurus,1,2,3,,
668,JRWYi,Yi,Jurassic Rimworld - Dinosaurs Only (Continued),mlie.jurassicrimworlddinosaursonly,180,no_loose_png,Things/Pawn/Animal/Yi,JRWYi,1,2,3,,
669,JRWYurlunggur,yurlunggur,Jurassic Rimworld - Dinosaurs Only (Continued),mlie.jurassicrimworlddinosaursonly,180,no_loose_png,Things/Pawn/Animal/Yurlunggur,JRWYurlunggur,1,2,3,,
670,JRWYutyrannus,Yutyrannus,Jurassic Rimworld - Dinosaurs Only (Continued),mlie.jurassicrimworlddinosaursonly,180,no_loose_png,Things/Pawn/Animal/Yutyrannus,JRWYutyrannus,1,2,3,,
671,JRWZalmoxes,Zalmoxes,Jurassic Rimworld - Dinosaurs Only (Continued),mlie.jurassicrimworlddinosaursonly,180,no_loose_png,Things/Pawn/Animal/Zalmoxes,JRWZalmoxes,1,2,3,,
672,JRWZephyrosaurus,Zephyrosaurus,Jurassic Rimworld - Dinosaurs Only (Continued),mlie.jurassicrimworlddinosaursonly,180,no_loose_png,Things/Pawn/Animal/Zephyrosaurus,JRWZephyrosaurus,1,2,3,,
749,,,Odyssey,ludeon.rimworld.odyssey,9,no_defName,,,,,,,BaseDrone
750,,,Odyssey,ludeon.rimworld.odyssey,9,no_defName,,,,,,,MiscBirdBase
751,,,Odyssey,ludeon.rimworld.odyssey,9,no_defName,,,,,,,SmallBirdThingBase
752,,,Odyssey,ludeon.rimworld.odyssey,9,no_defName,,,,,,,WaterBirdThingBase
754,AlphaThrumbo,alpha thrumbo,Odyssey,ludeon.rimworld.odyssey,9,no_loose_png,Things/Pawn/Animal/AlphaThrumbo/AlphaThrumbo,AlphaThrumbo,1,2,3,,
756,Bluebird,bluebird,Odyssey,ludeon.rimworld.odyssey,9,no_loose_png,Things/Pawn/Animal/Bluebird/Bluebird,Bluebird,1,2,3,,
757,BogHound,bog hound,Odyssey,ludeon.rimworld.odyssey,9,no_loose_png,Things/Pawn/Animal/BogHound/BogHound_A,BogHound,1,2,3,,
758,Bullfrog,bullfrog,Odyssey,ludeon.rimworld.odyssey,9,no_loose_png,Things/Pawn/Animal/Bullfrog/Bullfrog,Bullfrog,1,2,3,,
759,Cat_Scimitar,scimitar cat,Odyssey,ludeon.rimworld.odyssey,9,no_loose_png,Things/Pawn/Animal/ScimitarCat/ScimitarCat,Cat_Scimitar,1,2,3,,
760,ColossusToad,colossus toad,Odyssey,ludeon.rimworld.odyssey,9,no_loose_png,Things/Pawn/Animal/ColossusToad/ColossusToad,ColossusToad,1,2,3,,
761,Crow,crow,Odyssey,ludeon.rimworld.odyssey,9,no_loose_png,Things/Pawn/Animal/Crow/Crow,Crow,1,2,3,,
762,Drone_Hunter,hunter drone,Odyssey,ludeon.rimworld.odyssey,9,no_loose_png,Things/Pawn/Drone/Hunter/HunterDrone,Drone_Hunter,1,0,1,,
763,Drone_Sentry,sentry drone,Odyssey,ludeon.rimworld.odyssey,9,no_loose_png,Things/Pawn/Drone/Sentry/SentryDrone,Drone_Sentry,1,0,1,,
764,Drone_Wasp,wasp,Odyssey,ludeon.rimworld.odyssey,9,no_loose_png,Things/Pawn/Drone/Wasp/WaspDrone,Drone_Wasp,1,0,1,,
765,Flamingo,flamingo,Odyssey,ludeon.rimworld.odyssey,9,no_loose_png,Things/Pawn/Animal/Flamingo/Flamingo,Flamingo,1,2,3,,
767,HermitCrab,hermit crab,Odyssey,ludeon.rimworld.odyssey,9,no_loose_png,Things/Pawn/Animal/HermitCrab/HermitCrabA,HermitCrab,1,2,3,,
768,Heron,heron,Odyssey,ludeon.rimworld.odyssey,9,no_loose_png,Things/Pawn/Animal/Heron/Heron,Heron,1,2,3,,
770,HiveQueen,hive queen,Odyssey,ludeon.rimworld.odyssey,9,no_loose_png,Things/Pawn/Insect/HiveQueen/HiveQueen,HiveQueen,1,0,1,,
771,Larva,larva,Odyssey,ludeon.rimworld.odyssey,9,no_loose_png,Things/Pawn/Insect/Larva/Larva,Larva,1,0,1,,
772,LavaSnail,lava snail,Odyssey,ludeon.rimworld.odyssey,9,no_loose_png,Things/Pawn/Animal/LavaSnail/LavaSnail,LavaSnail,1,2,3,,
773,Locust,locust,Odyssey,ludeon.rimworld.odyssey,9,no_loose_png,Things/Pawn/Insect/Locust/Locust,Locust,1,2,3,,
774,Macaw,macaw,Odyssey,ludeon.rimworld.odyssey,9,no_loose_png,Things/Pawn/Animal/Macaw/Macaw,Macaw,1,2,3,,
775,Mastodon,mastodon,Odyssey,ludeon.rimworld.odyssey,9,no_loose_png,Things/Pawn/Animal/Mastodon/Mastodon,Mastodon,1,2,3,,
776,Mech_Cyclops,cyclops,Odyssey,ludeon.rimworld.odyssey,9,no_loose_png,Things/Pawn/Mechanoid/MechCyclops/Cyclops_Ancient,Mech_Cyclops,1,1,2,,
777,Megavole,megavole,Odyssey,ludeon.rimworld.odyssey,9,no_loose_png,Things/Pawn/Animal/Megavole/Megavole,Megavole,1,2,3,,
778,Mink,mink,Odyssey,ludeon.rimworld.odyssey,9,no_loose_png,Things/Pawn/Animal/Mink/Mink,Mink,1,2,3,,
779,MonitorLizard,monitor lizard,Odyssey,ludeon.rimworld.odyssey,9,no_loose_png,Things/Pawn/Animal/MonitorLizard/MonitorLizard,MonitorLizard,1,2,3,,
783,Panda,panda,Odyssey,ludeon.rimworld.odyssey,9,no_loose_png,Things/Pawn/Animal/Panda/Panda,Panda,1,2,3,,
784,Peacock,peafowl,Odyssey,ludeon.rimworld.odyssey,9,no_loose_png,Things/Pawn/Animal/Peacock/PeacockMale,Peacock,1,2,3,,
786,PrairieDog,prairie dog,Odyssey,ludeon.rimworld.odyssey,9,no_loose_png,Things/Pawn/Animal/PrairieDog/PrairieDog,PrairieDog,1,2,3,,
787,Quail,quail,Odyssey,ludeon.rimworld.odyssey,9,no_loose_png,Things/Pawn/Animal/Quail/QuailMale,Quail,1,2,3,,
788,SeaLion,sea lion,Odyssey,ludeon.rimworld.odyssey,9,no_loose_png,Things/Pawn/Animal/SeaLion/SeaLionMale,SeaLion,1,2,3,,
789,SeaTurtle,sea turtle,Odyssey,ludeon.rimworld.odyssey,9,no_loose_png,Things/Pawn/Animal/SeaTurtle/SeaTurtle,SeaTurtle,1,2,3,,
791,Sparrow,sparrow,Odyssey,ludeon.rimworld.odyssey,9,no_loose_png,Things/Pawn/Animal/Sparrow/Sparrow,Sparrow,1,2,3,,
792,StoneCrab,stone crab,Odyssey,ludeon.rimworld.odyssey,9,no_loose_png,Things/Pawn/Animal/StoneCrab/StoneCrab,StoneCrab,1,2,3,,
793,Swan,swan,Odyssey,ludeon.rimworld.odyssey,9,no_loose_png,Things/Pawn/Animal/Swan/Swan,Swan,1,2,3,,
795,Vulture,vulture,Odyssey,ludeon.rimworld.odyssey,9,no_loose_png,Things/Pawn/Animal/Vulture/Vulture,Vulture,1,2,3,,
797,Wolf_Great,greatwolf,Odyssey,ludeon.rimworld.odyssey,9,no_loose_png,Things/Pawn/Animal/GreatWolf/GreatWolf,Wolf_Great,1,2,3,,
798,Wolverine,wolverine,Odyssey,ludeon.rimworld.odyssey,9,no_loose_png,Things/Pawn/Animal/Wolverine/Wolverine,Wolverine,1,2,3,,
799,,,Outer Rim - Droid Depot,neronix17.outerrim.droiddepot,541,no_defName,,,,,,,BaseAnimalDroid
800,OuterRim_AstromechDroid,Astromech Droid,Outer Rim - Droid Depot,neronix17.outerrim.droiddepot,541,no_loose_png,OuterRim/Droid/Astromech/R2,OuterRim_RSeriesDroid,1,0,1,,
801,OuterRim_DUMDroid,DUM Repair Droid,Outer Rim - Droid Depot,neronix17.outerrim.droiddepot,541,no_loose_png,OuterRim/Droid/DUM,OuterRim_DUMDroid,1,0,1,,
802,OuterRim_DestroyerDroid,Destroyer Droid,Outer Rim - Droid Depot,neronix17.outerrim.droiddepot,541,no_loose_png,OuterRim/Droid/Droideka/Droideka,OuterRim_DestroyerDroid,1,0,1,,
803,OuterRim_FX7Droid,fx-7 medical droid,Outer Rim - Droid Depot,neronix17.outerrim.droiddepot,541,no_loose_png,OuterRim/Droid/FX7,OuterRim_FX7Droid,1,0,1,,
804,OuterRim_GNKDroid,GNK Power Droid,Outer Rim - Droid Depot,neronix17.outerrim.droiddepot,541,no_loose_png,OuterRim/Droid/GNK,OuterRim_GNKDroid,1,0,1,,
805,OuterRim_MSEDroid,MSE Repair Droid,Outer Rim - Droid Depot,neronix17.outerrim.droiddepot,541,no_loose_png,OuterRim/Droid/MSE,OuterRim_MSEDroid,1,0,1,,
806,OuterRim_MuckrakerDroid,Muckraker Crab Droid,Outer Rim - Droid Depot,neronix17.outerrim.droiddepot,541,no_loose_png,OuterRim/Droid/Muckraker/CrabDroid,OuterRim_MuckrakerDroid,1,0,1,,
807,OuterRim_SalvageAssistDroid,salvage assist droid,Outer Rim - Droid Depot,neronix17.outerrim.droiddepot,541,no_loose_png,OuterRim/Droid/SalvageAssist,OuterRim_SalvageAssistDroid,1,0,1,,
813,RG_Hemolope,hemolope,ReGrowth 2,regrowth.botr.core,436,no_loose_png,Things/Pawn/Animal/Hemolope/Hemolope,RG_Hemolope,1,2,3,,
814,RG_KiwiBird,kiwi,ReGrowth 2,regrowth.botr.core,436,no_loose_png,Things/Pawn/Animal/Kiwi/Kiwi,RG_KiwiBird,1,2,3,,
815,RG_Neutrolope,neutrolope,ReGrowth 2,regrowth.botr.core,436,no_loose_png,Things/Pawn/Animal/Neutrolope/Neutrolope,RG_Neutrolope,1,2,3,,
816,RG_Rabbit,rabbit,ReGrowth 2,regrowth.botr.core,436,no_loose_png,Things/Pawn/Animal/Rabbit/Rabbit,RG_Rabbit,1,2,3,,
822,Skunk,skunk,Skunks,guppyfacesarecute.skunks,297,no_loose_png,Things/Pawn/Animal/Skunk/Skunk,Skunk,1,2,3,,
823,,,Space Worms (Continued),mlie.spaceworms,304,no_defName,,,,,,,BaseScuttlebug
825,Acklay,acklay,Star Wars Animal Collection (Continued),mlie.starwarsanimalcollection,308,no_loose_png,swanimals/Acklay/Acklay,Acklay,1,2,3,,
826,Aiwha,aiwha,Star Wars Animal Collection (Continued),mlie.starwarsanimalcollection,308,no_loose_png,swanimals/Aiwha/Aiwha,Aiwha,1,2,3,,
827,Akk,akk,Star Wars Animal Collection (Continued),mlie.starwarsanimalcollection,308,no_loose_png,swanimals/Akk/Akk,Akk,1,2,3,,
828,Anooba,anooba,Star Wars Animal Collection (Continued),mlie.starwarsanimalcollection,308,no_loose_png,swanimals/Anooba/Anooba_m,Anooba,1,2,3,,
829,Bantha,bantha,Star Wars Animal Collection (Continued),mlie.starwarsanimalcollection,308,no_loose_png,swanimals/Bantha/BanthaW,Bantha,1,2,3,,
830,Behemoth,behemoth,Star Wars Animal Collection (Continued),mlie.starwarsanimalcollection,308,no_loose_png,swanimals/Behemoth/Behemoth_m,Behemoth,1,2,3,,
831,Beldon,beldon,Star Wars Animal Collection (Continued),mlie.starwarsanimalcollection,308,no_loose_png,swanimals/Beldon/Beldon,Beldon,1,2,3,,
832,Blarth,blarth,Star Wars Animal Collection (Continued),mlie.starwarsanimalcollection,308,no_loose_png,swanimals/Blarth/Blarth,Blarth,1,2,3,,
833,Blixus,blixus,Star Wars Animal Collection (Continued),mlie.starwarsanimalcollection,308,no_loose_png,swanimals/Blixus/Blixus,Blixus,1,2,3,,
834,Blurrg,blurrg,Star Wars Animal Collection (Continued),mlie.starwarsanimalcollection,308,no_loose_png,swanimals/Blurrg/Blurrg,Blurrg,1,2,3,,
835,Boarwolf,Boar-wolf,Star Wars Animal Collection (Continued),mlie.starwarsanimalcollection,308,no_loose_png,swanimals/Boarwolf/Boarwolf,Boarwolf,1,2,3,,
836,Bogwing,bogwing,Star Wars Animal Collection (Continued),mlie.starwarsanimalcollection,308,no_loose_png,swanimals/Bogwing/Bogwing,Bogwing,1,2,3,,
837,Bolotaur,bolotaur,Star Wars Animal Collection (Continued),mlie.starwarsanimalcollection,308,no_loose_png,swanimals/Bolotaur/Bolotaur,Bolotaur,1,2,3,,
838,Boma,boma,Star Wars Animal Collection (Continued),mlie.starwarsanimalcollection,308,no_loose_png,swanimals/Boma/Boma,Boma,1,2,3,,
839,Borcatu,Borcatu,Star Wars Animal Collection (Continued),mlie.starwarsanimalcollection,308,no_loose_png,swanimals/Borcatu/Borcatu,Borcatu,1,2,3,,
840,Bordok,bordok,Star Wars Animal Collection (Continued),mlie.starwarsanimalcollection,308,no_loose_png,swanimals/Bordok/Bordok,Bordok,1,2,3,,
841,Brezak,brezak,Star Wars Animal Collection (Continued),mlie.starwarsanimalcollection,308,no_loose_png,swanimals/Brezak/Brezak,Brezak,1,2,3,,
842,Bursa,bursa,Star Wars Animal Collection (Continued),mlie.starwarsanimalcollection,308,no_loose_png,swanimals/Bursa/Bursa,Bursa,1,2,3,,
843,CanCell,can-cell,Star Wars Animal Collection (Continued),mlie.starwarsanimalcollection,308,no_loose_png,swanimals/CanCell/CanCell,CanCell,1,2,3,,
844,Cannok,cannok,Star Wars Animal Collection (Continued),mlie.starwarsanimalcollection,308,no_loose_png,swanimals/Cannok/Cannok,Cannok,1,2,3,,
845,ChrysalideRancor,chrysalide rancor,Star Wars Animal Collection (Continued),mlie.starwarsanimalcollection,308,no_loose_png,swanimals/ChrysalideRancor/ChrysalideRancor,ChrysalideRancor,1,2,3,,
846,Clodhopper,clodhopper,Star Wars Animal Collection (Continued),mlie.starwarsanimalcollection,308,no_loose_png,swanimals/Clodhopper/Clodhopper,Clodhopper,1,2,3,,
847,Convor,convor,Star Wars Animal Collection (Continued),mlie.starwarsanimalcollection,308,no_loose_png,swanimals/Convor/Convor,Convor,1,2,3,,
848,CorellianHound,corellian hound,Star Wars Animal Collection (Continued),mlie.starwarsanimalcollection,308,no_loose_png,swanimals/CorellianHound/CorellianHound,CorellianHound,1,2,3,,
849,Corinathoth,corinathoth,Star Wars Animal Collection (Continued),mlie.starwarsanimalcollection,308,no_loose_png,swanimals/Corinathoth/Corinathoth,Corinathoth,1,2,3,,
850,Dactillion,dactillion,Star Wars Animal Collection (Continued),mlie.starwarsanimalcollection,308,no_loose_png,swanimals/Dactillion/Dactillion,Dactillion,1,2,3,,
851,Dalgo,dalgo,Star Wars Animal Collection (Continued),mlie.starwarsanimalcollection,308,no_loose_png,swanimals/Dalgo/Dalgo,Dalgo,1,2,3,,
852,Devourers,devourer,Star Wars Animal Collection (Continued),mlie.starwarsanimalcollection,308,no_loose_png,swanimals/Devourer/Devourer,Devourers,1,2,3,,
853,Dewback,dewback,Star Wars Animal Collection (Continued),mlie.starwarsanimalcollection,308,no_loose_png,swanimals/Dewback/Dewback,Dewback,1,2,3,,
854,Dianoga,dianoga,Star Wars Animal Collection (Continued),mlie.starwarsanimalcollection,308,no_loose_png,swanimals/Dianoga/Dianoga,Dianoga,1,2,3,,
855,Dragonsnake,Dragonsnake,Star Wars Animal Collection (Continued),mlie.starwarsanimalcollection,308,no_loose_png,swanimals/Dragonsnake/Dragonsnake,Dragonsnake,1,2,3,,
856,Drexl,drexl,Star Wars Animal Collection (Continued),mlie.starwarsanimalcollection,308,no_loose_png,swanimals/Drexl/Drexl,Drexl,1,2,3,,
857,EnergySpider,energy spider,Star Wars Animal Collection (Continued),mlie.starwarsanimalcollection,308,no_loose_png,swanimals/EnergySpider/EnergySpider,EnergySpider,1,2,3,,
858,Eopie,eopie,Star Wars Animal Collection (Continued),mlie.starwarsanimalcollection,308,no_loose_png,swanimals/Eopie/Eopie,Eopie,1,2,3,,
859,Falumpaset,falumpaset,Star Wars Animal Collection (Continued),mlie.starwarsanimalcollection,308,no_loose_png,swanimals/Falumpaset/Falumpaset,Falumpaset,1,2,3,,
860,Fambaa,fambaa,Star Wars Animal Collection (Continued),mlie.starwarsanimalcollection,308,no_loose_png,swanimals/Fambaa/Fambaa,Fambaa,1,2,3,,
861,Fanback,fanback,Star Wars Animal Collection (Continued),mlie.starwarsanimalcollection,308,no_loose_png,swanimals/Fanback/Fanback,Fanback,1,2,3,,
862,FeralGrazer,feral grazer,Star Wars Animal Collection (Continued),mlie.starwarsanimalcollection,308,no_loose_png,swanimals/FeralGrazer/FeralGrazer,FeralGrazer,1,2,3,,
863,FeralNerf,feral nerf,Star Wars Animal Collection (Continued),mlie.starwarsanimalcollection,308,no_loose_png,swanimals/FeralNerf/FeralNerf,FeralNerf,1,2,3,,
864,FrilledGorg,frilled gorg,Star Wars Animal Collection (Continued),mlie.starwarsanimalcollection,308,no_loose_png,swanimals/FrilledGorg/FrilledGorg,FrilledGorg,1,2,3,,
865,FrogDog,frog dog,Star Wars Animal Collection (Continued),mlie.starwarsanimalcollection,308,no_loose_png,swanimals/FrogDog/FrogDog,FrogDog,1,2,3,,
866,Gelagrub,gelagrub,Star Wars Animal Collection (Continued),mlie.starwarsanimalcollection,308,no_loose_png,swanimals/Gelagrub/Gelagrub,Gelagrub,1,2,3,,
867,Gizka,gizka,Star Wars Animal Collection (Continued),mlie.starwarsanimalcollection,308,no_loose_png,swanimals/Gizka/Gizka,Gizka,1,2,3,,
868,Gorg,gorg,Star Wars Animal Collection (Continued),mlie.starwarsanimalcollection,308,no_loose_png,swanimals/Gorg/Gorg,Gorg,1,2,3,,
869,Gornt,gornt,Star Wars Animal Collection (Continued),mlie.starwarsanimalcollection,308,no_loose_png,swanimals/Gornt/Gornt,Gornt,1,2,3,,
870,GraniteSlug,granite slug,Star Wars Animal Collection (Continued),mlie.starwarsanimalcollection,308,no_loose_png,swanimals/GraniteSlug/GraniteSlug,GraniteSlug,1,2,3,,
871,Grank,Grank,Star Wars Animal Collection (Continued),mlie.starwarsanimalcollection,308,no_loose_png,swanimals/Grank/Grank,Grank,1,2,3,,
872,Grazer,grazer,Star Wars Animal Collection (Continued),mlie.starwarsanimalcollection,308,no_loose_png,swanimals/Grazer/Grazer_m,Grazer,1,2,3,,
873,GreaterKraytDragon,greater krayt dragon,Star Wars Animal Collection (Continued),mlie.starwarsanimalcollection,308,no_loose_png,swanimals/GreaterKraytDragon/GreaterKraytDragon,GreaterKraytDragon,1,2,3,,
874,Gualaar,gualaar,Star Wars Animal Collection (Continued),mlie.starwarsanimalcollection,308,no_loose_png,swanimals/Gualaar/Gualaar,Gualaar,1,2,3,,
875,Gullipud,gullipud,Star Wars Animal Collection (Continued),mlie.starwarsanimalcollection,308,no_loose_png,swanimals/Gullipud/Gullipud,Gullipud,1,2,3,,
876,Gundark,gundark,Star Wars Animal Collection (Continued),mlie.starwarsanimalcollection,308,no_loose_png,swanimals/Gundark/Gundark,Gundark,1,2,3,,
877,Gutkurr,gutkurr,Star Wars Animal Collection (Continued),mlie.starwarsanimalcollection,308,no_loose_png,swanimals/Gutkurr/Gutkurr,Gutkurr,1,2,3,,
878,HarvesterBeetle,harvester beetle,Star Wars Animal Collection (Continued),mlie.starwarsanimalcollection,308,no_loose_png,swanimals/HarvesterBeetle/HarvesterBeetle,HarvesterBeetle,1,2,3,,
879,Hawkbat,hawk-bat,Star Wars Animal Collection (Continued),mlie.starwarsanimalcollection,308,no_loose_png,swanimals/Hawkbat/Hawkbat,Hawkbat,1,2,3,,
880,Horax,horax,Star Wars Animal Collection (Continued),mlie.starwarsanimalcollection,308,no_loose_png,swanimals/Horax/Horax,Horax,1,2,3,,
881,Hrumph,hrumph,Star Wars Animal Collection (Continued),mlie.starwarsanimalcollection,308,no_loose_png,swanimals/Hrumph/Hrumph,Hrumph,1,2,3,,
882,Hssiss,hssiss,Star Wars Animal Collection (Continued),mlie.starwarsanimalcollection,308,no_loose_png,swanimals/Hssiss/Hssiss,Hssiss,1,2,3,,
883,Igitz,igitz,Star Wars Animal Collection (Continued),mlie.starwarsanimalcollection,308,no_loose_png,swanimals/Igitz/Igitz,Igitz,1,2,3,,
884,Insectomorph,insectomorph,Star Wars Animal Collection (Continued),mlie.starwarsanimalcollection,308,no_loose_png,swanimals/Insectomorph/Insectomorph,Insectomorph,1,2,3,,
885,Iriaz,iriaz,Star Wars Animal Collection (Continued),mlie.starwarsanimalcollection,308,no_loose_png,swanimals/Iriaz/Iriaz,Iriaz,1,2,3,,
886,IridonianReek,iridonian reek,Star Wars Animal Collection (Continued),mlie.starwarsanimalcollection,308,no_loose_png,swanimals/IridonianReek/IridonianReek,IridonianReek,1,2,3,,
887,IthorianReek,ithorian reek,Star Wars Animal Collection (Continued),mlie.starwarsanimalcollection,308,no_loose_png,swanimals/IthorianReek/IthorianReek,IthorianReek,1,2,3,,
888,Jakobeast,jakobeast,Star Wars Animal Collection (Continued),mlie.starwarsanimalcollection,308,no_loose_png,swanimals/Jakobeast/Jakobeast,Jakobeast,1,2,3,,
889,Jamel,Jamel,Star Wars Animal Collection (Continued),mlie.starwarsanimalcollection,308,no_loose_png,swanimals/Jamel/Jamel,Jamel,1,2,3,,
890,Jimvu,jimvu,Star Wars Animal Collection (Continued),mlie.starwarsanimalcollection,308,no_loose_png,swanimals/Jimvu/Jimvu,Jimvu,1,2,3,,
891,JungleRancor,Jungle Rancor,Star Wars Animal Collection (Continued),mlie.starwarsanimalcollection,308,no_loose_png,swanimals/JungleRancor/BullRancor,JungleRancor,1,2,3,,
892,Kaadu,kaadu,Star Wars Animal Collection (Continued),mlie.starwarsanimalcollection,308,no_loose_png,swanimals/Kaadu/Kaadu_m,Kaadu,1,2,3,,
893,Katarn,katarn,Star Wars Animal Collection (Continued),mlie.starwarsanimalcollection,308,no_loose_png,swanimals/Katarn/Katarn,Katarn,1,2,3,,
894,KellDragon,kell dragon,Star Wars Animal Collection (Continued),mlie.starwarsanimalcollection,308,no_loose_png,swanimals/KellDragon/KellDragon,KellDragon,1,2,3,,
895,Kinrath,kinrath,Star Wars Animal Collection (Continued),mlie.starwarsanimalcollection,308,no_loose_png,swanimals/Kinrath/Kinrath,Kinrath,1,2,3,,
896,Klorslug,k'lor'slug,Star Wars Animal Collection (Continued),mlie.starwarsanimalcollection,308,no_loose_png,swanimals/Klorslug/Klorslug,Klorslug,1,2,3,,
897,KowakianMonkeyLizard,kowakian monkey-lizard,Star Wars Animal Collection (Continued),mlie.starwarsanimalcollection,308,no_loose_png,swanimals/KowakianMonkeyLizard/KowakianMonkeyLizard,KowakianMonkeyLizard,1,2,3,,
898,KraytDragon,krayt dragon,Star Wars Animal Collection (Continued),mlie.starwarsanimalcollection,308,no_loose_png,swanimals/KraytDragon/KraytDragon_m,KraytDragon,1,2,3,,
899,Kreetle,kreetle,Star Wars Animal Collection (Continued),mlie.starwarsanimalcollection,308,no_loose_png,swanimals/Kreetle/Kreetle,Kreetle,1,2,3,,
900,Krykna,krykna,Star Wars Animal Collection (Continued),mlie.starwarsanimalcollection,308,no_loose_png,swanimals/Krykna/Krykna,Krykna,1,2,3,,
901,KwazelMaw,kwazel maw,Star Wars Animal Collection (Continued),mlie.starwarsanimalcollection,308,no_loose_png,swanimals/KwazelMaw/KwazelMaw,KwazelMaw,1,2,3,,
902,Kwi,Kwi,Star Wars Animal Collection (Continued),mlie.starwarsanimalcollection,308,no_loose_png,swanimals/Kwi/Kwi,Kwi,1,2,3,,
903,Kybuck,kybuck,Star Wars Animal Collection (Continued),mlie.starwarsanimalcollection,308,no_loose_png,swanimals/Kybuck/Kybuck,Kybuck,1,2,3,,
904,LavaFlea,lava flea,Star Wars Animal Collection (Continued),mlie.starwarsanimalcollection,308,no_loose_png,swanimals/LavaFlea/LavaFlea,LavaFlea,1,2,3,,
905,Leaftail,leaf-tail,Star Wars Animal Collection (Continued),mlie.starwarsanimalcollection,308,no_loose_png,swanimals/Leaftail/Leaftail,Leaftail,1,2,3,,
906,LongtailGorg,longtail gorg,Star Wars Animal Collection (Continued),mlie.starwarsanimalcollection,308,no_loose_png,swanimals/LongtailGorg/LongtailGorg,LongtailGorg,1,2,3,,
907,LothWolf,loth-wolf,Star Wars Animal Collection (Continued),mlie.starwarsanimalcollection,308,no_loose_png,swanimals/LothWolf/LothWolf_m,LothWolf,1,2,3,,
908,Lothcat,loth-cat,Star Wars Animal Collection (Continued),mlie.starwarsanimalcollection,308,no_loose_png,swanimals/Lothcat/Lothcat_m,Lothcat,1,2,3,,
909,Lylek,lylek,Star Wars Animal Collection (Continued),mlie.starwarsanimalcollection,308,no_loose_png,swanimals/Lylek/Lylek,Lylek,1,2,3,,
910,Maalraas,maalraas,Star Wars Animal Collection (Continued),mlie.starwarsanimalcollection,308,no_loose_png,swanimals/Maalraas/Maalraas,Maalraas,1,2,3,,
911,Manka,manka,Star Wars Animal Collection (Continued),mlie.starwarsanimalcollection,308,no_loose_png,swanimals/Manka/Manka,Manka,1,2,3,,
912,MarshHaunt,marsh haunt,Star Wars Animal Collection (Continued),mlie.starwarsanimalcollection,308,no_loose_png,swanimals/MarshHaunt/MarshHaunt,MarshHaunt,1,2,3,,
913,Massiff,massiff,Star Wars Animal Collection (Continued),mlie.starwarsanimalcollection,308,no_loose_png,swanimals/Massiff/Massiff,Massiff,1,2,3,,
914,MastiffPhalone,mastiff phalone,Star Wars Animal Collection (Continued),mlie.starwarsanimalcollection,308,no_loose_png,swanimals/MastiffPhalone/MastiffPhalone,MastiffPhalone,1,2,3,,
915,Mastmot,mastmot,Star Wars Animal Collection (Continued),mlie.starwarsanimalcollection,308,no_loose_png,swanimals/Mastmot/Mastmot_m,Mastmot,1,2,3,,
916,Mawvorr,mawvorr,Star Wars Animal Collection (Continued),mlie.starwarsanimalcollection,308,no_loose_png,swanimals/Mawvorr/Mawvorr,Mawvorr,1,2,3,,
917,Mott,mott,Star Wars Animal Collection (Continued),mlie.starwarsanimalcollection,308,no_loose_png,swanimals/Mott/Mott_m,Mott,1,2,3,,
918,Mudhorn,mudhorn,Star Wars Animal Collection (Continued),mlie.starwarsanimalcollection,308,no_loose_png,swanimals/Mudhorn/Mudhorn,Mudhorn,1,2,3,,
919,Mynock,mynock,Star Wars Animal Collection (Continued),mlie.starwarsanimalcollection,308,no_loose_png,swanimals/Mynock/Mynock,Mynock,1,2,3,,
920,Narglatch,narglatch,Star Wars Animal Collection (Continued),mlie.starwarsanimalcollection,308,no_loose_png,swanimals/Narglatch/Narglatch_m,Narglatch,1,2,3,,
921,Neebray,neebray,Star Wars Animal Collection (Continued),mlie.starwarsanimalcollection,308,no_loose_png,swanimals/Neebray/Neebray,Neebray,1,2,3,,
922,Nerf,nerf,Star Wars Animal Collection (Continued),mlie.starwarsanimalcollection,308,no_loose_png,swanimals/Nerf/Nerf_m,Nerf,1,2,3,,
923,Nexu,nexu,Star Wars Animal Collection (Continued),mlie.starwarsanimalcollection,308,no_loose_png,swanimals/Nexu/NexuW,Nexu,1,2,3,,
924,Nuna,nuna,Star Wars Animal Collection (Continued),mlie.starwarsanimalcollection,308,no_loose_png,swanimals/Nuna/Nuna_m,Nuna,1,2,3,,
925,Ollopom,ollopom,Star Wars Animal Collection (Continued),mlie.starwarsanimalcollection,308,no_loose_png,swanimals/Ollopom/Ollopom,Ollopom,1,2,3,,
926,Orray,orray,Star Wars Animal Collection (Continued),mlie.starwarsanimalcollection,308,no_loose_png,swanimals/Orray/Orray,Orray,1,2,3,,
927,PaintedSpat,painted spat,Star Wars Animal Collection (Continued),mlie.starwarsanimalcollection,308,no_loose_png,swanimals/PaintedSpat/PaintedSpat,PaintedSpat,1,2,3,,
928,PekoPeko,Peko-peko,Star Wars Animal Collection (Continued),mlie.starwarsanimalcollection,308,no_loose_png,swanimals/PekoPeko/PekoPeko_m,PekoPeko,1,2,3,,
929,Pikobis,pikobis,Star Wars Animal Collection (Continued),mlie.starwarsanimalcollection,308,no_loose_png,swanimals/Pikobis/Pikobis,Pikobis,1,2,3,,
930,Porg,porg,Star Wars Animal Collection (Continued),mlie.starwarsanimalcollection,308,no_loose_png,swanimals/Porg/Porg,Porg,1,2,3,,
931,Pufferpig,Pufferpig,Star Wars Animal Collection (Continued),mlie.starwarsanimalcollection,308,no_loose_png,swanimals/Pufferpig/Pufferpig,Pufferpig,1,2,3,,
932,Qormot,qormot,Star Wars Animal Collection (Continued),mlie.starwarsanimalcollection,308,no_loose_png,swanimals/Qormot/Qormot,Qormot,1,2,3,,
933,Rancor,Rancor,Star Wars Animal Collection (Continued),mlie.starwarsanimalcollection,308,no_loose_png,swanimals/Rancor/Rancor,Rancor,1,2,3,,
934,Raxshir,raxshir,Star Wars Animal Collection (Continued),mlie.starwarsanimalcollection,308,no_loose_png,swanimals/Raxshir/Raxshir,Raxshir,1,2,3,,
935,Reek,reek,Star Wars Animal Collection (Continued),mlie.starwarsanimalcollection,308,no_loose_png,swanimals/Reek/Reek,Reek,1,2,3,,
936,Rikknit,rikknit,Star Wars Animal Collection (Continued),mlie.starwarsanimalcollection,308,no_loose_png,swanimals/Rikknit/Rikknit,Rikknit,1,2,3,,
937,Roggwart,roggwart,Star Wars Animal Collection (Continued),mlie.starwarsanimalcollection,308,no_loose_png,swanimals/Roggwart/Roggwart,Roggwart,1,2,3,,
938,Ronto,ronto,Star Wars Animal Collection (Continued),mlie.starwarsanimalcollection,308,no_loose_png,swanimals/Ronto/Ronto,Ronto,1,2,3,,
939,Runyip,runyip,Star Wars Animal Collection (Continued),mlie.starwarsanimalcollection,308,no_loose_png,swanimals/Runyip/Runyip,Runyip,1,2,3,,
940,Rycrit,rycrit,Star Wars Animal Collection (Continued),mlie.starwarsanimalcollection,308,no_loose_png,swanimals/Rycrit/Rycrit,Rycrit,1,2,3,,
941,Scavrat,Scavrats,Star Wars Animal Collection (Continued),mlie.starwarsanimalcollection,308,no_loose_png,swanimals/Scavrat/Scavrat,Scavrat,1,2,3,,
942,Scurrier,scurrier,Star Wars Animal Collection (Continued),mlie.starwarsanimalcollection,308,no_loose_png,swanimals/Scurrier/Scurrier_m,Scurrier,1,2,3,,
943,Shaak,shaak,Star Wars Animal Collection (Continued),mlie.starwarsanimalcollection,308,no_loose_png,swanimals/Shaak/Shaak,Shaak,1,2,3,,
944,Shiro,shiro,Star Wars Animal Collection (Continued),mlie.starwarsanimalcollection,308,no_loose_png,swanimals/Shiro/Shiro,Shiro,1,2,3,,
945,ShiroTrap,shiro-trap,Star Wars Animal Collection (Continued),mlie.starwarsanimalcollection,308,no_loose_png,swanimals/ShiroTrap/ShiroTrap,ShiroTrap,1,2,3,,
946,Shyrack,shyrack,Star Wars Animal Collection (Continued),mlie.starwarsanimalcollection,308,no_loose_png,swanimals/Shyrack/Shyrack,Shyrack,1,2,3,,
947,Silooth,silooth,Star Wars Animal Collection (Continued),mlie.starwarsanimalcollection,308,no_loose_png,swanimals/Silooth/Silooth,Silooth,1,2,3,,
948,Skalder,skalder,Star Wars Animal Collection (Continued),mlie.starwarsanimalcollection,308,no_loose_png,swanimals/Skalder/Skalder,Skalder,1,2,3,,
949,Sketto,sketto,Star Wars Animal Collection (Continued),mlie.starwarsanimalcollection,308,no_loose_png,swanimals/Sketto/Sketto,Sketto,1,2,3,,
950,Snoruuk,snoruuk,Star Wars Animal Collection (Continued),mlie.starwarsanimalcollection,308,no_loose_png,swanimals/Snoruuk/Snoruuk,Snoruuk,1,2,3,,
951,Squall,squall,Star Wars Animal Collection (Continued),mlie.starwarsanimalcollection,308,no_loose_png,swanimals/Squall/Squall,Squall,1,2,3,,
952,Stintaril,stintaril,Star Wars Animal Collection (Continued),mlie.starwarsanimalcollection,308,no_loose_png,swanimals/Stintaril/Stintaril,Stintaril,1,2,3,,
953,Strill,strill,Star Wars Animal Collection (Continued),mlie.starwarsanimalcollection,308,no_loose_png,swanimals/Strill/Strill,Strill,1,2,3,,
954,Tach,tach,Star Wars Animal Collection (Continued),mlie.starwarsanimalcollection,308,no_loose_png,swanimals/Tach/Tach,Tach,1,2,3,,
955,Taozin,taozin,Star Wars Animal Collection (Continued),mlie.starwarsanimalcollection,308,no_loose_png,swanimals/Taozin/Taozin,Taozin,1,2,3,,
956,Tauntaun,tauntaun,Star Wars Animal Collection (Continued),mlie.starwarsanimalcollection,308,no_loose_png,swanimals/Tauntaun/Tauntaun,Tauntaun,1,2,3,,
957,TeeMuss,tee muss,Star Wars Animal Collection (Continued),mlie.starwarsanimalcollection,308,no_loose_png,swanimals/TeeMuss/TeeMuss,TeeMuss,1,2,3,,
958,TetnissCrab,tet'niss crab,Star Wars Animal Collection (Continued),mlie.starwarsanimalcollection,308,no_loose_png,swanimals/TetnissCrab/TetnissCrab_j,TetnissCrab,1,2,3,,
959,Thranta,thranta,Star Wars Animal Collection (Continued),mlie.starwarsanimalcollection,308,no_loose_png,swanimals/Thranta/Thranta,Thranta,1,2,3,,
960,Tibidee,tibidee,Star Wars Animal Collection (Continued),mlie.starwarsanimalcollection,308,no_loose_png,swanimals/Tibidee/Tibidee,Tibidee,1,2,3,,
961,Tooke,tooke,Star Wars Animal Collection (Continued),mlie.starwarsanimalcollection,308,no_loose_png,swanimals/Tooke/Tooke,Tooke,1,2,3,,
962,Torton,torton,Star Wars Animal Collection (Continued),mlie.starwarsanimalcollection,308,no_loose_png,swanimals/Torton/Torton,Torton,1,2,3,,
963,Tukata,tuk'ata,Star Wars Animal Collection (Continued),mlie.starwarsanimalcollection,308,no_loose_png,swanimals/Tukata/Tukata,Tukata,1,2,3,,
964,TuskCat,tusk cat,Star Wars Animal Collection (Continued),mlie.starwarsanimalcollection,308,no_loose_png,swanimals/TuskCat/TuskCat,TuskCat,1,2,3,,
965,Urusai,urusai,Star Wars Animal Collection (Continued),mlie.starwarsanimalcollection,308,no_loose_png,swanimals/Urusai/Urusai,Urusai,1,2,3,,
966,Uvak,uvak,Star Wars Animal Collection (Continued),mlie.starwarsanimalcollection,308,no_loose_png,swanimals/Uvak/Uvak,Uvak,1,2,3,,
967,Vapaad,vapaad,Star Wars Animal Collection (Continued),mlie.starwarsanimalcollection,308,no_loose_png,swanimals/Vapaad/Vapaad,Vapaad,1,2,3,,
968,Varactyl,varactyl,Star Wars Animal Collection (Continued),mlie.starwarsanimalcollection,308,no_loose_png,swanimals/Varactyl/Varactyl_m,Varactyl,1,2,3,,
969,Veermok,veermok,Star Wars Animal Collection (Continued),mlie.starwarsanimalcollection,308,no_loose_png,swanimals/Veermok/Veermok,Veermok,1,2,3,,
970,Voorpak,voorpak,Star Wars Animal Collection (Continued),mlie.starwarsanimalcollection,308,no_loose_png,swanimals/Voorpak/Voorpak,Voorpak,1,2,3,,
971,Vornskyr,vornskyr,Star Wars Animal Collection (Continued),mlie.starwarsanimalcollection,308,no_loose_png,swanimals/Vornskyr/Vornskyr,Vornskyr,1,2,3,,
972,Vulptex,vulptex,Star Wars Animal Collection (Continued),mlie.starwarsanimalcollection,308,no_loose_png,swanimals/Vulptex/Vulptex,Vulptex,1,2,3,,
973,Wampa,Wampa,Star Wars Animal Collection (Continued),mlie.starwarsanimalcollection,308,no_loose_png,swanimals/Wampa/Wampa,Wampa,1,2,3,,
974,WarWyrm,war wyrm,Star Wars Animal Collection (Continued),mlie.starwarsanimalcollection,308,no_loose_png,swanimals/WarWyrm/WarWyrm,WarWyrm,1,2,3,,
975,Warbird,Warbird,Star Wars Animal Collection (Continued),mlie.starwarsanimalcollection,308,no_loose_png,swanimals/Warbird/Warbird,Warbird,1,2,3,,
976,Whisperbird,whisperbird,Star Wars Animal Collection (Continued),mlie.starwarsanimalcollection,308,no_loose_png,swanimals/Whisperbird/Whisperbird,Whisperbird,1,2,3,,
977,WompRat,womp rat,Star Wars Animal Collection (Continued),mlie.starwarsanimalcollection,308,no_loose_png,swanimals/WompRat/WompRat,WompRat,1,2,3,,
978,Woolamander,woolamander,Star Wars Animal Collection (Continued),mlie.starwarsanimalcollection,308,no_loose_png,swanimals/Woolamander/Woolamander,Woolamander,1,2,3,,
979,Worrt,worrt,Star Wars Animal Collection (Continued),mlie.starwarsanimalcollection,308,no_loose_png,swanimals/Worrt/Worrt,Worrt,1,2,3,,
980,Wraid,wraid,Star Wars Animal Collection (Continued),mlie.starwarsanimalcollection,308,no_loose_png,swanimals/Wraid/Wraid,Wraid,1,2,3,,
981,Wyyyschokk,wyyyschokk,Star Wars Animal Collection (Continued),mlie.starwarsanimalcollection,308,no_loose_png,swanimals/Wyyyschokk/Wyyyschokk,Wyyyschokk,1,2,3,,
982,Yobshrimp,yobshrimp,Star Wars Animal Collection (Continued),mlie.starwarsanimalcollection,308,no_loose_png,swanimals/Yobshrimp/Yobshrimp,Yobshrimp,1,2,3,,
983,Zakkeg,zakkeg,Star Wars Animal Collection (Continued),mlie.starwarsanimalcollection,308,no_loose_png,swanimals/Zakkeg/Zakkeg,Zakkeg,1,2,3,,
984,Zeer,zeer,Star Wars Animal Collection (Continued),mlie.starwarsanimalcollection,308,no_loose_png,swanimals/Zeer/Zeer,Zeer,1,2,3,,
1039,,,Vanilla Animals Expanded — Waste Animals,vanillaexpanded.vaewaste,346,no_defName,,,,,,,VAEWaste_BaseInsect
1051,,,Vanilla Factions Expanded - Insectoids 2,oskarpotocki.vfe.insectoid2,353,no_defName,,,,,,,VFEI2_BaseInsect
1076,,,Vanilla Genetics Expanded,vanillaexpanded.vgeneticse,515,no_defName,,,,,,,GR_BaseInsect
1127,GR_FleshFlies,flesh flies,Vanilla Genetics Expanded,vanillaexpanded.vgeneticse,515,blank_png,Things/Pawn/Animal/Special/GR_Transparent,GR_FleshFlies,1,0,1,C:\Program Files (x86)\Steam\steamapps\workshop\content\294100\2801160906\Textures\Things\Pawn\Animal\Special\GR_Transparent.png,planned but undecodable
1224,,,Vanilla Quests Expanded - Cryptoforge,vanillaquestsexpanded.cryptoforge,374,no_defName,,,,,,,VQE_BaseCryptoInsect
1227,,,[JDS] StarWars - The Separatist Droid Army,m3.continued.jangodsoul.starwars.tsda,402,no_defName,,,,,,,JDSSWCIS_Droids
