Mountain	Core	mountain	A mountain fills one side of this tile.	
Caves	Core	caves	Small cave networks can be found within the rocks.	
Coast	Core	coast	This tile borders the coast.	
River	Core	river	A stream of fresh water flows through here.	
UndergroundCave	Core	underground cave		
AncientGarrison	Odyssey	ancient garrison	A long-abandoned military structure. It may still contain valuable items, as well as active security systems. Use caution while exploring these ruins.	whit:AridShrubland,BorealForest,ColdBog,Desert,ExtremeDesert,Glowforest,Grasslands,GlacialPlain,LavaField,Scarlands,TemperateForest,TemperateSwamp,TropicalRainforest,TropicalSwamp,Tundra,PoisonForest,Savanna,Volcano,Wasteland,Wetland,AB_FeraliskInfestedJungle,AB_RockyCrags,AB_GallatrossGraveyard,AB_GelatinousSuperorganism,AB_IdyllicMeadows,AB_MechanoidIntrusion,AB_MiasmicMangrove,AB_MycoticJungle,AB_OcularForest,AB_PropaneLakes,AB_PyroclasticConflagration,AB_TarPits,BiomeArcticOasis,BiomeAreeb,BiomeCypreJungle,BiomeGRimberlands,BiomeGRimerald,BiomeGRimethyst,BiomeGRimonade,BiomeGRimond,BiomeGRimphire,BiomeGRimworld,BiomeGRuby,BiomeGRuquoise,BiomeMist,BiomeToxlands,BiomeGrindland,ZBiome_AlpineMeadow,ZBiome_Badlands,ZBiome_CloudForest,ZBiome_CoastalDunes,ZBiome_DesertOasis,ZBiome_GlacialShield,ZBiome_Grasslands,ZBiome_Marsh
AncientWarehouse	Odyssey	ancient warehouse	An abandoned warehouse. It still contains valuables. It may also contain dangerous security systems.	whit:AridShrubland,BorealForest,ColdBog,Desert,ExtremeDesert,Glowforest,Grasslands,GlacialPlain,LavaField,Scarlands,TemperateForest,TemperateSwamp,TropicalRainforest,TropicalSwamp,Tundra,PoisonForest,Savanna,Volcano,Wasteland,Wetland,AB_FeraliskInfestedJungle,AB_RockyCrags,AB_GallatrossGraveyard,AB_GelatinousSuperorganism,AB_IdyllicMeadows,AB_MechanoidIntrusion,AB_MiasmicMangrove,AB_MycoticJungle,AB_OcularForest,AB_PropaneLakes,AB_PyroclasticConflagration,AB_TarPits,BiomeArcticOasis,BiomeAreeb,BiomeCypreJungle,BiomeGRimberlands,BiomeGRimerald,BiomeGRimethyst,BiomeGRimonade,BiomeGRimond,BiomeGRimphire,BiomeGRimworld,BiomeGRuby,BiomeGRuquoise,BiomeMist,BiomeToxlands,BiomeGrindland,ZBiome_AlpineMeadow,ZBiome_Badlands,ZBiome_CloudForest,ZBiome_CoastalDunes,ZBiome_DesertOasis,ZBiome_GlacialShield,ZBiome_Grasslands,ZBiome_Marsh
AncientChemfuelRefinery	Odyssey	ancient chemfuel refinery	An abandoned industrial installation containing large quantities of chemfuel. It may also contain dangerous security systems.	whit:AridShrubland,BorealForest,ColdBog,Desert,ExtremeDesert,Glowforest,Grasslands,GlacialPlain,LavaField,Scarlands,TemperateForest,TemperateSwamp,TropicalRainforest,TropicalSwamp,Tundra,PoisonForest,Savanna,Volcano,Wasteland,Wetland,AB_FeraliskInfestedJungle,AB_RockyCrags,AB_GallatrossGraveyard,AB_GelatinousSuperorganism,AB_IdyllicMeadows,AB_MechanoidIntrusion,AB_MiasmicMangrove,AB_MycoticJungle,AB_OcularForest,AB_PropaneLakes,AB_PyroclasticConflagration,AB_TarPits,BiomeArcticOasis,BiomeAreeb,BiomeCypreJungle,BiomeGRimberlands,BiomeGRimerald,BiomeGRimethyst,BiomeGRimonade,BiomeGRimond,BiomeGRimphire,BiomeGRimworld,BiomeGRuby,BiomeGRuquoise,BiomeMist,BiomeToxlands,BiomeGrindland,ZBiome_AlpineMeadow,ZBiome_Badlands,ZBiome_CloudForest,ZBiome_CoastalDunes,ZBiome_DesertOasis,ZBiome_GlacialShield,ZBiome_Grasslands,ZBiome_Marsh
AncientInfestedSettlement	Odyssey	infested settlement	A once-prosperous settlement that was destroyed by an insect infestation. It may still contain valuable resources.	whit:AridShrubland,BorealForest,ColdBog,Desert,ExtremeDesert,Glowforest,Grasslands,GlacialPlain,LavaField,Scarlands,TemperateForest,TemperateSwamp,TropicalRainforest,TropicalSwamp,Tundra,PoisonForest,Savanna,Volcano,Wasteland,Wetland,AB_FeraliskInfestedJungle,AB_RockyCrags,AB_GallatrossGraveyard,AB_GelatinousSuperorganism,AB_IdyllicMeadows,AB_MechanoidIntrusion,AB_MiasmicMangrove,AB_MycoticJungle,AB_OcularForest,AB_PropaneLakes,AB_PyroclasticConflagration,AB_TarPits,BiomeArcticOasis,BiomeAreeb,BiomeCypreJungle,BiomeGRimberlands,BiomeGRimerald,BiomeGRimethyst,BiomeGRimonade,BiomeGRimond,BiomeGRimphire,BiomeGRimworld,BiomeGRuby,BiomeGRuquoise,BiomeMist,BiomeToxlands,BiomeGrindland,ZBiome_AlpineMeadow,ZBiome_Badlands,ZBiome_CloudForest,ZBiome_CoastalDunes,ZBiome_DesertOasis,ZBiome_GlacialShield,ZBiome_Grasslands,ZBiome_Marsh
AncientLaunchSite	Odyssey	ancient launch site	An abandoned collection of launch pads used to deliver supplies to orbital platforms. It contains working transport pods.	whit:AridShrubland,BorealForest,ColdBog,Desert,ExtremeDesert,Glowforest,Grasslands,GlacialPlain,LavaField,Scarlands,TemperateForest,TemperateSwamp,TropicalRainforest,TropicalSwamp,Tundra,PoisonForest,Savanna,Volcano,Wasteland,Wetland,AB_FeraliskInfestedJungle,AB_RockyCrags,AB_GallatrossGraveyard,AB_GelatinousSuperorganism,AB_IdyllicMeadows,AB_MechanoidIntrusion,AB_MiasmicMangrove,AB_MycoticJungle,AB_OcularForest,AB_PropaneLakes,AB_PyroclasticConflagration,AB_TarPits,BiomeArcticOasis,BiomeAreeb,BiomeCypreJungle,BiomeGRimberlands,BiomeGRimerald,BiomeGRimethyst,BiomeGRimonade,BiomeGRimond,BiomeGRimphire,BiomeGRimworld,BiomeGRuby,BiomeGRuquoise,BiomeMist,BiomeToxlands,BiomeGrindland,ZBiome_AlpineMeadow,ZBiome_Badlands,ZBiome_CloudForest,ZBiome_CoastalDunes,ZBiome_DesertOasis,ZBiome_GlacialShield,ZBiome_Grasslands,ZBiome_Marsh; blac:IceSheet,SeaIce,AB_MechanoidIntrusion,AB_PropaneLakes,ZBiome_Sandbar_NoBeach,ZBiome_Iceberg_NoBeach; noRiver
AncientRuins	Odyssey	ruins	The remains of an ancient settlement. These ruins may contain a wide variety of possible threats.	blac:SeaIce,IceSheet,GlacialPlain,AB_MechanoidIntrusion,AB_PropaneLakes,ZBiome_Sandbar_NoBeach,ZBiome_Iceberg_NoBeach
AncientRuins_Frozen	Odyssey	frozen ruins	The ruins of an ancient settlement, now encased in solid ice. These ruins may contain untold dangers.	whit:IceSheet,GlacialPlain,AB_PropaneLakes,ZBiome_GlacialShield
AncientQuarry	Odyssey	ancient quarry	This area was once mined for its natural resources, and the remains of the ancient quarry are still here.	minHilliness=Mountainous
AncientSmokeVent	Odyssey	ancient smoke vent	This area has a number of massive exhaust vents. An ancient mechanism buried deep beneath the earth will occasionally vent large amounts of smoke, blocking out the sun for days at a time.	whit:Scarlands,BorealForest,TemperateForest,TropicalRainforest,AridShrubland,Desert,ExtremeDesert,Grasslands,PoisonForest,Savanna,Volcano,Wasteland,Wetland,AB_FeraliskInfestedJungle,AB_RockyCrags,AB_GallatrossGraveyard,AB_GelatinousSuperorganism,AB_IdyllicMeadows,AB_MiasmicMangrove,AB_MycoticJungle,AB_OcularForest,AB_TarPits,BiomeArcticOasis,BiomeAreeb,BiomeCypreJungle,BiomeGRimberlands,BiomeGRimerald,BiomeGRimethyst,BiomeGRimonade,BiomeGRimond,BiomeGRimphire,BiomeGRimworld,BiomeGRuby,BiomeGRuquoise,BiomeMist,BiomeToxlands,BiomeGrindland,ZBiome_Badlands
AncientToxVent	Odyssey	ancient toxic vent	Massive toxic vents will regularly spew toxic fallout into the air. The vents connect to an ancient substructure buried deep beneath the earth.	whit:Scarlands,BorealForest,TemperateForest,TropicalRainforest,AridShrubland,Desert,ExtremeDesert,Grasslands,PoisonForest,Savanna,Volcano,Wasteland,Wetland,AB_FeraliskInfestedJungle,AB_RockyCrags,AB_GallatrossGraveyard,AB_GelatinousSuperorganism,AB_IdyllicMeadows,AB_MiasmicMangrove,AB_MycoticJungle,AB_OcularForest,AB_TarPits,BiomeArcticOasis,BiomeAreeb,BiomeCypreJungle,BiomeGRimberlands,BiomeGRimerald,BiomeGRimethyst,BiomeGRimonade,BiomeGRimond,BiomeGRimphire,BiomeGRimworld,BiomeGRuby,BiomeGRuquoise,BiomeMist,BiomeToxlands,BiomeGrindland,ZBiome_Badlands
AncientHeatVent	Odyssey	ancient heat vent	Ancient ducts will regularly vent heat from an underground megastructure, dramatically raising the temperature of the surrounding area.	whit:AridShrubland,Desert,ExtremeDesert,Savanna,AB_RockyCrags,AB_GallatrossGraveyard,ZBiome_Badlands,ZBiome_DesertOasis,ZBiome_CoastalDunes,ZBiome_Grasslands
AbandonedColonyTribal	Odyssey	abandoned colony	A recently abandoned colony.	blac:Scarlands,SeaIce,IceSheet,AB_MechanoidIntrusion,AB_PropaneLakes,AB_PyroclasticConflagration,ZBiome_Sandbar_NoBeach,ZBiome_Iceberg_NoBeach
AbandonedColonyOutlander	Odyssey	abandoned colony	A recently abandoned colony.	blac:Scarlands,SeaIce,IceSheet,AB_MechanoidIntrusion,AB_PropaneLakes,AB_PyroclasticConflagration,ZBiome_Sandbar_NoBeach,ZBiome_Iceberg_NoBeach
Harbor	Odyssey	harbor	An abandoned coastal settlement.	blac:Scarlands,SeaIce,IceSheet,AB_MechanoidIntrusion,AB_PropaneLakes,ZBiome_Sandbar_NoBeach,ZBiome_Iceberg_NoBeach,ZBiome_Badlands
Stockpile	Odyssey	stockpile	This area contains an underground stockpile of resources. Be careful, some of the ancient defense systems may still be active.	blac:SeaIce,ZBiome_Sandbar_NoBeach,ZBiome_Iceberg_NoBeach
AncientUplink	Odyssey	ancient uplink	This area contains an uplink used for communication with a low orbit satellite. Hacking the uplink will reveal a hidden location in orbit.	
AnimalLife_Increased	Odyssey	increased animal life	Animals are more abundant here.	poll=0..0.25; freeChance=0.02
AnimalLife_Decreased	Odyssey	decreased animal life	Animals are less abundant here than normal.	freeChance=0.01
AnimalHabitat	Odyssey	animal habitat	A natural habitat for {ANIMALKIND_labelPlural}. They appear in greater numbers here.	poll=0..0.25; freeChance=0.02
PlantLife_Increased	Odyssey	increased plant life	Plant life is more abundant here.	poll=0..0.25; blac:IceSheet,SeaIce,AB_MechanoidIntrusion,ZBiome_Sandbar_NoBeach,ZBiome_Iceberg_NoBeach; freeChance=0.02
PlantLife_Decreased	Odyssey	decreased plant life	Plant life is less abundant here.	freeChance=0.01
PlantGrove	Odyssey	plant grove	This area contains a large number of {0}s.	poll=0..0.25; whit:TemperateForest,TemperateSwamp,ColdBog,BorealForest,TropicalSwamp,TropicalRainforest,Glowforest,AB_FeraliskInfestedJungle,AB_GelatinousSuperorganism,AB_IdyllicMeadows,AB_MiasmicMangrove,AB_MycoticJungle,AB_TarPits,BiomeArcticOasis,BiomeAreeb,BiomeCypreJungle,BiomeGRimberlands,BiomeGRimerald,BiomeGRimethyst,BiomeGRimonade,BiomeGRimond,BiomeGRimphire,BiomeGRimworld,BiomeGRuby,BiomeGRuquoise,BiomeMist,BiomeGrindland,ZBiome_AlpineMeadow,ZBiome_CloudForest,ZBiome_Marsh,ZBiome_Grasslands,COMIGO_GreaterSwamp_Temperate,COMIGO_GreaterSwamp_Cold,COMIGO_GreaterSwamp_Tropical; freeChance=0.02
WildPlants	Odyssey	wild plants	When warm enough, this area can grow a large number of {0}.	poll=0..0.25; whit:AridShrubland,BorealForest,ColdBog,GlacialPlain,Grasslands,LavaField,TemperateForest,TemperateSwamp,TropicalRainforest,TropicalSwamp,Tundra,AB_GelatinousSuperorganism,AB_IdyllicMeadows,AB_TarPits,AB_GallatrossGraveyard,BiomeArcticOasis,BiomeAreeb,BiomeCypreJungle,BiomeGRimberlands,BiomeGRimerald,BiomeGRimethyst,BiomeGRimonade,BiomeGRimond,BiomeGRimphire,BiomeGRimworld,BiomeGRuby,BiomeGRuquoise,BiomeMist,BiomeGrindland,ZBiome_AlpineMeadow,ZBiome_Badlands,ZBiome_CloudForest,ZBiome_CoastalDunes,ZBiome_DesertOasis,ZBiome_GlacialShield,ZBiome_Grasslands,ZBiome_Marsh,COMIGO_GreaterSwamp_Temperate,COMIGO_GreaterSwamp_Cold,COMIGO_GreaterSwamp_Tropical; freeChance=0.03
WildTropicalPlants	Odyssey	wild plants	This area can grow a large number of {0}s.	poll=0..0.25; whit:TropicalRainforest,TropicalSwamp,AB_MiasmicMangrove,AB_MycoticJungle,AB_FeraliskInfestedJungle,BiomeArcticOasis,BiomeAreeb,BiomeCypreJungle,BiomeGRimberlands,BiomeGRimond,BiomeGRimphire,BiomeGRuby,BiomeGRuquoise,BiomeGrindland,ZBiome_CloudForest,ZBiome_CoastalDunes,ZBiome_DesertOasis; freeChance=0.01
Junkyard	Odyssey	junkyard	An old dumping ground for various kinds of junk.	maxHilliness=SmallHills; freeChance=0.01
SteamGeysers_Increased	Odyssey	high geothermal activity	Steam geysers are more common in this area.	blac:Grasslands,GlacialPlain,AB_MechanoidIntrusion,ZBiome_Sandbar_NoBeach,ZBiome_Iceberg_NoBeach,ZBiome_DesertOasis; freeChance=0.01
MineralRich	Odyssey	mineral rich		blac:IceSheet,SeaIce,AB_PropaneLakes,AB_GelatinousSuperorganism,AB_IdyllicMeadows,ZBiome_Sandbar_NoBeach,ZBiome_Iceberg_NoBeach
ArcheanTrees	Odyssey	archean trees	This area contains ancient archean trees. These trees host a special microbial community in their roots which converts nearby terrain into rich soil. Their delicate root system makes it impossible to replant them.	poll=0..0.25; whit:AridShrubland,BorealForest,ColdBog,GlacialPlain,Grasslands,LavaField,TemperateForest,TemperateSwamp,TropicalRainforest,TropicalSwamp,Tundra,AB_FeraliskInfestedJungle,AB_GallatrossGraveyard,AB_GelatinousSuperorganism,AB_IdyllicMeadows,AB_MiasmicMangrove,AB_MycoticJungle,AB_OcularForest,AB_TarPits,BiomeArcticOasis,BiomeAreeb,BiomeCypreJungle,BiomeGRimberlands,BiomeGRimerald,BiomeGRimethyst,BiomeGRimonade,BiomeGRimond,BiomeGRimphire,BiomeGRimworld,BiomeGRuby,BiomeGRuquoise,BiomeMist,BiomeToxlands,BiomeGrindland,ZBiome_AlpineMeadow,ZBiome_Badlands,ZBiome_CloudForest,ZBiome_CoastalDunes,ZBiome_DesertOasis,ZBiome_GlacialShield,ZBiome_Grasslands,ZBiome_Marsh
FoggyMutator	Odyssey	foggy	Fog is common in this area.	whit:BorealForest,ColdBog,TemperateForest,TemperateSwamp,TropicalRainforest,TropicalSwamp,Grasslands,Glowforest,Scarlands,AB_FeraliskInfestedJungle,AB_GallatrossGraveyard,AB_GelatinousSuperorganism,AB_IdyllicMeadows,AB_MiasmicMangrove,AB_TarPits,BiomeArcticOasis,BiomeAreeb,BiomeCypreJungle,BiomeGRimberlands,BiomeGRimerald,BiomeGRimethyst,BiomeGRimonade,BiomeGRimond,BiomeGRimphire,BiomeGRimworld,BiomeGRuby,BiomeGRuquoise,BiomeMist,BiomeToxlands,BiomeGrindland,ZBiome_AlpineMeadow,ZBiome_Badlands,ZBiome_CloudForest,ZBiome_CoastalDunes,ZBiome_DesertOasis,ZBiome_GlacialShield,ZBiome_Grasslands,ZBiome_Marsh,ZBiome_Iceberg_NoBeach,ZBiome_Sandbar_NoBeach,COMIGO_GreaterSwamp_Temperate,COMIGO_GreaterSwamp_Cold,COMIGO_GreaterSwamp_Tropical; wx:Fog x1 +10; freeChance=0.01
SunnyMutator	Odyssey	sunny	Clear weather is much more common here.	blac:Glowforest,AB_RockyCrags,BiomeGRuby; wx:Clear x1 +10; freeChance=0.02
WetClimate	Odyssey	wet climate	Precipitation is much more common here.	whit:BorealForest,ColdBog,IceSheet,SeaIce,TemperateForest,TemperateSwamp,TropicalRainforest,TropicalSwamp,Glowforest,Wetland,PoisonForest,AB_FeraliskInfestedJungle,AB_GallatrossGraveyard,AB_GelatinousSuperorganism,AB_IdyllicMeadows,AB_MechanoidIntrusion,AB_MiasmicMangrove,AB_MycoticJungle,AB_OcularForest,AB_PropaneLakes,AB_TarPits,BiomeCypreJungle,BiomeGRimberlands,BiomeGRimerald,BiomeGRimethyst,BiomeGRuby,BiomeGRuquoise,BiomeMist,BiomeGrindland,ZBiome_AlpineMeadow,ZBiome_CloudForest,ZBiome_CoastalDunes,ZBiome_GlacialShield,ZBiome_Grasslands,ZBiome_Marsh,ZBiome_Iceberg_NoBeach,COMIGO_GreaterSwamp_Temperate,COMIGO_GreaterSwamp_Cold,COMIGO_GreaterSwamp_Tropical; wx:Rain,RainyThunderstorm,SnowGentle,SnowHard,Blizzard,FoggyRain x1 +10; freeChance=0.01
WindyMutator	Odyssey	windy	Winds are much stronger in this area.	whit:AridShrubland,Desert,ExtremeDesert,IceSheet,SeaIce,Tundra,Grasslands,GlacialPlain,LavaField,Scarlands,BiomeArcticOasis,BiomeAreeb,BiomeCypreJungle,BiomeGRimberlands,BiomeGRimerald,BiomeGRimethyst,BiomeGRimonade,BiomeGRimond,BiomeGRimphire,BiomeGRimworld,BiomeGRuby,BiomeGRuquoise,BiomeMist,BiomeToxlands,BiomeGrindland,ZBiome_AlpineMeadow,ZBiome_Badlands,ZBiome_CoastalDunes,ZBiome_GlacialShield,ZBiome_Grasslands,ZBiome_Marsh,ZBiome_Sandbar_NoBeach,ZBiome_Iceberg_NoBeach,COMIGO_GreaterSwamp_Temperate,COMIGO_GreaterSwamp_Cold,COMIGO_GreaterSwamp_Tropical; cond:WindyGameCondition; wx:Windy x1 +10; freeChance=0.01
Pollution_Increased	Odyssey	increased pollution	This area is contaminated with toxic pollutants.	
Fish_Increased	Odyssey	increased fish	This area has more fish than normal.	poll=0..0.25; blac:Scarlands,Desert,ExtremeDesert,Savanna,Wasteland,Volcano,AB_RockyCrags,AB_GallatrossGraveyard,AB_MechanoidIntrusion,AB_PropaneLakes,ZBiome_Badlands
Fish_Decreased	Odyssey	decreased fish	This area has fewer fish than normal.	blac:Scarlands,Wasteland
DryGround	Odyssey	dry ground	The ground in this area is drier than normal. There are no small ponds or bodies of water.	whit:Scarlands,BorealForest,Tundra,BiomeArcticOasis,BiomeAreeb,BiomeCypreJungle,BiomeGRimberlands,BiomeGRimerald,BiomeGRimethyst,BiomeGRimonade,BiomeGRimond,BiomeGRimphire,BiomeGRimworld,BiomeGRuby,BiomeGRuquoise,BiomeMist,BiomeToxlands,BiomeGrindland,ZBiome_Badlands; freeChance=0.02
ObsidianDeposits	Odyssey	obsidian deposits	This area has deposits of volcanic obsidian, which can be mined for obsidian glass.	whit:LavaField,Volcano,BiomeGRimphire,BiomeGRimworld,BiomeToxlands; freeChance=0.05
Headwater	Odyssey	headwater	A river's origin point.	
RiverConfluence	Odyssey	river confluence	A merging of two rivers.	
RiverIsland	Odyssey	river island	A river splitting into two and then merging again.	
RiverDelta	Odyssey	delta	A river splitting into many branches as it enters the ocean.	
Lake	Odyssey	lake	A large body of fresh water.	whit:BorealForest,GlacialPlain,Glowforest,TemperateForest,TropicalRainforest,Grasslands,Tundra,Wetland,AB_FeraliskInfestedJungle,AB_IdyllicMeadows,AB_MiasmicMangrove,AB_MycoticJungle,AB_OcularForest,AB_PropaneLakes,AB_TarPits,BiomeArcticOasis,BiomeAreeb,BiomeCypreJungle,BiomeGRimberlands,BiomeGRimerald,BiomeGRimethyst,BiomeGRimonade,BiomeGRimond,BiomeGRimworld,BiomeGRuby,BiomeGRuquoise,BiomeMist,BiomeGrindland,ZBiome_AlpineMeadow,ZBiome_CloudForest,ZBiome_GlacialShield,ZBiome_Grasslands,ZBiome_Marsh,COMIGO_GreaterSwamp_Temperate,COMIGO_GreaterSwamp_Cold,COMIGO_GreaterSwamp_Tropical; coast=0..0
LakeWithIsland	Odyssey	lake with island	A large body of fresh water encircles one or more islands.	whit:BorealForest,GlacialPlain,Glowforest,TemperateForest,TropicalRainforest,Grasslands,Tundra,Wetland,AB_FeraliskInfestedJungle,AB_IdyllicMeadows,AB_MiasmicMangrove,AB_MycoticJungle,AB_OcularForest,AB_PropaneLakes,AB_TarPits,BiomeArcticOasis,BiomeAreeb,BiomeCypreJungle,BiomeGRimberlands,BiomeGRimerald,BiomeGRimethyst,BiomeGRimonade,BiomeGRimond,BiomeGRimworld,BiomeGRuby,BiomeGRuquoise,BiomeMist,BiomeGrindland,ZBiome_AlpineMeadow,ZBiome_CloudForest,ZBiome_GlacialShield,ZBiome_Grasslands,ZBiome_Marsh,COMIGO_GreaterSwamp_Temperate,COMIGO_GreaterSwamp_Cold,COMIGO_GreaterSwamp_Tropical; coast=0..0; noRiver
LakeWithIslands	Odyssey	lake with island	A large body of fresh water encircles one or more islands.	whit:BorealForest,GlacialPlain,Glowforest,TemperateForest,TropicalRainforest,Grasslands,Tundra,Wetland,AB_FeraliskInfestedJungle,AB_IdyllicMeadows,AB_MiasmicMangrove,AB_MycoticJungle,AB_OcularForest,AB_PropaneLakes,AB_TarPits,BiomeArcticOasis,BiomeAreeb,BiomeCypreJungle,BiomeGRimberlands,BiomeGRimerald,BiomeGRimethyst,BiomeGRimonade,BiomeGRimond,BiomeGRimworld,BiomeGRuby,BiomeGRuquoise,BiomeMist,BiomeGrindland,ZBiome_AlpineMeadow,ZBiome_CloudForest,ZBiome_GlacialShield,ZBiome_Grasslands,ZBiome_Marsh,COMIGO_GreaterSwamp_Temperate,COMIGO_GreaterSwamp_Cold,COMIGO_GreaterSwamp_Tropical; coast=0..0; noRiver
Pond	Odyssey	pond	A small body of fresh water.	whit:AridShrubland,BorealForest,GlacialPlain,Glowforest,Grasslands,TemperateForest,TropicalRainforest,Tundra,AB_FeraliskInfestedJungle,AB_IdyllicMeadows,AB_MiasmicMangrove,AB_MycoticJungle,AB_OcularForest,AB_PropaneLakes,AB_TarPits,BiomeArcticOasis,BiomeAreeb,BiomeCypreJungle,BiomeGRimberlands,BiomeGRimerald,BiomeGRimethyst,BiomeGRimonade,BiomeGRimond,BiomeGRimphire,BiomeGRimworld,BiomeGRuby,BiomeGRuquoise,BiomeMist,BiomeGrindland,ZBiome_AlpineMeadow,ZBiome_CloudForest,ZBiome_GlacialShield,ZBiome_Grasslands,ZBiome_Marsh,COMIGO_GreaterSwamp_Temperate,COMIGO_GreaterSwamp_Cold,COMIGO_GreaterSwamp_Tropical; coast=0..0
Oasis	Odyssey	oasis	A lush spring featuring abundant plant life and water.	temp=20..60; whit:Desert,ExtremeDesert,Savanna,AB_GallatrossGraveyard,AB_TarPits,BiomeArcticOasis,BiomeAreeb,BiomeCypreJungle,BiomeGRimberlands,BiomeGRimond,BiomeGRimphire,BiomeGRimworld,BiomeGRuby,BiomeGrindland,ZBiome_DesertOasis,ZBiome_Grasslands; plants:Plant_TreePalm,Plant_RatPalm,Plant_Grass,Plant_GrayGrass,Plant_Reeds; noRiver
DryLake	Odyssey	dry lake	The remains of a former lake.	whit:Desert,ExtremeDesert,Tundra,AridShrubland,Grasslands,Savanna,AB_GallatrossGraveyard,AB_RockyCrags,AB_TarPits,BiomeAreeb,BiomeCypreJungle,BiomeGRimberlands,BiomeGRimerald,BiomeGRimethyst,BiomeGRimonade,BiomeGRimond,BiomeGRimworld,BiomeGRuby,BiomeGRuquoise,BiomeMist,BiomeToxlands,BiomeGrindland,ZBiome_Badlands,ZBiome_Grasslands; coast=0..0; noRiver
ToxicLake	Odyssey	toxic lake	A body of water that has been poisoned by chemicals leaching out of the ground. The water will cause toxic buildup.	whit:Glowforest,Scarlands,Wasteland,BiomeGRimerald,BiomeGRimonade,BiomeGRimworld,BiomeMist,BiomeToxlands; noRiver
Wetland	Odyssey	wetland	Large interconnected waterways dominate the area.	whit:BorealForest,ColdBog,Glowforest,TemperateForest,TemperateSwamp,TropicalRainforest,TropicalSwamp,Tundra,AB_FeraliskInfestedJungle,AB_GelatinousSuperorganism,AB_IdyllicMeadows,AB_MiasmicMangrove,AB_MycoticJungle,BiomeArcticOasis,BiomeAreeb,BiomeCypreJungle,BiomeGRimberlands,BiomeGRimerald,BiomeGRimethyst,BiomeGRimonade,BiomeGRimond,BiomeGRimphire,BiomeGRimworld,BiomeGRuby,BiomeGRuquoise,BiomeMist,BiomeToxlands,BiomeGrindland,ZBiome_AlpineMeadow,ZBiome_CloudForest,ZBiome_Grasslands,ZBiome_Marsh; coast=0..0
HotSprings	Odyssey	hot springs	A hot water spring, heated by geothermal activity.	whit:BorealForest,LavaField,TemperateForest,Tundra,GlacialPlain,Wetland,AB_FeraliskInfestedJungle,AB_GelatinousSuperorganism,AB_IdyllicMeadows,AB_MiasmicMangrove,AB_MycoticJungle,BiomeArcticOasis,BiomeAreeb,BiomeCypreJungle,BiomeGRimberlands,BiomeGRimerald,BiomeGRimethyst,BiomeGRimond,BiomeGRimphire,BiomeGRimworld,BiomeGRuby,BiomeGRuquoise,BiomeMist,BiomeGrindland,ZBiome_AlpineMeadow,ZBiome_GlacialShield,ZBiome_Marsh; minHilliness=Mountainous; coast=0..0; noRiver
Valley	Odyssey	valley	A steep valley carved through a mountain.	minHilliness=Mountainous; coast=0..0
Cavern	Odyssey	cavern	A network of caves formed by various geological processes.	minHilliness=Mountainous
Chasm	Odyssey	chasm	Geological movement has caused deep fissures in this mountain.	minHilliness=Mountainous
Crevasse	Odyssey	crevasse	A massive rift created by glacial movement.	whit:GlacialPlain,ZBiome_AlpineMeadow,ZBiome_GlacialShield; maxHilliness=Flat; coast=0..0
Plateau	Odyssey	plateau	A small rise with sharp cliffs and a flat top.	whit:AridShrubland,Grasslands,Glowforest,Desert,Tundra,Savanna,BiomeArcticOasis,BiomeAreeb,BiomeCypreJungle,BiomeGRimberlands,BiomeGRimerald,BiomeGRimethyst,BiomeGRimonade,BiomeGRimond,BiomeGRimphire,BiomeGRimworld,BiomeGRuby,BiomeGRuquoise,BiomeMist,BiomeToxlands,BiomeGrindland,ZBiome_Badlands,ZBiome_CloudForest,ZBiome_GlacialShield,ZBiome_Grasslands; maxHilliness=Flat; hillinessForElevationGen=Flat
IceDunes	Odyssey	ice dunes	Massive rolling hills made from compacted windswept snow.	whit:SeaIce,IceSheet,BiomeArcticOasis,BiomeGRimonade; maxHilliness=Flat
Cliffs	Odyssey	cliffs	Steep cliffs surround three sides of this area.	whit:AridShrubland,BorealForest,ColdBog,Desert,ExtremeDesert,Glowforest,Grasslands,IceSheet,LavaField,SeaIce,TemperateForest,TemperateSwamp,TropicalRainforest,TropicalSwamp,Tundra,PoisonForest,Savanna,Wasteland,Wetland,Savanna,Wasteland,AB_FeraliskInfestedJungle,AB_RockyCrags,AB_GallatrossGraveyard,AB_GelatinousSuperorganism,AB_IdyllicMeadows,AB_MechanoidIntrusion,AB_MiasmicMangrove,AB_MycoticJungle,AB_OcularForest,AB_PyroclasticConflagration,AB_TarPits,BiomeArcticOasis,BiomeAreeb,BiomeCypreJungle,BiomeGRimberlands,BiomeGRimerald,BiomeGRimethyst,BiomeGRimonade,BiomeGRimond,BiomeGRimphire,BiomeGRimworld,BiomeGRuby,BiomeGRuquoise,BiomeMist,BiomeToxlands,BiomeGrindland,ZBiome_AlpineMeadow,ZBiome_Badlands,ZBiome_CloudForest,ZBiome_CoastalDunes,ZBiome_DesertOasis,ZBiome_GlacialShield,ZBiome_Grasslands,ZBiome_Marsh; minHilliness=Mountainous; hillinessForElevationGen=Flat
Hollow	Odyssey	hollow	A small open area surrounded by cliffs.	minHilliness=Mountainous
Basin	Odyssey	basin	A natural depression in a mountain range, in which groundwater feeds a small lake.	whit:BorealForest,ColdBog,GlacialPlain,Glowforest,Grasslands,LavaField,Scarlands,TemperateForest,TemperateSwamp,TropicalRainforest,TropicalSwamp,Tundra,PoisonForest,Savanna,Wasteland,Wetland,AB_FeraliskInfestedJungle,AB_IdyllicMeadows,AB_MiasmicMangrove,AB_MycoticJungle,AB_OcularForest,AB_TarPits,BiomeArcticOasis,BiomeAreeb,BiomeCypreJungle,BiomeGRimberlands,BiomeGRimerald,BiomeGRimethyst,BiomeGRimonade,BiomeGRimond,BiomeGRimphire,BiomeGRimworld,BiomeGRuby,BiomeGRuquoise,BiomeMist,BiomeToxlands,BiomeGrindland,ZBiome_AlpineMeadow,ZBiome_Badlands,ZBiome_CloudForest,ZBiome_DesertOasis,ZBiome_GlacialShield,ZBiome_Grasslands,ZBiome_Marsh; minHilliness=Mountainous
TerraformingScar	Odyssey	terraforming scar	A misaligned blast from an ancient terraforming device has warped the earth into serpentine spirals. The area has since recovered, though the twisted and deformed hills remain.	whit:AridShrubland,BorealForest,ColdBog,Desert,ExtremeDesert,Glowforest,Grasslands,LavaField,Scarlands,TemperateForest,TemperateSwamp,TropicalRainforest,TropicalSwamp,Tundra,PoisonForest,Savanna,Volcano,Wasteland,Wetland,AB_FeraliskInfestedJungle,AB_RockyCrags,AB_GallatrossGraveyard,AB_GelatinousSuperorganism,AB_IdyllicMeadows,AB_MechanoidIntrusion,AB_MiasmicMangrove,AB_MycoticJungle,AB_OcularForest,AB_PropaneLakes,AB_PyroclasticConflagration,AB_TarPits,BiomeArcticOasis,BiomeAreeb,BiomeCypreJungle,BiomeGRimberlands,BiomeGRimerald,BiomeGRimethyst,BiomeGRimonade,BiomeGRimond,BiomeGRimphire,BiomeGRimworld,BiomeGRuby,BiomeGRuquoise,BiomeMist,BiomeToxlands,BiomeGrindland,ZBiome_AlpineMeadow,ZBiome_Badlands,ZBiome_CloudForest,ZBiome_CoastalDunes,ZBiome_DesertOasis,ZBiome_GlacialShield,ZBiome_Grasslands,ZBiome_Marsh
Lakeshore	Odyssey	lakeshore	This tile borders a lake.	
Archipelago	Odyssey	archipelago	A network of several small islands dotting the coast.	whit:AridShrubland,BorealForest,ColdBog,Desert,ExtremeDesert,GlacialPlain,Glowforest,Grasslands,LavaField,Scarlands,TemperateForest,TemperateSwamp,TropicalRainforest,TropicalSwamp,Tundra,PoisonForest,Wasteland,Wetland,AB_FeraliskInfestedJungle,AB_RockyCrags,AB_GallatrossGraveyard,AB_GelatinousSuperorganism,AB_IdyllicMeadows,AB_MechanoidIntrusion,AB_MiasmicMangrove,AB_MycoticJungle,AB_OcularForest,AB_PropaneLakes,AB_PyroclasticConflagration,AB_TarPits,BiomeArcticOasis,BiomeAreeb,BiomeCypreJungle,BiomeGRimberlands,BiomeGRimerald,BiomeGRimethyst,BiomeGRimonade,BiomeGRimond,BiomeGRimphire,BiomeGRimworld,BiomeGRuby,BiomeGRuquoise,BiomeMist,BiomeToxlands,BiomeGrindland,ZBiome_AlpineMeadow,ZBiome_Badlands,ZBiome_CloudForest,ZBiome_CoastalDunes,ZBiome_DesertOasis,ZBiome_GlacialShield,ZBiome_Grasslands,ZBiome_Marsh,COMIGO_GreaterSwamp_Temperate,COMIGO_GreaterSwamp_Cold,COMIGO_GreaterSwamp_Tropical; blac:SeaIce,ZBiome_Sandbar_NoBeach,ZBiome_Iceberg_NoBeach; coast=2..5; noRiver
CoastalIsland	Odyssey	coastal island	A large island near the shore.	whit:AridShrubland,BorealForest,ColdBog,Desert,ExtremeDesert,GlacialPlain,Glowforest,Grasslands,LavaField,Scarlands,TemperateForest,TemperateSwamp,TropicalRainforest,TropicalSwamp,Tundra,PoisonForest,Wasteland,Wetland,AB_FeraliskInfestedJungle,AB_RockyCrags,AB_GallatrossGraveyard,AB_GelatinousSuperorganism,AB_IdyllicMeadows,AB_MechanoidIntrusion,AB_MiasmicMangrove,AB_MycoticJungle,AB_OcularForest,AB_PropaneLakes,AB_PyroclasticConflagration,AB_TarPits,BiomeArcticOasis,BiomeAreeb,BiomeCypreJungle,BiomeGRimberlands,BiomeGRimerald,BiomeGRimethyst,BiomeGRimonade,BiomeGRimond,BiomeGRimphire,BiomeGRimworld,BiomeGRuby,BiomeGRuquoise,BiomeMist,BiomeToxlands,BiomeGrindland,ZBiome_AlpineMeadow,ZBiome_Badlands,ZBiome_CloudForest,ZBiome_CoastalDunes,ZBiome_DesertOasis,ZBiome_GlacialShield,ZBiome_Grasslands,ZBiome_Marsh,COMIGO_GreaterSwamp_Temperate,COMIGO_GreaterSwamp_Cold,COMIGO_GreaterSwamp_Tropical; blac:SeaIce,ZBiome_Sandbar_NoBeach,ZBiome_Iceberg_NoBeach; coast=3..5; noRiver
Peninsula	Odyssey	peninsula	An outcropping of land surrounded by ocean.	whit:AridShrubland,BorealForest,ColdBog,Desert,ExtremeDesert,GlacialPlain,Glowforest,Grasslands,LavaField,Scarlands,TemperateForest,TemperateSwamp,TropicalRainforest,TropicalSwamp,Tundra,PoisonForest,Wasteland,Wetland,AB_FeraliskInfestedJungle,AB_RockyCrags,AB_GallatrossGraveyard,AB_GelatinousSuperorganism,AB_IdyllicMeadows,AB_MechanoidIntrusion,AB_MiasmicMangrove,AB_MycoticJungle,AB_OcularForest,AB_PropaneLakes,AB_PyroclasticConflagration,AB_TarPits,BiomeArcticOasis,BiomeAreeb,BiomeCypreJungle,BiomeGRimberlands,BiomeGRimerald,BiomeGRimethyst,BiomeGRimonade,BiomeGRimond,BiomeGRimphire,BiomeGRimworld,BiomeGRuby,BiomeGRuquoise,BiomeMist,BiomeToxlands,BiomeGrindland,ZBiome_AlpineMeadow,ZBiome_Badlands,ZBiome_CloudForest,ZBiome_CoastalDunes,ZBiome_DesertOasis,ZBiome_GlacialShield,ZBiome_Grasslands,ZBiome_Marsh,COMIGO_GreaterSwamp_Temperate,COMIGO_GreaterSwamp_Cold,COMIGO_GreaterSwamp_Tropical; coast=3..5
Bay	Odyssey	bay	A large indentation in the coastline that provides shelter from strong coastal winds.	whit:AridShrubland,BorealForest,ColdBog,Desert,ExtremeDesert,GlacialPlain,Glowforest,Grasslands,LavaField,Scarlands,TemperateForest,TemperateSwamp,TropicalRainforest,TropicalSwamp,Tundra,PoisonForest,Wasteland,Wetland,AB_FeraliskInfestedJungle,AB_RockyCrags,AB_GallatrossGraveyard,AB_GelatinousSuperorganism,AB_IdyllicMeadows,AB_MechanoidIntrusion,AB_MiasmicMangrove,AB_MycoticJungle,AB_OcularForest,AB_PropaneLakes,AB_PyroclasticConflagration,AB_TarPits,BiomeArcticOasis,BiomeAreeb,BiomeCypreJungle,BiomeGRimberlands,BiomeGRimerald,BiomeGRimethyst,BiomeGRimonade,BiomeGRimond,BiomeGRimphire,BiomeGRimworld,BiomeGRuby,BiomeGRuquoise,BiomeMist,BiomeToxlands,BiomeGrindland,ZBiome_AlpineMeadow,ZBiome_Badlands,ZBiome_CloudForest,ZBiome_CoastalDunes,ZBiome_DesertOasis,ZBiome_GlacialShield,ZBiome_Grasslands,ZBiome_Marsh,COMIGO_GreaterSwamp_Temperate,COMIGO_GreaterSwamp_Cold,COMIGO_GreaterSwamp_Tropical; coast=1..5
Cove	Odyssey	bay	A large indentation in the coastline that provides shelter from strong coastal winds.	whit:AridShrubland,BorealForest,ColdBog,Desert,ExtremeDesert,GlacialPlain,Glowforest,Grasslands,LavaField,Scarlands,TemperateForest,TemperateSwamp,TropicalRainforest,TropicalSwamp,Tundra,PoisonForest,Wasteland,Wetland,AB_FeraliskInfestedJungle,AB_RockyCrags,AB_GallatrossGraveyard,AB_GelatinousSuperorganism,AB_IdyllicMeadows,AB_MechanoidIntrusion,AB_MiasmicMangrove,AB_MycoticJungle,AB_OcularForest,AB_PropaneLakes,AB_PyroclasticConflagration,AB_TarPits,BiomeArcticOasis,BiomeAreeb,BiomeCypreJungle,BiomeGRimberlands,BiomeGRimerald,BiomeGRimethyst,BiomeGRimonade,BiomeGRimond,BiomeGRimphire,BiomeGRimworld,BiomeGRuby,BiomeGRuquoise,BiomeMist,BiomeToxlands,BiomeGrindland,ZBiome_AlpineMeadow,ZBiome_Badlands,ZBiome_CloudForest,ZBiome_CoastalDunes,ZBiome_DesertOasis,ZBiome_GlacialShield,ZBiome_Grasslands,ZBiome_Marsh,COMIGO_GreaterSwamp_Temperate,COMIGO_GreaterSwamp_Cold,COMIGO_GreaterSwamp_Tropical; coast=1..5
CoastalAtoll	Odyssey	coastal atoll	An island surrounding a large lagoon. There's very little land to build on here.	whit:AridShrubland,Desert,Grasslands,TemperateForest,TropicalRainforest,BiomeArcticOasis,BiomeAreeb,BiomeCypreJungle,BiomeGRimberlands,BiomeGRimerald,BiomeGRimethyst,BiomeGRimonade,BiomeGRimond,BiomeGRimphire,BiomeGRimworld,BiomeGRuby,BiomeGRuquoise,BiomeMist,BiomeToxlands,BiomeGrindland,ZBiome_Badlands,ZBiome_CloudForest,ZBiome_CoastalDunes,ZBiome_Grasslands; maxHilliness=SmallHills; coast=3..5; noRiver
Iceberg	Odyssey	iceberg	A floating mass of ice, detached from the larger ice sheet.	temp=-100..0; whit:SeaIce,IceSheet,Tundra,ColdBog,BorealForest,BiomeArcticOasis,BiomeGRimonade; coast=3..5; noRiver
Fjord	Odyssey	fjord	A long, narrow sea inlet surrounded by steep terrain.	whit:AridShrubland,BorealForest,ColdBog,Desert,ExtremeDesert,GlacialPlain,Glowforest,Grasslands,LavaField,Scarlands,TemperateForest,TemperateSwamp,TropicalRainforest,TropicalSwamp,Tundra,PoisonForest,Wasteland,Wetland,AB_FeraliskInfestedJungle,AB_RockyCrags,AB_GallatrossGraveyard,AB_GelatinousSuperorganism,AB_IdyllicMeadows,AB_MechanoidIntrusion,AB_MiasmicMangrove,AB_MycoticJungle,AB_OcularForest,AB_PropaneLakes,AB_PyroclasticConflagration,AB_TarPits,BiomeArcticOasis,BiomeAreeb,BiomeCypreJungle,BiomeGRimberlands,BiomeGRimerald,BiomeGRimethyst,BiomeGRimonade,BiomeGRimond,BiomeGRimphire,BiomeGRimworld,BiomeGRuby,BiomeGRuquoise,BiomeMist,BiomeToxlands,BiomeGrindland,ZBiome_AlpineMeadow,ZBiome_Badlands,ZBiome_CloudForest,ZBiome_CoastalDunes,ZBiome_DesertOasis,ZBiome_GlacialShield,ZBiome_Grasslands,ZBiome_Marsh,COMIGO_GreaterSwamp_Temperate,COMIGO_GreaterSwamp_Cold,COMIGO_GreaterSwamp_Tropical; minHilliness=Mountainous; coast=1..5; noRiver
LavaLake	Odyssey	lava lake	A lake of deep lava terrain surrounded by volcanic rock.	whit:LavaField,Wasteland,AB_PyroclasticConflagration,BiomeGRimphire,BiomeGRimworld,BiomeToxlands; coast=0..0; noRiver
LavaCrater	Odyssey	lava lake	A lake of deep lava terrain surrounded by volcanic rock.	whit:LavaField,Wasteland,AB_PyroclasticConflagration,BiomeGRimphire,BiomeGRimworld,BiomeToxlands; coast=0..0; noRiver
LavaFlow	Odyssey	lava flow	The surrounding landscape routinely funnels large amounts of lava into this area, making it extremely inhospitable.	whit:LavaField,AB_PyroclasticConflagration,BiomeGRimphire,BiomeGRimworld,BiomeToxlands; maxHilliness=SmallHills; coast=0..0; noRiver
LavaCaves	Odyssey	lava caves	Small lava-filled cave networks can be found here.	
IceCaves	Odyssey	ice caves	Small cave networks can be found within the ice.	
CaveLakes	Odyssey	cave pools	Small bodies of water can be found within caves in this area.	
Marshy	Odyssey	marshy	Patches of marsh break up this area.	whit:Grasslands,TemperateForest,Tundra,AB_FeraliskInfestedJungle,AB_GelatinousSuperorganism,AB_MiasmicMangrove,BiomeArcticOasis,BiomeAreeb,BiomeCypreJungle,BiomeGRimberlands,BiomeGRimerald,BiomeGRimethyst,BiomeGRimonade,BiomeGRuby,BiomeGRuquoise,BiomeMist,BiomeToxlands,ZBiome_GlacialShield,ZBiome_Grasslands; freeChance=0.01
Sandy	Odyssey	sandy	Large patches of sand are scattered throughout this area.	whit:TropicalRainforest,TemperateForest,Tundra,Grasslands,LavaField,Glowforest,Scarlands,PoisonForest,Volcano,AB_GallatrossGraveyard,AB_IdyllicMeadows,AB_TarPits,BiomeAreeb,BiomeGRimberlands,BiomeGRimond,BiomeGRimphire,BiomeGRimworld,BiomeToxlands,BiomeGrindland,ZBiome_AlpineMeadow,ZBiome_GlacialShield,ZBiome_Grasslands; freeChance=0.01
Fertile	Odyssey	fertile	This area contains more fertile soil than normal.	poll=0..0.25; whit:BorealForest,ColdBog,Glowforest,Grasslands,TemperateForest,TemperateSwamp,TropicalRainforest,TropicalSwamp,AB_FeraliskInfestedJungle,AB_GallatrossGraveyard,AB_IdyllicMeadows,AB_MiasmicMangrove,AB_MycoticJungle,AB_TarPits,BiomeArcticOasis,BiomeAreeb,BiomeCypreJungle,BiomeGRimberlands,BiomeGRimerald,BiomeGRimethyst,BiomeGRimonade,BiomeGRimond,BiomeGRimphire,BiomeGRimworld,BiomeGRuby,BiomeGRuquoise,BiomeMist,BiomeToxlands,BiomeGrindland,ZBiome_AlpineMeadow,ZBiome_CloudForest,ZBiome_CoastalDunes,ZBiome_DesertOasis,ZBiome_GlacialShield,ZBiome_Grasslands,ZBiome_Marsh,COMIGO_GreaterSwamp_Temperate,COMIGO_GreaterSwamp_Cold,COMIGO_GreaterSwamp_Tropical; freeChance=0.01
Muddy	Odyssey	muddy	This area is muddier than normal.	whit:Grasslands,TemperateForest,Tundra,ColdBog,TemperateSwamp,TropicalSwamp,PoisonForest,Wetland,AB_FeraliskInfestedJungle,AB_GallatrossGraveyard,AB_IdyllicMeadows,AB_MiasmicMangrove,AB_MycoticJungle,AB_TarPits,BiomeAreeb,BiomeCypreJungle,BiomeGRimberlands,BiomeGRimerald,BiomeGRimethyst,BiomeGRimonade,BiomeGRimworld,BiomeGRuby,BiomeGRuquoise,BiomeMist,BiomeToxlands,BiomeGrindland,ZBiome_AlpineMeadow,ZBiome_Badlands,ZBiome_CloudForest,ZBiome_GlacialShield,ZBiome_Grasslands,ZBiome_Marsh; freeChance=0.01
MixedBiome	Odyssey	mixed biome	This area is at the boundary of two distinct biomes and has elements of both.	whit:AridShrubland,BorealForest,ColdBog,Desert,ExtremeDesert,GlacialPlain,Grasslands,IceSheet,TemperateForest,TemperateSwamp,TropicalRainforest,TropicalSwamp,Tundra,PoisonForest,Savanna,Volcano,Wasteland,Wetland,AB_FeraliskInfestedJungle,AB_RockyCrags,AB_GallatrossGraveyard,AB_GelatinousSuperorganism,AB_IdyllicMeadows,AB_MechanoidIntrusion,AB_MiasmicMangrove,AB_MycoticJungle,AB_OcularForest,AB_PropaneLakes,AB_PyroclasticConflagration,AB_TarPits,BiomeArcticOasis,BiomeAreeb,BiomeCypreJungle,BiomeGRimberlands,BiomeGRimerald,BiomeGRimethyst,BiomeGRimonade,BiomeGRimond,BiomeGRimphire,BiomeGRimworld,BiomeGRuby,BiomeGRuquoise,BiomeMist,BiomeToxlands,BiomeGrindland,ZBiome_AlpineMeadow,ZBiome_Badlands,ZBiome_CloudForest,ZBiome_CoastalDunes,ZBiome_DesertOasis,ZBiome_GlacialShield,ZBiome_Grasslands,ZBiome_Marsh,COMIGO_GreaterSwamp_Temperate,COMIGO_GreaterSwamp_Cold,COMIGO_GreaterSwamp_Tropical
Dunes	Odyssey	dunes	A barren expanse of sand. This area is extremely inhospitable.	whit:ExtremeDesert,Savanna,BiomeAreeb,BiomeGRimberlands,BiomeGRimond,BiomeGRimworld; maxHilliness=Flat
InsectMegahive	Odyssey	insect megahive	This area hosts a massive subterranean insect hive.	minHilliness=Mountainous
AB_ButterflySwarms	Alpha Biomes	butterfly swarms	Harmless swarms of beautiful butterflies roam this area.	whit:AB_IdyllicMeadows,BiomeArcticOasis,BiomeCypreJungle,BiomeGRimberlands,BiomeGRimerald,BiomeGRimethyst,BiomeGRuquoise,BiomeGrindland; freeChance=0.35
AB_LocustPlagues	Alpha Biomes	locust plagues	Ravenous locusts plagues infest this area, making short work of any yellow grass lying unprotected.	whit:Grasslands,BiomeGRimerald,BiomeGRuquoise,BiomeMist,BiomeToxlands; freeChance=0.1
AB_FeraliskNest	Alpha Biomes	feralisk nest	This area is infested with Feralisks.	blac:AB_FeraliskInfestedJungle; freeChance=0.025
AB_BlizzariskNest	Alpha Biomes	blizzarisk nest	This area is infested with Blizzarisks.	whit:AB_PropaneLakes,SeaIce,IceSheet,Tundra,GlacialPlain,BiomeGRimonade,BiomeArcticOasis; freeChance=0.025
AB_DunealiskNest	Alpha Biomes	dunealisk nest	This area is infested with Dunealisks.	whit:Desert,ExtremeDesert,AB_GallatrossGraveyard,BiomeGRimberlands,BiomeGRimond,BiomeGRimworld; freeChance=0.025
AB_BumbledroneNests	Alpha Biomes	bumbledrone nests	This area has several dangerous Bumbledrone nests.	blac:AB_TarPits,SeaIce,IceSheet,Tundra,GlacialPlain; freeChance=0.015
AB_ExplodingAnimals	Alpha Biomes	exploding animals	Something in this area makes all animals explode violently on death.	cond:AB_ExplodingAnimals; freeChance=0.01
AB_AgariluxPrime_Mutator	Alpha Biomes	agarilux prime sprout	This area contains a wayward Agarilux Prime growing outside the Mycotic Jungle. It will release spores that destroy everything surrounding it.	blac:AB_MycoticJungle; freeChance=0.005
AB_OcularTransformation	Alpha Biomes	ocular transformation	This area has begun to transform into an ocular forest.	poll=0..0.25; blac:IceSheet,SeaIce,ExtremeDesert,AB_OcularForest; freeChance=0.01
AB_GoldenTrees	Alpha Biomes	golden cube trees	This area is achieving PERFECTION.	poll=0..0.25; blac:IceSheet,SeaIce,ExtremeDesert,AB_MechanoidIntrusion; freeChance=0.01
AB_FleshTrees	Alpha Biomes	flesh trees	Weird flesh trees grow wild in this area. They don't look tasty.	poll=0..0.25; blac:IceSheet,SeaIce,ExtremeDesert,AB_MechanoidIntrusion; freeChance=0.01
AB_DessertTrees	Alpha Biomes	dessert trees	Weird dessert trees grow wild in this area. They look VERY tasty.	poll=0..0.25; blac:IceSheet,SeaIce,ExtremeDesert,AB_MechanoidIntrusion; freeChance=0.01
AB_TechnoTrees	Alpha Biomes	technological trees	A strange kind of trees grows in this area. They appear to be half synthetic.	poll=0..0.25; blac:IceSheet,SeaIce,ExtremeDesert; freeChance=0.01
AB_LuminescentTrees	Alpha Biomes	luminescent trees	Unusual luminescent trees grow in this area.	poll=0..0.25; blac:IceSheet,SeaIce,ExtremeDesert,AB_MycoticJungle; freeChance=0.01
AB_SterileGround	Alpha Biomes	sterile ground	No wild plants grow here besides simple grass, but disease chance is lowered by 75%.	freeChance=0.005
AB_AncientFreezingVent	Alpha Biomes	ancient freezing vent	This area has a number of massive freezing vents. An ancient mechanism buried deep beneath the earth will occasionally vent large amounts of freezing cold air, lowering temperatures greatly.	freeChance=0.01
AB_AncientGreyPallVent	Alpha Biomes	gray pall vent	This area has a number of rusted, forebodding vents. An ancient mechanism buried deep beneath the earth will occasionally vent large amounts of sickly looking smoke that will plunge the area into a preternatural darkness.	freeChance=0.01
AB_AncientBloodRainVent	Alpha Biomes	blood rain vent	This area has a number of gigantic corroded vents. An ancient mechanism buried deep beneath the earth will occasionally vent huge red clouds of a vaporized blood-like substance that will coalesce into a disgusting blood rain.	freeChance=0.01
AB_AncientDeathPallVent	Alpha Biomes	death pall vent	This area has a number of ancient runic grates of unknown origin. An ancient mechanism buried deep beneath the earth will occasionally vent clouds of microscopic self-powered archites that affect corpses reanimating them to create a twisted imitation of life.	freeChance=0.01
AB_DerelictBioLab	Alpha Biomes	derelict biolab	A derelict biolab is present in this area. Investigating it might attract unwanted company.	maxHilliness=Flat; freeChance=0.005
AB_DerelictArchonexus	Alpha Biomes	derelict archonexus	A bunch of derelict archonexus structures are present in this area.	freeChance=0.005
AB_DerelictKemeticTemple	Alpha Biomes	derelict kemetic temple	A derelict kemetic temple is present in this area.	whit:AB_TarPits,AB_GallatrossGraveyard,Desert,ExtremeDesert,AridShrubland,BiomeAreeb,BiomeGRimberlands,BiomeGRimond,BiomeGRimworld,BiomeGrindland,BiomeMist,BiomeGRimerald; freeChance=0.005
AB_DerelictResort	Alpha Biomes	derelict resort	A derelict resort is present in this area.	temp=20..40; whit:AB_TarPits,AB_GallatrossGraveyard,Desert,ExtremeDesert,AridShrubland,Grasslands,BiomeAreeb,BiomeCypreJungle,BiomeGRimberlands,BiomeGRimerald,BiomeGRimond,BiomeGRimphire,BiomeGRimworld,BiomeGRuquoise,BiomeMist,BiomeToxlands; coast=1..6; freeChance=0.005
AB_WideRegion	Alpha Biomes	wide region	The limits of this region make it have an irregular size. Map will be set to 400x100 tiles.	freeChance=0.005
AB_NarrowRegion	Alpha Biomes	narrow region	The limits of this region make it have an irregular size. Map will be set to 100x400 tiles.	freeChance=0.005
AB_DiminutiveRegion	Alpha Biomes	diminutive region	The limits of this region are very restrictive. Map will be set to 100x100 tiles.	freeChance=0.005
AB_TarLakes	Alpha Biomes	tar lakes	A shallow pool of a dense tar-like substance. Impassable, and can't be bridged over.	coast=0..0
AB_PropaneLakes	Alpha Biomes	propane lakes	Lakes of liquid hydrocarbons that seem to defy the laws of physics.	whit:GlacialPlain,SeaIce,IceSheet,Tundra,BiomeGRimonade,BiomeArcticOasis; coast=0..1
AB_MagmaticQuagmire	Alpha Biomes	magmatic quagmire	A seething landscape of molten rock and blistering heat—where the ground bubbles, cracks, and burns beneath your feet.	whit:AB_PyroclasticConflagration,BiomeGRimphire; maxHilliness=Flat; coast=0..0
AB_MagmaVents	Alpha Biomes	magma vents	Fiery fissures in the earth that intermittently erupt with jets of molten rock and searing gas.	whit:AB_PyroclasticConflagration,BiomeGRimphire; freeChance=0.5
AB_GiantFossils	Alpha Biomes	giant fossils	Gigantic skeletons of long-gone beasts litter this land.	whit:AB_TarPits,AB_GallatrossGraveyard,Desert,ExtremeDesert,AridShrubland,BiomeAreeb,BiomeGRimberlands,BiomeGRimond,BiomeGRimworld,BiomeGrindland,BiomeCypreJungle,BiomeGRimethyst,BiomeGRimworld,BiomeGRuby,BiomeMist,BiomeToxlands; freeChance=0.02
AB_DerelictClusters	Alpha Biomes	derelict clusters	This area is littered with derelict mechanoid clusters, from which some materials could be scavenged.	whit:AB_MechanoidIntrusion,BiomeGrindland,BiomeToxlands; freeChance=0.5
AB_GeothermalHotspots	Alpha Biomes	geothermal hotspots	High geothermal activity allows construction of efficient geothermal plants (find them under "build biome structures" in the Furniture Architect menu).	whit:AB_PyroclasticConflagration,BiomeGRimphire; freeChance=0.5
AB_EdibleAirborneMicrofungi	Alpha Biomes	edible airborne micro-fungi	Microscopic spores present in this biome can be collected and used as edible ingredients (find the collector under "build biome structures" in the Furniture Architect menu).	whit:Glowforest,AB_MycoticJungle,BiomeGRuby; freeChance=0.25
AB_MoldyEnvironment	Alpha Biomes	moldy environment	The ubiquitous presence of fungal spores in this region makes staying outdoors almost unbearable.	whit:AB_MycoticJungle,BiomeGRuby; cond:AB_MoldyEnvironment; freeChance=0.25
AB_OversaturatedSoil	Alpha Biomes	oversaturated soil	Fertile ground areas are even more fertile than usual.	whit:AB_IdyllicMeadows,BiomeGRimerald,BiomeGRuquoise; freeChance=0.15
AB_PollinationFrenzy	Alpha Biomes	pollination frenzy	Plant density is increased here due to heavy pollination, but at the risk of causing tougher allergies.	whit:AB_IdyllicMeadows,BiomeGRimberlands,BiomeGRimerald,BiomeGRuquoise,BiomeGRuby; freeChance=0.15
AB_PetalStorms	Alpha Biomes	petal storms	Occasional flurries of flower petals that improve mood but reduce visibility.	whit:AB_IdyllicMeadows,BiomeGRuquoise; wx:AB_PetalStorms x1 +50; freeChance=0.15
AB_DigestiveSurface	Alpha Biomes	digestive surface	The ground here will digest dropped items if left too long.	whit:AB_GelatinousSuperorganism; freeChance=0.15
AB_SymbioticNutrients	Alpha Biomes	symbiotic nutrients	Simply being around this landscape makes people require 10% less nutrients to feel full.	whit:AB_GelatinousSuperorganism; freeChance=0.15
AB_QuiveringSurface	Alpha Biomes	quivering surface	The very ground beneath your colony trembles, pulses, and reacts—it is alive. Movement will be harder in this terrain.	whit:AB_GelatinousSuperorganism; freeChance=0.15
AB_GelatinousMemoryEcho	Alpha Biomes	gelatinous memory echo	The superorganism retains echoes of past events, stored like data in a living neural lattice. These memory echoes occasionally bleed into reality.	whit:AB_GelatinousSuperorganism; cond:AB_GelatinousMemoryEcho; freeChance=0.15
AB_AmbientRadiation	Alpha Biomes	ambient radiation	Low levels of background radiation permeate the area, subtly affecting health and mutation rates.	cond:AB_AmbientRadiation; freeChance=0.025
AB_ExtremeTemperatureFluctuations	Alpha Biomes	extreme temperature fluctuations	Wild swings between scorching days and freezing nights challenge survival and crop stability.	blac:AB_PyroclasticConflagration; cond:AB_ExtremeTemperatureFluctuations; freeChance=0.025
AB_HealingSprings	Alpha Biomes	healing springs	This region contains natural springs imbued with curative properties.	whit:BorealForest,LavaField,TemperateForest,Tundra,GlacialPlain,Desert,AridShrubland,BiomeArcticOasis,BiomeAreeb,BiomeCypreJungle,BiomeGRimberlands,BiomeGRimerald,BiomeGRimethyst,BiomeGRimond,BiomeGRimphire,BiomeMist; minHilliness=Mountainous; coast=0..0; noRiver
AB_MutagenicSprings	Alpha Biomes	mutagenic ocular springs	This region contains weird ocular springs that mutate the body of both colonists and animals.	whit:AB_OcularForest,BiomeToxlands; coast=0..0; noRiver; freeChance=0.1
AB_QuicksandPits	Alpha Biomes	quicksand pits	This region contains pools of shallow quicksand that impede movement.	whit:Desert,AridShrubland,ExtremeDesert,AB_GallatrossGraveyard,BiomeGRimworld,BiomeGRimberlands,BiomeGRimond,BiomeGrindland,BiomeAreeb; coast=0..0; noRiver; freeChance=0.01
AB_ResidualOverclocking	Alpha Biomes	residual overclocking	This region still hums with the unstable energy of forgotten mechanoid infrastructure. Collectors can be built to tune into these energies (find them under "build biome structures" in the Furniture Architect menu).	whit:AB_MechanoidIntrusion; freeChance=0.5
DA_SnaptoadBreedingGrounds	Dark Ages : Beasts and Monsters	snaptoad breeding grounds	A wetland used by giant snaptoads as spawning pools. Its waters teem with the dangerous amphibians and their offsprings.	poll=0..0.25; whit:ColdBog,TemperateSwamp,TropicalSwamp
DA_LeviathanNest	Dark Ages : Beasts and Monsters	leviathan nestbed	This coast is home to a leviathan nest deep beneath the water surface. The large crustaceans are more common and can attack if disturbed.	whit:AridShrubland,BorealForest,ColdBog,Desert,ExtremeDesert,GlacialPlain,Glowforest,Grasslands,LavaField,Scarlands,TemperateForest,TemperateSwamp,TropicalRainforest,TropicalSwamp,Tundra,PoisonForest,Wasteland,Wetland,AB_FeraliskInfestedJungle,AB_RockyCrags,AB_GallatrossGraveyard,AB_GelatinousSuperorganism,AB_IdyllicMeadows,AB_MechanoidIntrusion,AB_MiasmicMangrove,AB_MycoticJungle,AB_OcularForest,AB_PropaneLakes,AB_PyroclasticConflagration,AB_TarPits,BiomeArcticOasis,BiomeAreeb,BiomeCypreJungle,BiomeGRimberlands,BiomeGRimerald,BiomeGRimethyst,BiomeGRimonade,BiomeGRimond,BiomeGRimphire,BiomeGRimworld,BiomeGRuby,BiomeGRuquoise,BiomeMist,BiomeToxlands,BiomeGrindland,ZBiome_AlpineMeadow,ZBiome_Badlands,ZBiome_CloudForest,ZBiome_CoastalDunes,ZBiome_DesertOasis,ZBiome_GlacialShield,ZBiome_Grasslands,ZBiome_Marsh,COMIGO_GreaterSwamp_Temperate,COMIGO_GreaterSwamp_Cold,COMIGO_GreaterSwamp_Tropical; coast=1..5; freeChance=0.05
GL_Archipelago	Geological Landforms			
GL_Atoll	Geological Landforms			
GL_Badlands	Geological Landforms			
GL_Caldera	Geological Landforms			
GL_Canyon	Geological Landforms			
GL_CaveEntrance	Geological Landforms			
GL_Cirque	Geological Landforms			
GL_Cliff	Geological Landforms			
GL_CliffAndCoast	Geological Landforms			
GL_CliffCorner	Geological Landforms			
GL_Coast	Geological Landforms			
GL_CoastalIsland	Geological Landforms			
GL_CoastCorner	Geological Landforms			
GL_Cove	Geological Landforms			
GL_CoveWithIsland	Geological Landforms			
GL_Crater	Geological Landforms			
GL_DesertPlateau	Geological Landforms			
GL_DryLake	Geological Landforms			
GL_Fjord	Geological Landforms			
GL_Glacier	Geological Landforms			
GL_Gorge	Geological Landforms			
GL_IceOasis	Geological Landforms			
GL_Island	Geological Landforms			
GL_Lake	Geological Landforms			
GL_LakeWithIsland	Geological Landforms			
GL_Landbridge	Geological Landforms			
GL_LoneMountain	Geological Landforms			
GL_Oasis	Geological Landforms			
GL_Peninsula	Geological Landforms			
GL_Rift	Geological Landforms			
GL_River	Geological Landforms			
GL_RiverConfluence	Geological Landforms			
GL_RiverDelta	Geological Landforms			
GL_RiverIsland	Geological Landforms			
GL_RiverSource	Geological Landforms			
GL_RiverTerrain	Geological Landforms			
GL_SecludedCove	Geological Landforms			
GL_SecludedValley	Geological Landforms			
GL_Sinkhole	Geological Landforms			
GL_Skerry	Geological Landforms			
GL_SurfaceCave	Geological Landforms			
GL_SwampHill	Geological Landforms			
GL_Tombolo	Geological Landforms			
GL_Valley	Geological Landforms			
ZMD_NoMutator	Map Designer	none	no added feature in this category	
sw_SarlaccLair	Star Wars Animal Collection (Continued)	sarlacc pit	This area hosts a juvenile sarlacc creature. These sessile creatures are known to have millenia long lifespans, the circular maws on the surface are supported by a massive undergorund body.	blac:SeaIce,IceSheet,GlacialPlain; maxHilliness=Mountainous
sw_DeadSarlaccCave	Star Wars Animal Collection (Continued)	a dead sarlacc	This area hosts a dead sarlacc creature. These sessile creatures are known to have millenia long lifespans, but are ultimately mortal. Whether from disease, starvation, burrowing insectoids or even old age they eventually die and leave a cavern where the bulk of their corpse has rotted away.	blac:SeaIce,IceSheet,GlacialPlain; maxHilliness=Mountainous
WildGalacticPlants	Star Wars Animal Collection (Continued)	wild plants	This area can grow a large number of {0}s.	poll=0..0.25; whit:AridShrubland,BorealForest,ColdBog,GlacialPlain,Grasslands,LavaField,TemperateForest,TemperateSwamp,TropicalRainforest,TropicalSwamp,Tundra; freeChance=0.03
WildRylothPlants	Star Wars Animal Collection (Continued)	wild plants	When enough spores have settled, this area can grow a large number of {0}s.	poll=0..0.25; whit:Glowforest; freeChance=0.03
WildTattooinePlants	Star Wars Animal Collection (Continued)	wild plants	When enough moisture condenses, this area can grow a large number of {0}s.	poll=0..0.25; whit:AridShrubland,Desert,ExtremeDesert; freeChance=0.03
WildNabooPlants	Star Wars Animal Collection (Continued)	wild plants	When enough spores have settled, this area can grow a large number of {0}s.	poll=0..0.25; whit:ColdBog,TemperateSwamp,TropicalSwamp; freeChance=0.03
WildDantooinePlants	Star Wars Animal Collection (Continued)	wild plants	When enough light is available, this area can grow a large number of {0}s.	poll=0..0.25; whit:AridShrubland,Grasslands,Tundra; freeChance=0.03
WildAlderaanPlants	Star Wars Animal Collection (Continued)	wild plants	This area can grow a large number of {0}s.	poll=0..0.25; whit:TemperateForest,TemperateSwamp,ColdBog,BorealForest,TropicalSwamp,TropicalRainforest; freeChance=0.01
WildFelucianPlants	Star Wars Animal Collection (Continued)	wild plants	This area can grow a large number of {0}s.	poll=0..0.25; whit:TropicalRainforest,TropicalSwamp; freeChance=0.01
VEE_AbundantPredators	Vanilla Landmarks Expanded	abundant predators	Animals considered predators appear in greater numbers here.	poll=0..0.25; freeChance=0.02
VEE_ReducedPredators	Vanilla Landmarks Expanded	reduced predators	Animals considered predators appear in lesser numbers here.	poll=0..0.25; freeChance=0.02
VEE_AbundantPrey	Vanilla Landmarks Expanded	abundant prey	Animals considered prey appear in greater numbers here.	poll=0..0.25; freeChance=0.02
VEE_ReducedPrey	Vanilla Landmarks Expanded	reduced prey	Animals considered prey appear in lesser numbers here.	poll=0..0.25; freeChance=0.02
VEE_NaturalAerie	Vanilla Landmarks Expanded	natural aerie	Flying animals appear in greater numbers here.	poll=0..0.25; freeChance=0.02
VEE_MarineSanctuary	Vanilla Landmarks Expanded	marine sanctuary	Coastal animals appear in greater numbers here.	poll=0..0.25; coast=1..5; freeChance=0.02
VEE_RodentPlagues	Vanilla Landmarks Expanded	rodent plagues	This area is infested with rats.	blac:SeaIce; freeChance=0.025
VEE_VenomousEcosystem	Vanilla Landmarks Expanded	venomous ecosystem	Venomous animals appear in greater numbers here.	poll=0..0.25; freeChance=0.02
VEE_ColossalFauna	Vanilla Landmarks Expanded	colossal fauna	All fauna in this area is much larger than usual.	cond:VEE_ColossalFauna; freeChance=0.02
VEE_Microfauna	Vanilla Landmarks Expanded	microfauna	All fauna in this area is much smaller than usual.	cond:VEE_Microfauna; freeChance=0.02
VEE_Alphabeavers	Vanilla Landmarks Expanded	alphabeavers	Alphabeavers have been spotted in this region.	blac:Tundra,AridShrubland; freeChance=0.02
VEE_MigratoryHerds	Vanilla Landmarks Expanded	migratory herds	Groups of herd animals will periodically cross this region.	blac:SeaIce,IceSheet,Tundra,Desert,ExtremeDesert; freeChance=0.02
VEE_FeralKinship	Vanilla Landmarks Expanded	feral kinship	All animals in this region have a decreased wildness.	freeChance=0.02
VEE_DistressedWildlife	Vanilla Landmarks Expanded	distressed wildlife	All animals in this region have increased wildness.	freeChance=0.02
VEE_AggressiveHerds	Vanilla Landmarks Expanded	aggressive herds	Animals in this region have increased manhunter on damage chances.	freeChance=0.02
VEE_DomesticatedEscapees	Vanilla Landmarks Expanded	domesticated escapees	Farm animals like chickens, pigs, and cows will appear in the wild in small herds, remnants of lost settlements or farms.	blac:SeaIce; freeChance=0.02
VEE_NobleSteeds	Vanilla Landmarks Expanded	noble steeds	Horses and Donkeys will appear in this area.	blac:SeaIce; freeChance=0.02
VEE_WanderingCompanions	Vanilla Landmarks Expanded	wandering companions	Animals are more used to humans in this region, making it easier for colonists to bond with them.	freeChance=0.02
VEE_WastelandFauna	Vanilla Landmarks Expanded	wasteland fauna	Wasteland animals appear in greater numbers here.	poll=0.5..1; freeChance=0.02
VEE_IncreasedInfestations	Vanilla Landmarks Expanded	increased infestations	Insectoid infestations are more common in this region.	freeChance=0.02
VEE_Megafauna	Vanilla Landmarks Expanded	abundant megafauna	This region has an abundance of megafauna, brought back to life by genetic engineering.	blac:SeaIce,ExtremeDesert; freeChance=0.01
VEE_NoDiseases	Vanilla Landmarks Expanded	no diseases	Diseases very rarely strike in this region, making them almost a nonexistent threat.	freeChance=0.001
VEE_ReducedDiseases	Vanilla Landmarks Expanded	reduced diseases	Diseases are 25% less common in this region.	freeChance=0.001
VEE_IncreasedDiseases	Vanilla Landmarks Expanded	increased diseases	Diseases are 25% more common in this region.	freeChance=0.001
VEE_SteamGeysers_Decreased	Vanilla Landmarks Expanded	no geothermal activity	Steam geysers are absent from this area.	blac:Grasslands,GlacialPlain; freeChance=0.01
VEE_RotstinkVents	Vanilla Landmarks Expanded	rotstink geysers	Foul geysers that intermittently belch clouds of corpse-born miasma, choking the air with the stench of decay.	blac:SeaIce,IceSheet,GlacialPlain; freeChance=0.025
VEE_ToxicVents	Vanilla Landmarks Expanded	toxic geysers	Volatile fissures that periodically spew noxious green gas, poisoning the air and sickening anything that breathes it.	blac:SeaIce,IceSheet,GlacialPlain; freeChance=0.025
VEE_SmokeVents	Vanilla Landmarks Expanded	smoke geysers	Smoldering fissures that intermittently exhale thick, acrid smoke, reducing visibility and choking the lungs.	blac:SeaIce,IceSheet,GlacialPlain; freeChance=0.025
VEE_DeadlifeVents	Vanilla Landmarks Expanded	deadlife geysers	Sinister geysers that exhale eerie, ash-like dust—capable of reawakening the dead under its haunting influence.	blac:SeaIce,IceSheet,GlacialPlain; freeChance=0.025
VEE_MineralDevoid	Vanilla Landmarks Expanded	mineral devoid		blac:IceSheet,SeaIce; freeChance=0.02
VEE_Fertility_Reduced	Vanilla Landmarks Expanded	decreased soil fertility	This area contains no fertile soils.	blac:IceSheet,SeaIce,ExtremeDesert,Desert,Scarlands,GlacialPlain; freeChance=0.02
VEE_VolcanicRichSoil	Vanilla Landmarks Expanded	rich volcanic soil	This area has patches of volcanic soil that have higher than average fertility.	freeChance=0.01
VEE_DeepOreRich	Vanilla Landmarks Expanded	deep ore rich	This area is rich in deep ores, increasing the yield of deep drills by 25%.	blac:IceSheet,SeaIce; freeChance=0.02
VEE_DeepOrePoor	Vanilla Landmarks Expanded	deep ore poor	This area is poor in deep ores, decreasing the yield of deep drills by 25%.	blac:IceSheet,SeaIce; freeChance=0.02
VEE_DeepOreDevoid	Vanilla Landmarks Expanded	no deep ores	This area is so poor in deep ores that they are almost non-existant.	freeChance=0.005
VEE_HardToTraverse	Vanilla Landmarks Expanded	hard to traverse	Certain geographical features in this region make it harder to traverse.	freeChance=0.005
VEE_EasyToTraverse	Vanilla Landmarks Expanded	easy to traverse	Certain geographical features in this region make it easier to traverse.	freeChance=0.005
VEE_Sinkholes	Vanilla Landmarks Expanded	sinkholes	This region contains several collapses in the ground forming deep, unstable pits, often exposing bare rock beneath the surface.	blac:IceSheet,SeaIce; freeChance=0.01
VEE_UndergroundGasDeposits	Vanilla Landmarks Expanded	underground gas deposits	This region is rich in deep Helixien gas deposits.	freeChance=0.01
VEE_StrongerTides	Vanilla Landmarks Expanded	stronger tides	Tides in this region are particularly strong, increasing output of tidal generators by 40%.	coast=1..6; freeChance=0.05
VEE_LargeRiverBanks	Vanilla Landmarks Expanded	large river banks	The river present in this region has larger banks.	freeChance=0.05
VEE_MineableComponentSpacer	Vanilla Landmarks Expanded	advanced component deposits	This area has deposits of advanced ancient machinery, which can be mined for advanced components.	freeChance=0.01
VEE_DeepSnow	Vanilla Landmarks Expanded	solid snow	This region is covered in heavy, compacted layers of snow that resist movement and muffle sound.	temp=-100..5; whit:IceSheet,SeaIce,Tundra,BiomeGRimonade,BiomeArcticOasis; freeChance=0.01
VEE_AbandonedFarmland	Vanilla Landmarks Expanded	abandoned farmland	This region contains ancient farms that were abandoned long ago due to the presence of droughts.	whit:Grasslands,BiomeGRuquoise,BiomeGRimerald; coast=0..2; noRiver; freeChance=0.01
VEE_MeteorCrater	Vanilla Landmarks Expanded	meteor crater	A vast impact site with jagged rocky edges and a debris-littered basin.	blac:SeaIce,IceSheet; maxHilliness=Flat; coast=0..0
VEE_ResurgentCaldera	Vanilla Landmarks Expanded	resurgent caldera	Ancient volcanic collapse zone with steep crater walls, a central rocky dome, and echoes of past eruptions.	blac:SeaIce,IceSheet; maxHilliness=Flat; coast=0..0
VEE_CraterLake	Vanilla Landmarks Expanded	crater lake	A vast ring of rocky walls encircles a serene, deep-blue lake.	blac:SeaIce,IceSheet; maxHilliness=Flat; coast=0..0
VEE_ToxicCrater	Vanilla Landmarks Expanded	toxic crater	A blasted ring of stone surrounds a stagnant, foul-smelling pool. The water glows faintly...	blac:SeaIce,IceSheet; maxHilliness=Flat; coast=0..0; noRiver
VEE_Volcano	Vanilla Landmarks Expanded	volcano	Charred stone ridges form the rim of an ancient caldera, its heart glowing with molten fury.	blac:SeaIce,IceSheet,LavaField; maxHilliness=Flat; coast=0..0; noRiver
VEE_CalmBasin	Vanilla Landmarks Expanded	calm basin	A wide, shallow crater filled with fine, undisturbed sand. Shielded from the wind by its sloped rim, the basin remains eerily still.	blac:SeaIce,IceSheet; maxHilliness=Flat; coast=0..0
VEE_LoneIsland	Vanilla Landmarks Expanded	detached coastal island	A large island separated from the shore.	whit:AridShrubland,BorealForest,ColdBog,Desert,ExtremeDesert,GlacialPlain,Glowforest,Grasslands,LavaField,Scarlands,TemperateForest,TemperateSwamp,TropicalRainforest,TropicalSwamp,Tundra,PoisonForest,Wasteland,Wetland,AB_FeraliskInfestedJungle,AB_RockyCrags,AB_GallatrossGraveyard,AB_GelatinousSuperorganism,AB_IdyllicMeadows,AB_MechanoidIntrusion,AB_MiasmicMangrove,AB_MycoticJungle,AB_OcularForest,AB_PropaneLakes,AB_PyroclasticConflagration,AB_TarPits,BiomeArcticOasis,BiomeAreeb,BiomeCypreJungle,BiomeGRimberlands,BiomeGRimerald,BiomeGRimethyst,BiomeGRimonade,BiomeGRimond,BiomeGRimphire,BiomeGRimworld,BiomeGRuby,BiomeGRuquoise,BiomeMist,BiomeToxlands,BiomeGrindland,ZBiome_AlpineMeadow,ZBiome_Badlands,ZBiome_CloudForest,ZBiome_CoastalDunes,ZBiome_DesertOasis,ZBiome_GlacialShield,ZBiome_Grasslands,ZBiome_Marsh,COMIGO_GreaterSwamp_Temperate,COMIGO_GreaterSwamp_Cold,COMIGO_GreaterSwamp_Tropical; coast=3..5
VEE_DetachedIceberg	Vanilla Landmarks Expanded	detached iceberg	A floating mass of ice, detached from the larger ice sheet and quite distant from the shore.	temp=-100..0; whit:SeaIce,IceSheet,Tundra,ColdBog,BorealForest,BiomeGRimonade,BiomeArcticOasis; coast=3..5; noRiver
VEE_IceAndFire	Vanilla Landmarks Expanded	ice and fire	A floating mass of ice, with an active lava lake inside. It doesn't get more metal than this.	temp=-100..0; whit:SeaIce,IceSheet,Tundra,ColdBog,BorealForest,BiomeGRimonade,BiomeArcticOasis; coast=3..5; noRiver
VEE_LoneIslandWithLake	Vanilla Landmarks Expanded	central lake island	A large island separated from the shore with a freshwater lake inside it.	whit:AridShrubland,BorealForest,ColdBog,Desert,ExtremeDesert,GlacialPlain,Glowforest,Grasslands,LavaField,Scarlands,TemperateForest,TemperateSwamp,TropicalRainforest,TropicalSwamp,Tundra,PoisonForest,Wasteland,Wetland,AB_FeraliskInfestedJungle,AB_RockyCrags,AB_GallatrossGraveyard,AB_GelatinousSuperorganism,AB_IdyllicMeadows,AB_MechanoidIntrusion,AB_MiasmicMangrove,AB_MycoticJungle,AB_OcularForest,AB_PropaneLakes,AB_PyroclasticConflagration,AB_TarPits,BiomeArcticOasis,BiomeAreeb,BiomeCypreJungle,BiomeGRimberlands,BiomeGRimerald,BiomeGRimethyst,BiomeGRimonade,BiomeGRimond,BiomeGRimphire,BiomeGRimworld,BiomeGRuby,BiomeGRuquoise,BiomeMist,BiomeToxlands,BiomeGrindland,ZBiome_AlpineMeadow,ZBiome_Badlands,ZBiome_CloudForest,ZBiome_CoastalDunes,ZBiome_DesertOasis,ZBiome_GlacialShield,ZBiome_Grasslands,ZBiome_Marsh,COMIGO_GreaterSwamp_Temperate,COMIGO_GreaterSwamp_Cold,COMIGO_GreaterSwamp_Tropical; coast=3..5
VEE_LoneIslandWithMountain	Vanilla Landmarks Expanded	resurgent island	A large island separated from the shore with a tall peak in its center.	whit:AridShrubland,BorealForest,ColdBog,Desert,ExtremeDesert,GlacialPlain,Glowforest,Grasslands,LavaField,Scarlands,TemperateForest,TemperateSwamp,TropicalRainforest,TropicalSwamp,Tundra,PoisonForest,Wasteland,Wetland,AB_FeraliskInfestedJungle,AB_RockyCrags,AB_GallatrossGraveyard,AB_GelatinousSuperorganism,AB_IdyllicMeadows,AB_MechanoidIntrusion,AB_MiasmicMangrove,AB_MycoticJungle,AB_OcularForest,AB_PropaneLakes,AB_PyroclasticConflagration,AB_TarPits,BiomeArcticOasis,BiomeAreeb,BiomeCypreJungle,BiomeGRimberlands,BiomeGRimerald,BiomeGRimethyst,BiomeGRimonade,BiomeGRimond,BiomeGRimphire,BiomeGRimworld,BiomeGRuby,BiomeGRuquoise,BiomeMist,BiomeToxlands,BiomeGrindland,ZBiome_AlpineMeadow,ZBiome_Badlands,ZBiome_CloudForest,ZBiome_CoastalDunes,ZBiome_DesertOasis,ZBiome_GlacialShield,ZBiome_Grasslands,ZBiome_Marsh,COMIGO_GreaterSwamp_Temperate,COMIGO_GreaterSwamp_Cold,COMIGO_GreaterSwamp_Tropical; maxHilliness=Flat; coast=3..5
VEE_CoralReef	Vanilla Landmarks Expanded	coral reef	A large atoll separated from the shore with a ring of corals growing around it.	whit:AridShrubland,BorealForest,ColdBog,Desert,ExtremeDesert,GlacialPlain,Glowforest,Grasslands,LavaField,Scarlands,TemperateForest,TemperateSwamp,TropicalRainforest,TropicalSwamp,Tundra,PoisonForest,Wasteland,Wetland,AB_FeraliskInfestedJungle,AB_RockyCrags,AB_GallatrossGraveyard,AB_GelatinousSuperorganism,AB_IdyllicMeadows,AB_MechanoidIntrusion,AB_MiasmicMangrove,AB_MycoticJungle,AB_OcularForest,AB_PropaneLakes,AB_PyroclasticConflagration,AB_TarPits,BiomeArcticOasis,BiomeAreeb,BiomeCypreJungle,BiomeGRimberlands,BiomeGRimerald,BiomeGRimethyst,BiomeGRimonade,BiomeGRimond,BiomeGRimphire,BiomeGRimworld,BiomeGRuby,BiomeGRuquoise,BiomeMist,BiomeToxlands,BiomeGrindland,ZBiome_AlpineMeadow,ZBiome_Badlands,ZBiome_CloudForest,ZBiome_CoastalDunes,ZBiome_DesertOasis,ZBiome_GlacialShield,ZBiome_Grasslands,ZBiome_Marsh,COMIGO_GreaterSwamp_Temperate,COMIGO_GreaterSwamp_Cold,COMIGO_GreaterSwamp_Tropical; maxHilliness=Flat; coast=3..5
VEE_SaltPlains	Vanilla Landmarks Expanded	salt plains	The dried surface of an inland ocean. Sterile and hard to traverse.	whit:Desert,ExtremeDesert,Tundra,AridShrubland,Grasslands,BiomeAreeb,BiomeCypreJungle,BiomeGRimberlands,BiomeGRimond,BiomeGRimworld,BiomeGRuquoise,BiomeToxlands,BiomeGrindland; coast=0..0; noRiver
VEE_RockRidge	Vanilla Landmarks Expanded	rock ridge	A rock ridge separating this region in two.	blac:SeaIce,IceSheet,LavaField; maxHilliness=Flat; coast=0..0
VEE_JaggedRocks	Vanilla Landmarks Expanded	jagged rocks	Thin rock ridges criss cross this region.	blac:SeaIce,IceSheet,LavaField; maxHilliness=Flat; coast=0..0
VEE_DryRiver	Vanilla Landmarks Expanded	dry river	A section of this river that has dried up, presumably due to absence of precipitation up-river.	whit:Desert,ExtremeDesert,Tundra,AridShrubland,Grasslands,TemperateForest,BorealForest,BiomeArcticOasis,BiomeAreeb,BiomeCypreJungle,BiomeGRimberlands,BiomeGRimerald,BiomeGRimethyst,BiomeGRimonade,BiomeGRimond,BiomeGRimphire,BiomeGRimworld,BiomeGRuby,BiomeGRuquoise,BiomeMist,BiomeToxlands,BiomeGrindland; coast=0..0
VEE_MangroveTerrain	Vanilla Landmarks Expanded	coastal wetland	Large interconnected backish water pools dominate the area.	whit:BorealForest,ColdBog,Glowforest,TemperateForest,TemperateSwamp,TropicalRainforest,TropicalSwamp,Tundra,BiomeAreeb,BiomeCypreJungle,BiomeGRimberlands,BiomeGRimerald,BiomeGRimethyst,BiomeGRimond,BiomeGRimworld,BiomeGRuby,BiomeGRuquoise,BiomeMist; maxHilliness=Flat; coast=1..6
VEE_SerpentineCanyons	Vanilla Landmarks Expanded	serpentine canyons	Geological movement has caused several deep fissures in this mountain.	minHilliness=Mountainous
VEE_DustBowl	Vanilla Landmarks Expanded	dust bowl	A sun-scorched wasteland choked with dust and dry winds. Vegetation is nearly gone, and relentless sandstorms make survival harsh and unforgiving.	coast=0..0; noRiver
VEE_SulfuricLake	Vanilla Landmarks Expanded	sulfuric lake	A stagnant volcanic lake with a strong, foul sulfuric odor. While the water is very mildly toxic, the surrounding soil is rich in nutrients, supporting hardy, sulfur-tolerant plant life.	noRiver
VEE_SulfuricRiver	Vanilla Landmarks Expanded	sulfuric river	A foul-smelling river carrying acidic, sulfur-laden waters, its banks scorched and inhospitable to most forms of life.	maxHilliness=Flat
VEE_BurnedForest	Vanilla Landmarks Expanded	burned forest	A forested area that has been recently affected by a severe wildfire.	whit:BorealForest,TemperateForest,TropicalRainforest,BiomeAreeb,BiomeCypreJungle,BiomeGRimberlands,BiomeGRimerald,BiomeGRimethyst,BiomeGRimphire,BiomeGRuby,BiomeMist
VEE_FloodPlains	Vanilla Landmarks Expanded	flood plains	A low-lying stretch of land shaped by seasonal flooding, where nutrient-rich waters periodically spill over the banks and retreat, leaving fertile soil in their wake.	maxHilliness=Flat
VEE_ContaminatedReservoir	Vanilla Landmarks Expanded	contaminated reservoir	A stagnant body of water saturated with lingering radiation, its depths unsafe for drinking or fishing and its shores hostile to life.	noRiver
VEE_ContaminatedRiver	Vanilla Landmarks Expanded	contaminated river	A flowing waterway tainted by lingering radiation, spreading contamination downstream and rendering its waters unsafe for use.	maxHilliness=Flat
VEE_ContaminatedCoast	Vanilla Landmarks Expanded	contaminated coast	A stretch of shoreline where irradiated waters lap against the land, poisoning the shallows and disrupting all nearby life.	maxHilliness=Flat; coast=1..6; noRiver
VEE_QuicksandPits	Vanilla Landmarks Expanded	quicksand pits	This region contains pools of shallow quicksand that impede movement.	whit:Desert,AridShrubland,ExtremeDesert,BiomeAreeb,BiomeGRimberlands,BiomeGRimond,BiomeGRimworld,BiomeGrindland,BiomeMist; coast=0..0; noRiver; freeChance=0.01
VEE_DriftwoodShore	Vanilla Landmarks Expanded	driftwood	A stretch of coastline littered with bleached logs and broken timber, deposited by tides and storms from distant shores.	whit:AridShrubland,BorealForest,ColdBog,Desert,ExtremeDesert,GlacialPlain,Glowforest,Grasslands,LavaField,Scarlands,TemperateForest,TemperateSwamp,TropicalRainforest,TropicalSwamp,Tundra,PoisonForest,Wasteland,Wetland,AB_FeraliskInfestedJungle,AB_RockyCrags,AB_GallatrossGraveyard,AB_GelatinousSuperorganism,AB_IdyllicMeadows,AB_MechanoidIntrusion,AB_MiasmicMangrove,AB_MycoticJungle,AB_OcularForest,AB_PropaneLakes,AB_PyroclasticConflagration,AB_TarPits,BiomeArcticOasis,BiomeAreeb,BiomeCypreJungle,BiomeGRimberlands,BiomeGRimerald,BiomeGRimethyst,BiomeGRimonade,BiomeGRimond,BiomeGRimphire,BiomeGRimworld,BiomeGRuby,BiomeGRuquoise,BiomeMist,BiomeToxlands,BiomeGrindland,ZBiome_AlpineMeadow,ZBiome_Badlands,ZBiome_CloudForest,ZBiome_CoastalDunes,ZBiome_DesertOasis,ZBiome_GlacialShield,ZBiome_Grasslands,ZBiome_Marsh,COMIGO_GreaterSwamp_Temperate,COMIGO_GreaterSwamp_Cold,COMIGO_GreaterSwamp_Tropical; blac:SeaIce,IceSheet; coast=1..6; noRiver
VEE_AlluvialFan	Vanilla Landmarks Expanded	aluvial fan	A broad, fan-shaped spread of rich sediment deposited where flowing water from a river slows and disperses across the land.	maxHilliness=Flat; coast=1..6
VEE_RelictDelta	Vanilla Landmarks Expanded	relict delta	A fan of dried channels and silt deposits, shaped by a river that once split and flowed here long ago.	whit:Desert,ExtremeDesert,AridShrubland,Grasslands,TemperateForest,BiomeAreeb,BiomeGRimberlands,BiomeGRimond,BiomeGRimworld,BiomeGrindland,BiomeCypreJungle,BiomeGRimerald,BiomeGRimethyst,BiomeGRimworld,BiomeGRuby,BiomeGRuquoise,BiomeMist; maxHilliness=Flat; coast=1..6
VEE_StagnantRivulet	Vanilla Landmarks Expanded	stagnant rivulet	A slow-moving river where water barely flows, its course clogged with silt and shallow pools.	maxHilliness=Flat
VEE_AnimaSoils	Vanilla Landmarks Expanded	anima soils	This area contains soil infused with latent anima energy, subtly influencing plants, animals, and minds.	whit:TemperateForest,BiomeGrindland,BiomeGRuquoise
VEE_AnimaSoils_Coast	Vanilla Landmarks Expanded	anima soils	This area contains soil infused with latent anima energy, subtly influencing plants, animals, and minds.	whit:TemperateForest,BiomeGrindland,BiomeGRuquoise; coast=1..6
VEE_JadeChunks	Vanilla Landmarks Expanded	jadeite chunks	This area contains small deposits of jadeite.	whit:TemperateForest,BiomeGrindland,BiomeToxlands,BiomeGRimphire
VEE_AnimaFlora	Vanilla Landmarks Expanded	anima flora	This region contains a dense forest with anima trees and lesser anima growths, quietly resonating with psychic energy. The air feels attentive, as if the land itself is listening.	whit:TemperateForest,BiomeGrindland,BiomeGRuquoise
VEE_AnimaFauna	Vanilla Landmarks Expanded	anima fauna	The placid environment of the anima forest attracts some anima-touched animals.	whit:TemperateForest
VEE_JadeiteMountains	Vanilla Landmarks Expanded	jadeite mountains	The stone found in this region is a jade rich mineral.	
VEE_StoneForest	Vanilla Landmarks Expanded	stone forest	A strange expanse of towering stone spires and jagged rock formations, rising like gigantic, petrified trees from the ground.	blac:SeaIce,IceSheet; maxHilliness=Flat; coast=0..0
VEE_GravelBeach	Vanilla Landmarks Expanded	gravel beach	A harsh shoreline of loose gravel and rounded stones, where waves grind rock against rock.	coast=1..6
VEE_Cenotes	Vanilla Landmarks Expanded	cenotes	A scattered network of deep, water-filled sinkholes formed by collapsed stone.	blac:Desert,ExtremeDesert,AridShrubland,Grasslands,LavaField,SeaIce,IceSheet,GlacialPlain
VEE_BasaltCape	Vanilla Landmarks Expanded	basalt cape	A jutting headland of dark basalt, fractured into sharp columns by ancient lava flows. Rich in volcanic rocks.	blac:LavaField,SeaIce,IceSheet; coast=3..5
VEE_ObsidianChunks	Vanilla Landmarks Expanded	obsidian chunks	This area contains small chunks of obsidian.	
VEE_RedDesert	Vanilla Landmarks Expanded	red desert	A vast desert of iron-rich sand, stained red by the slow grinding of ancient stone.	whit:Desert,ExtremeDesert,BiomeGRimberlands,BiomeGRimworld,BiomeGRuby
VEE_RedDesertPlants	Vanilla Landmarks Expanded	red desert cacti	This region contains some cacti adapted to the red sands.	whit:Desert,ExtremeDesert,BiomeGRimberlands,BiomeGRimworld,BiomeAreeb,BiomeGRimond,BiomeGRuby
VEE_VolcanicSandDesert	Vanilla Landmarks Expanded	volcanic sand desert	A barren desert of black volcanic sand, born from long-dead eruptions.	whit:Desert,ExtremeDesert,BiomeGRimberlands,BiomeGRimworld,BiomeGRimphire,BiomeGRimond
VEE_VolcanicSandDesertFlora	Vanilla Landmarks Expanded	volcanic sand flora	This region contains some cacti adapted to the volcanic sands, and an absence of grass.	whit:Desert,ExtremeDesert,BiomeGRimberlands,BiomeGRimworld,BiomeGRimphire,BiomeGRimond
VEE_PermafrostBasin	Vanilla Landmarks Expanded	permafrost basin	A shallow basin where the ground remains permanently frozen beneath a thin surface thaw.	temp=-100..5; whit:Tundra,BiomeGRimonade,BiomeArcticOasis; maxHilliness=Flat
VEE_QuicksandDunes	Vanilla Landmarks Expanded	quicksand dunes	A barren expanse of sand and shallow quicksand that impedes movement. This area is extremely inhospitable.	whit:ExtremeDesert,BiomeGRimworld; maxHilliness=Flat
VEE_PebbleDunes	Vanilla Landmarks Expanded	pebble dunes	Low dunes of rounded pebbles shaped by constant wind and shifting ground.	whit:ExtremeDesert,Desert,AridShrubland,Grasslands,BiomeAreeb,BiomeGRimberlands,BiomeGRimond,BiomeGRimphire,BiomeGRimworld,BiomeGRuquoise,BiomeMist,BiomeToxlands,BiomeGrindland; maxHilliness=Flat
VEE_LittoralDunes	Vanilla Landmarks Expanded	littoral dunes	A band of fertile, wind-shaped dunes running along the shoreline, built from sand pulled inland from the sea.	whit:ExtremeDesert,Desert,BiomeAreeb,BiomeGRimberlands,BiomeGRimond,BiomeGRimworld,BiomeGrindland; coast=1..5
VEE_RisingWaters	Vanilla Landmarks Expanded	rising waters	An extremely flat coastal plain where the tides push far inland. Large stretches of land are regularly submerged.	maxHilliness=Flat; coast=1..5; cond:VEE_TidalFlooding
VEE_FleshPits	Vanilla Landmarks Expanded	flesh pits	A scattered network of anomalous cave entrances, leading to a subterranean realm of pulsating flesh and grotesque abominations.	
VEE_IceSpires	Vanilla Landmarks Expanded	ice spires	Tall, narrow columns of ice rise from the frozen ground, shaped by wind and extreme cold.	whit:SeaIce,IceSheet,BiomeGRimonade,BiomeArcticOasis; maxHilliness=Flat; coast=0..0
VEE_GlacialMoraine	Vanilla Landmarks Expanded	glacial moraine	Long ridges of rock and sediment left behind by retreating ice. The ground is uneven and unstable, full of ponds of melted glacial water.	whit:IceSheet,GlacialPlain,BiomeGRimonade,BiomeArcticOasis; maxHilliness=Flat; coast=0..0
VEE_TropicalBeach	Vanilla Landmarks Expanded	tropical beach	A warm coastal region shaped by steady tides and seasonal storms. Sandy beaches and shallow waters support dense vegetation along the shoreline.	whit:TropicalRainforest,BiomeAreeb,BiomeCypreJungle,BiomeGRimberlands,BiomeGRimond,BiomeGRimphire,BiomeGRuby; coast=1..5
VEE_TropicalBeachFlora	Vanilla Landmarks Expanded	tropical beach flora	This region is rich in palm trees, including cocoa trees, screw pines and date palms.	whit:TropicalRainforest,BiomeAreeb,BiomeCypreJungle,BiomeGRimberlands,BiomeGRimond,BiomeGRimphire,BiomeGRuby
VEE_Mossy	Vanilla Landmarks Expanded	mossy	This area contains large patches of mossy soil.	poll=0..0.25; whit:TropicalRainforest,BiomeCypreJungle,BiomeGRimethyst,BiomeGRuby,BiomeToxlands,BiomeGRimerald
VEE_LaurelForest	Vanilla Landmarks Expanded	laurel forest	A dense evergreen forest thriving in mild temperatures and constant humidity. Broad-leaved trees trap moisture from passing clouds, keeping the ground shaded and damp year-round.	whit:TropicalRainforest,BiomeCypreJungle,BiomeGRimethyst,BiomeGRuby,BiomeGRimberlands,BiomeGRimerald
VEE_Moor	Vanilla Landmarks Expanded	moor	An open, windswept landscape of low shrubs and grasses growing over waterlogged soil. The ground is peaty and uneven, shaped by constant exposure and poor drainage.	whit:ColdBog,BiomeGRimethyst,BiomeGRuby
VEE_MoorFlora	Vanilla Landmarks Expanded	moor plants	This region is rich in low, hardy shrubs and grasses mingled with twisted, gnarled pines, all adapted to acidic, waterlogged soil and constant wind.	whit:ColdBog,BiomeGRimethyst,BiomeGRuby,BiomeAreeb,BiomeCypreJungle,BiomeMist
VEE_LushLavaFields	Vanilla Landmarks Expanded	lush lava fields	Ancient lava flows broken by cracks and cooled rock now support dense vegetation. Heat lingers beneath the surface, creating a strange landscape where living growth spreads across black stone.	whit:LavaField,BiomeGRimworld,BiomeGrindland
VEE_FirewoodTrees	Vanilla Landmarks Expanded	firewood trees	This region is rich in firewood trees, adapted to fertile volcanic terrain.	whit:LavaField,BiomeGRimphire
VEE_BombardedSurface	Vanilla Landmarks Expanded	bombarded surface	This region was subject to orbital or artillery bombardment in a past long gone, and the craters from that bombardment are still present.	freeChance=0.01
VEE_MechanoidShipChunks	Vanilla Landmarks Expanded	mechanoid chunks	Chunks of a crashed mechanoid ship are found around this region.	freeChance=0.01
VEE_LargerRegion	Vanilla Landmarks Expanded	larger region	This region is 30% larger than usual.	freeChance=0.05
VEE_SmallerRegion	Vanilla Landmarks Expanded	smaller region	This region is 30% smaller than usual.	freeChance=0.05
VEE_PlantLife_Overgrown	Vanilla Landmarks Expanded	overgrown	Plant life is extremely more abundant here.	poll=0..0.01; blac:IceSheet,SeaIce,ExtremeDesert,Scarlands; freeChance=0.02
VEE_PlantLife_Decimated	Vanilla Landmarks Expanded	decimated	Plant life is extremely scarce here.	freeChance=0.005
VEE_WildRice	Vanilla Landmarks Expanded	wild rice	This area can grow a large number of wild {0}.	poll=0..0.25; blac:IceSheet,SeaIce,ExtremeDesert; freeChance=0.01
VEE_WildWheat	Vanilla Landmarks Expanded	wild wheat	This area can grow a large number of wild {0}.	poll=0..0.25; blac:IceSheet,SeaIce,ExtremeDesert; freeChance=0.01
VEE_NoTrees	Vanilla Landmarks Expanded	lack of trees	Trees of any kind do not grow here naturally.	blac:IceSheet,SeaIce,ExtremeDesert,Glowforest; freeChance=0.01
VEE_PoisonousFlora	Vanilla Landmarks Expanded	poisonous flora	Harvesting any flora in this area will cause toxic buildup. Crops planted by colonists won't be affected.	blac:IceSheet,SeaIce; freeChance=0.01
VEE_MangroveTrees	Vanilla Landmarks Expanded	mangrove trees	This area is filled with large amounts of mangrove trees whose roots can thrive in brackish water.	poll=0..0.25; blac:IceSheet,SeaIce,ExtremeDesert; coast=1..6; freeChance=0.01
VEE_Blooming_Buttercup	Vanilla Landmarks Expanded	blooming buttercups	This area can grow a large number of colorful wild buttercups.	poll=0..0.25; whit:TemperateForest,TemperateSwamp,Grasslands,BiomeCypreJungle,BiomeGRimerald,BiomeGRuquoise,BiomeGRimethyst,BiomeGRimberlands,BiomeArcticOasis; freeChance=0.01
VEE_Blooming_ForgetMeNot	Vanilla Landmarks Expanded	blooming forget-me-nots	This area can grow a large number of colorful wild forget-me-nots.	poll=0..0.25; whit:TemperateForest,TemperateSwamp,Grasslands,BiomeCypreJungle,BiomeGRimerald,BiomeGRuquoise,BiomeGRimethyst,BiomeGRimberlands,BiomeArcticOasis,BiomeCypreJungle,BiomeGRimerald,BiomeGRuquoise,BiomeGRimethyst,BiomeGRimberlands,BiomeArcticOasis,BiomeGRuby; freeChance=0.01
VEE_Blooming_Knapweed	Vanilla Landmarks Expanded	blooming knapweed	This area can grow a large number of colorful wild knapweed.	poll=0..0.25; whit:TemperateForest,TemperateSwamp,Grasslands; freeChance=0.01
VEE_Blooming_Loosestrife	Vanilla Landmarks Expanded	blooming loosestrife	This area can grow a large number of colorful wild loosestrife.	poll=0..0.25; whit:TemperateForest,TemperateSwamp,Grasslands,BiomeCypreJungle,BiomeGRimerald,BiomeGRuquoise,BiomeGRimethyst,BiomeGRimberlands,BiomeArcticOasis; freeChance=0.01
VEE_Cactus_Barrel	Vanilla Landmarks Expanded	barrel cacti	This area can grow a large number of wild barrel cacti.	poll=0..0.25; whit:Desert,AridShrubland,BiomeAreeb,BiomeGRimberlands,BiomeGRimond; freeChance=0.01
VEE_Cactus_Beavertail	Vanilla Landmarks Expanded	beavertail cacti	This area can grow a large number of wild beavertail cacti.	poll=0..0.25; whit:Desert,AridShrubland,BiomeAreeb,BiomeGRimberlands,BiomeGRimond; freeChance=0.01
VEE_Cactus_Hedgehog	Vanilla Landmarks Expanded	hedgehog cacti	This area can grow a large number of wild hedgehog cacti.	poll=0..0.25; whit:Desert,AridShrubland,BiomeAreeb,BiomeGRimberlands,BiomeGRimond; freeChance=0.01
VEE_Cactus_OrganPipe	Vanilla Landmarks Expanded	organ pipe cacti	This area can grow a large number of wild organ pipe cacti.	poll=0..0.25; whit:Desert,AridShrubland,BiomeAreeb,BiomeGRimberlands,BiomeGRimond; freeChance=0.01
VEE_WildSucculents	Vanilla Landmarks Expanded	wild succulents	This area can grow a large number of wild {0}.	poll=0..0.25; blac:IceSheet,SeaIce,Tundra,BorealForest,ColdBog,GlacialPlain; freeChance=0.01
VEE_AuburnTree_Oaks	Vanilla Landmarks Expanded	auburn oaks	In this forested area many trees remain locked in shades of red and gold, as if autumn never fully passes.	poll=0..0.25; whit:TemperateForest,TemperateSwamp,BorealForest,Tundra,BiomeArcticOasis,BiomeGRimerald,BiomeGRuquoise,BiomeGRimethyst; freeChance=0.01
VEE_AuburnTree_Poplars	Vanilla Landmarks Expanded	auburn poplars	In this forested area many trees remain locked in shades of red and gold, as if autumn never fully passes.	poll=0..0.25; whit:TemperateForest,TemperateSwamp,BorealForest,Tundra,BiomeArcticOasis,BiomeGRimerald,BiomeGRuquoise,BiomeGRimethyst; freeChance=0.01
VEE_AuburnTree_Maples	Vanilla Landmarks Expanded	auburn maples	In this forested area many trees remain locked in shades of red and gold, as if autumn never fully passes.	poll=0..0.25; whit:TemperateForest,TemperateSwamp,BorealForest,Tundra,BiomeArcticOasis,BiomeGRimerald,BiomeGRuquoise,BiomeGRimethyst; freeChance=0.01
VEE_AuburnTree_Birches	Vanilla Landmarks Expanded	auburn birches	In this forested area many trees remain locked in shades of red and gold, as if autumn never fully passes.	poll=0..0.25; whit:TemperateForest,TemperateSwamp,BorealForest,Tundra,BiomeArcticOasis,BiomeGRimerald,BiomeGRuquoise,BiomeGRimethyst; freeChance=0.01
VEE_Mycelium	Vanilla Landmarks Expanded	mycelium	A variety of light-resistant mushrooms similar to the ones growing in glowforests are common in this area.	blac:IceSheet,SeaIce,ExtremeDesert,Glowforest; freeChance=0.01
VEE_PlentifulGrass	Vanilla Landmarks Expanded	plentiful grass	Grass is very common in this region.	whit:TemperateForest,BiomeArcticOasis,BiomeGRimerald; freeChance=0.01
VEE_NoWind	Vanilla Landmarks Expanded	no wind	Winds are virtually absent in this region.	cond:VEE_NoWind; wx:Windy x1 +0; freeChance=0.01
VEE_RagingWind	Vanilla Landmarks Expanded	raging winds	Winds are extraordinarily stronger in this area.	whit:AridShrubland,Desert,ExtremeDesert,IceSheet,SeaIce,Tundra,Grasslands,GlacialPlain,LavaField,Scarlands,BiomeAreeb,BiomeCypreJungle,BiomeGRimberlands,BiomeGRimethyst,BiomeGRimonade,BiomeGRimond,BiomeGRimphire,BiomeGRimworld,BiomeGRuquoise,BiomeMist,BiomeToxlands,BiomeGrindland; cond:VEE_RagingWind; wx:Windy x1 +10; freeChance=0.01
VEE_GeomagneticStorm	Vanilla Landmarks Expanded	geomagnetic storm	An intense geomagnetic event blankets the region, completely disabling all electrical devices.	cond:VEE_GeomagneticStorm; freeChance=0.01
VEE_SkygazingSpot	Vanilla Landmarks Expanded	skygazing spot	A serene atmospheric phenomenon encourages colonists to spend more time gazing at the sky. Increases the chance of skygazing and boosts the joy it provides.	cond:VEE_SkygazingSpot; freeChance=0.01
VEE_TornadoAlley	Vanilla Landmarks Expanded	tornado alley	Frequent and intense tornadoes sweep through this region, threatening the colony.	freeChance=0.02
VEE_Sandstorms	Vanilla Landmarks Expanded	sandstorms	Sandstorms are much more frequent in this area.	whit:AridShrubland,Desert,ExtremeDesert,Grasslands,TemperateForest,TemperateSwamp,TropicalRainforest,TropicalSwamp,BiomeAreeb,BiomeGRimworld,BiomeGRuquoise,BiomeMist,BiomeToxlands,BiomeGrindland; wx:Sandstorm x1 +10; freeChance=0.01
VEE_RottenStench	Vanilla Landmarks Expanded	rotten stench	Acrid vapors seep from the ground, blanketing the area in a foul smell that burns the lungs and sours the mood.	cond:VEE_RottenStench; freeChance=0.01
VEE_FertileRains	Vanilla Landmarks Expanded	fertile rains	This region is subject to unusually nutrient-rich rainfall, boosting plant growth for its duration.	temp=0..80; blac:Grasslands; freeChance=0.05
VEE_DustStorms	Vanilla Landmarks Expanded	dust storms	Dust storms that impede vision are much stronger in this area.	whit:AridShrubland,Desert,ExtremeDesert,Grasslands,LavaField,Scarlands,BiomeAreeb,BiomeGRimworld,BiomeGRuquoise,BiomeMist,BiomeToxlands,BiomeGrindland,BiomeGRimphire; wx:VEE_DustStorm x1 +10; freeChance=0.01
VEE_MoreSolarPower	Vanilla Landmarks Expanded	increased solar exposure	Insolation is stronger in this area, increasing the output of solar power by 25%.	blac:Glowforest,AB_RockyCrags; freeChance=0.01
VEE_LessSolarPower	Vanilla Landmarks Expanded	reduced solar exposure	Insolation is weaker in this area, reducing the output of solar power by 25%.	blac:Glowforest,AB_RockyCrags; freeChance=0.01
VEE_FrequentAuroras	Vanilla Landmarks Expanded	frequent auroras	Auroras happen much more often in this region.	blac:Glowforest,AB_RockyCrags
GL_BiomeTransitions	Biome Transitions			